18/12/2024 09:00,Belfast,Joan Stinchcomb,Regular Americano - 1.95,1.95,CASH,
18/12/2024 09:02,Belfast,Brian Holden,"Large Speciality Tea - English breakfast - 1.60, Regular Speciality Tea - Green - 1.30, Large Flavoured iced latte - Caramel - 3.25",6.15,CASH,
18/12/2024 09:04,Belfast,Harold Su,"Large Americano - 2.25, Regular Flavoured latte - Gingerbread - 2.55, Regular Filter coffee - 1.50, Regular Americano - 1.95, Regular Glass of milk - 0.70",8.95,CARD,5837191002743540
18/12/2024 09:06,Belfast,Christopher Gray,"Regular Luxury hot chocolate - 2.40, Large Luxury hot chocolate - 2.70",5.1,CARD,1471469383013650
18/12/2024 09:09,Belfast,Olga Guadalupe,"Regular Speciality Tea - Green - 1.30, Large Speciality Tea - English breakfast - 1.60, Regular Speciality Tea - Green - 1.30",4.2,CARD,5226586493003793
18/12/2024 09:11,Belfast,Lisa Rollins,Regular Americano - 1.95,1.95,CARD,1433003511450350
18/12/2024 09:13,Belfast,Debbie Frank,"Regular Glass of milk - 0.70, Regular Glass of milk - 0.70, Large Americano - 2.25, Large Flavoured iced latte - Caramel - 3.25, Regular Luxury hot chocolate - 2.40",9.3,CASH,
18/12/2024 09:16,Belfast,Addie Harber,"Regular Speciality Tea - English breakfast - 1.30, Large Flavoured latte - Gingerbread - 2.85",4.15,CASH,
18/12/2024 09:18,Belfast,Jessica Williams,"Large Speciality Tea - English breakfast - 1.60, Regular Flavoured iced latte - Caramel - 2.75, Regular Speciality Tea - Green - 1.30",5.65,CASH,
18/12/2024 09:20,Belfast,Gretchen Black,Large Filter coffee - 1.80,1.8,CARD,4175760988354923
18/12/2024 09:23,Belfast,Pamelia Jensen,"Large Speciality Tea - Green - 1.60, Large Speciality Tea - English breakfast - 1.60, Large Speciality Tea - Green - 1.60, Regular Speciality Tea - English breakfast - 1.30, Large Filter coffee - 1.80, Regular Flavoured latte - Gingerbread - 2.55",10.45,CARD,9473473921981747
18/12/2024 09:25,Belfast,Carmella Gott,"Regular Luxury hot chocolate - 2.40, Regular Glass of milk - 0.70, Regular Filter coffee - 1.50",4.6,CARD,9292385964219587
18/12/2024 09:27,Belfast,Lynn Roudabush,Regular Americano - 1.95,1.95,CARD,2104942851397887
18/12/2024 09:29,Belfast,Matthew Schoeck,"Regular Flavoured latte - Gingerbread - 2.55, Large Filter coffee - 1.80, Large Speciality Tea - Green - 1.60, Large Filter coffee - 1.80",7.75,CARD,3220167972742076
18/12/2024 09:32,Belfast,Daryl Rose,"Regular Flavoured iced latte - Caramel - 2.75, Large Americano - 2.25, Large Filter coffee - 1.80",6.8,CARD,4538913487025166
18/12/2024 09:34,Belfast,Patrick Harris,Large Luxury hot chocolate - 2.70,2.7,CARD,8469007936163624
18/12/2024 09:36,Belfast,Chong Latsha,"Large Flavoured iced latte - Caramel - 3.25, Large Speciality Tea - English breakfast - 1.60, Regular Flavoured latte - Gingerbread - 2.55",7.4,CARD,9070095484412203
18/12/2024 09:39,Belfast,Eugene Patton,Regular Glass of milk - 0.70,0.7,CASH,
18/12/2024 09:41,Belfast,Katie Cutler,"Regular Luxury hot chocolate - 2.40, Regular Americano - 1.95",4.35,CASH,
18/12/2024 09:43,Belfast,Benjamin Duggan,"Large Luxury hot chocolate - 2.70, Large Luxury hot chocolate - 2.70, Large Filter coffee - 1.80",7.2,CARD,2307320321896306
18/12/2024 09:46,Belfast,Dean Beale,"Large Speciality Tea - English breakfast - 1.60, Large Speciality Tea - English breakfast - 1.60",3.2,CARD,5973645553400364
18/12/2024 09:48,Belfast,Kristie Woolford,"Regular Speciality Tea - English breakfast - 1.30, Regular Speciality Tea - Green - 1.30, Regular Flavoured latte - Gingerbread - 2.55, Regular Speciality Tea - Green - 1.30",6.45,CASH,
18/12/2024 09:50,Belfast,John Maxfield,"Regular Flavoured latte - Gingerbread - 2.55, Large Filter coffee - 1.80, Large Speciality Tea - English breakfast - 1.60, Regular Speciality Tea - English breakfast - 1.30, Regular Americano - 1.95, Large Filter coffee - 1.80",11.0,CARD,1775172742995716
18/12/2024 09:52,Belfast,Craig Holgerson,"Large Flavoured latte - Gingerbread - 2.85, Large Speciality Tea - Green - 1.60, Large Glass of milk - 1.10, Large Glass of milk - 1.10",6.65,CARD,1576693439889001
18/12/2024 09:55,Belfast,Rita Torres,"Large Filter coffee - 1.80, Large Flavoured latte - Gingerbread - 2.85",4.65,CARD,9529353328101444
18/12/2024 09:57,Belfast,Jose Plater,"Large Glass of milk - 1.10, Regular Luxury hot chocolate - 2.40, Large Flavoured iced latte - Caramel - 3.25",6.75,CARD,3528108565038533
18/12/2024 09:59,Belfast,Demetrius Davis,Large Luxury hot chocolate - 2.70,2.7,CASH,
18/12/2024 10:02,Belfast,Eddie Miles,"Large Speciality Tea - English breakfast - 1.60, Large Americano - 2.25, Regular Glass of milk - 0.70, Regular Americano - 1.95, Large Speciality Tea - Green - 1.60",8.1,CASH,
18/12/2024 10:03,Belfast,Ryan Taylor,Regular Speciality Tea - English breakfast - 1.30,1.3,CASH,
18/12/2024 10:04,Belfast,Garth Largent,Regular Filter coffee - 1.50,1.5,CARD,3257354713412750
18/12/2024 10:05,Belfast,James Mitchell,"Regular Flavoured iced latte - Caramel - 2.75, Large Glass of milk - 1.10, Regular Americano - 1.95",5.8,CASH,
18/12/2024 10:06,Belfast,Christi Dixion,"Regular Americano - 1.95, Regular Speciality Tea - Green - 1.30, Large Filter coffee - 1.80, Regular Filter coffee - 1.50",6.55,CARD,2055737293519075
18/12/2024 10:07,Belfast,Lauren Burwell,"Large Flavoured latte - Gingerbread - 2.85, Large Filter coffee - 1.80",4.65,CARD,9554370284542149
18/12/2024 10:09,Belfast,Joe Rogers,"Regular Filter coffee - 1.50, Large Speciality Tea - Green - 1.60",3.1,CARD,4656038789228638
18/12/2024 10:10,Belfast,Dean Harper,Large Speciality Tea - English breakfast - 1.60,1.6,CARD,3324271374699860
18/12/2024 10:11,Belfast,Marilyn Farrow,"Regular Speciality Tea - Green - 1.30, Large Americano - 2.25, Regular Speciality Tea - English breakfast - 1.30, Large Flavoured latte - Gingerbread - 2.85, Regular Filter coffee - 1.50",9.2,CASH,
18/12/2024 10:12,Belfast,Jose Schatzman,"Regular Filter coffee - 1.50, Large Americano - 2.25, Regular Americano - 1.95",5.7,CARD,8734225574272854
18/12/2024 10:13,Belfast,Pete Abdullah,"Large Americano - 2.25, Regular Filter coffee - 1.50",3.75,CARD,8173836598150797
18/12/2024 10:14,Belfast,Amos Virgen,"Large Speciality Tea - Green - 1.60, Large Americano - 2.25, Large Glass of milk - 1.10, Large Filter coffee - 1.80",6.75,CARD,1013362041101085
18/12/2024 10:15,Belfast,Ryan Zahn,"Regular Glass of milk - 0.70, Large Americano - 2.25",2.95,CASH,
18/12/2024 10:17,Belfast,Mark Eld,"Regular Speciality Tea - Green - 1.30, Large Americano - 2.25",3.55,CARD,7038279985863605
18/12/2024 10:18,Belfast,Ella Johnson,"Regular Glass of milk - 0.70, Large Filter coffee - 1.80, Regular Flavoured iced latte - Caramel - 2.75, Regular Speciality Tea - English breakfast - 1.30, Regular Speciality Tea - Green - 1.30",7.85,CASH,
18/12/2024 10:19,Belfast,Patricia Truitt,"Regular Flavoured latte - Gingerbread - 2.55, Large Luxury hot chocolate - 2.70",5.25,CARD,2328815751682900
18/12/2024 10:20,Belfast,Valerie Templeton,"Regular Speciality Tea - English breakfast - 1.30, Large Flavoured latte - Gingerbread - 2.85",4.15,CARD,6519966791982290
18/12/2024 10:21,Belfast,Paul Behr,"Large Speciality Tea - English breakfast - 1.60, Large Flavoured latte - Gingerbread - 2.85",4.45,CARD,6685407974904124
18/12/2024 10:22,Belfast,Jennifer Garcia,"Large Glass of milk - 1.10, Large Speciality Tea - Green - 1.60, Regular Americano - 1.95, Large Speciality Tea - Green - 1.60",6.25,CASH,
18/12/2024 10:23,Belfast,William Vann,Large Flavoured latte - Gingerbread - 2.85,2.85,CARD,7545472216872457
18/12/2024 10:25,Belfast,Bret Alegria,"Regular Speciality Tea - English breakfast - 1.30, Regular Filter coffee - 1.50",2.8,CARD,2083639724363800
18/12/2024 10:26,Belfast,Susan Cox,"Regular Flavoured latte - Gingerbread - 2.55, Regular Flavoured latte - Gingerbread - 2.55",5.1,CASH,
18/12/2024 10:27,Belfast,Margaret Boles,"Large Glass of milk - 1.10, Regular Filter coffee - 1.50, Regular Speciality Tea - Green - 1.30, Large Speciality Tea - Green - 1.60, Regular Flavoured latte - Gingerbread - 2.55",8.05,CASH,
18/12/2024 10:28,Belfast,Laura Darden,"Large Flavoured latte - Gingerbread - 2.85, Regular Speciality Tea - Green - 1.30",4.15,CARD,8754369642405285
18/12/2024 10:29,Belfast,Ginger Mccartney,"Regular Flavoured latte - Gingerbread - 2.55, Large Luxury hot chocolate - 2.70, Large Americano - 2.25, Regular Filter coffee - 1.50",9.0,CARD,6776837095339818
18/12/2024 10:30,Belfast,Jean Herd,"Regular Luxury hot chocolate - 2.40, Large Flavoured iced latte - Caramel - 3.25",5.65,CASH,
18/12/2024 10:32,Belfast,Marie Smith,"Large Flavoured iced latte - Caramel - 3.25, Regular Speciality Tea - Green - 1.30",4.55,CARD,2690621014535508
18/12/2024 10:33,Belfast,Jessie Clark,"Regular Glass of milk - 0.70, Large Speciality Tea - English breakfast - 1.60, Large Flavoured latte - Gingerbread - 2.85, Large Americano - 2.25",7.4,CARD,9972389536506504
18/12/2024 10:34,Belfast,Leslie Lehtonen,"Regular Filter coffee - 1.50, Large Filter coffee - 1.80, Large Flavoured iced latte - Caramel - 3.25",6.55,CARD,5264168150559350
18/12/2024 10:35,Belfast,Patricia Fulton,Large Flavoured iced latte - Caramel - 3.25,3.25,CARD,4096341345747696
18/12/2024 10:36,Belfast,Marry Quarles,"Regular Speciality Tea - English breakfast - 1.30, Large Speciality Tea - English breakfast - 1.60",2.9,CARD,9628829977670121
18/12/2024 10:37,Belfast,Lori Williams,Large Filter coffee - 1.80,1.8,CARD,8683356872772493
18/12/2024 10:38,Belfast,Crystal Debar,"Regular Speciality Tea - English breakfast - 1.30, Regular Flavoured latte - Gingerbread - 2.55, Regular Filter coffee - 1.50",5.35,CASH,
18/12/2024 10:40,Belfast,Dianne Jackson,"Regular Speciality Tea - Green - 1.30, Large Luxury hot chocolate - 2.70",4.0,CARD,2016545206664827
18/12/2024 10:41,Belfast,Carlos Stonge,"Regular Filter coffee - 1.50, Large Speciality Tea - Green - 1.60",3.1,CARD,1925389037987298
18/12/2024 10:42,Belfast,Rebecca Green,"Regular Americano - 1.95, Large Glass of milk - 1.10, Large Speciality Tea - English breakfast - 1.60, Regular Speciality Tea - Green - 1.30",5.95,CARD,8681306705743220
18/12/2024 10:43,Belfast,Juliana Daye,"Regular Luxury hot chocolate - 2.40, Regular Filter coffee - 1.50",3.9,CASH,
18/12/2024 10:44,Belfast,Richard Gonzalez,Regular Speciality Tea - English breakfast - 1.30,1.3,CARD,1509873158962588
18/12/2024 10:45,Belfast,Celia Ferguson,"Large Glass of milk - 1.10, Regular Glass of milk - 0.70, Regular Americano - 1.95, Large Flavoured iced latte - Caramel - 3.25",7.0,CASH,
18/12/2024 10:46,Belfast,Stacey Laurent,"Large Flavoured latte - Gingerbread - 2.85, Regular Flavoured iced latte - Caramel - 2.75",5.6,CARD,5662704811465663
18/12/2024 10:48,Belfast,Esther Delrio,"Large Speciality Tea - Green - 1.60, Large Speciality Tea - English breakfast - 1.60, Large Flavoured latte - Gingerbread - 2.85, Regular Luxury hot chocolate - 2.40",8.45,CASH,
18/12/2024 10:49,Belfast,Jimmy Bennett,"Large Flavoured iced latte - Caramel - 3.25, Large Speciality Tea - Green - 1.60, Regular Speciality Tea - Green - 1.30",6.15,CARD,1021857335749706
18/12/2024 10:50,Belfast,Steven Moon,Regular Glass of milk - 0.70,0.7,CASH,
18/12/2024 10:51,Belfast,George Sundermeyer,"Regular Americano - 1.95, Large Americano - 2.25",4.2,CASH,
18/12/2024 10:52,Belfast,Stacy Mendenhall,"Regular Filter coffee - 1.50, Large Americano - 2.25, Large Glass of milk - 1.10",4.85,CARD,2320640071063109
18/12/2024 10:53,Belfast,Ashley Bass,"Regular Americano - 1.95, Large Americano - 2.25, Large Luxury hot chocolate - 2.70, Large Flavoured latte - Gingerbread - 2.85, Large Glass of milk - 1.10, Large Flavoured iced latte - Caramel - 3.25",14.1,CARD,6247805491418592
18/12/2024 10:55,Belfast,Brenda Deluca,"Regular Americano - 1.95, Regular Glass of milk - 0.70",2.65,CASH,
18/12/2024 10:56,Belfast,Danica Freeman,"Regular Americano - 1.95, Large Flavoured iced latte - Caramel - 3.25",5.2,CARD,9773198873708219
18/12/2024 10:57,Belfast,Jackie Rojo,"Large Filter coffee - 1.80, Regular Luxury hot chocolate - 2.40, Regular Glass of milk - 0.70, Regular Flavoured iced latte - Caramel - 2.75, Regular Filter coffee - 1.50",9.15,CASH,
18/12/2024 10:58,Belfast,Ruth Coyne,"Large Speciality Tea - English breakfast - 1.60, Large Americano - 2.25, Large Speciality Tea - English breakfast - 1.60",5.45,CARD,5772248652740997
18/12/2024 10:59,Belfast,Benny Austin,"Regular Americano - 1.95, Large Luxury hot chocolate - 2.70, Large Flavoured latte - Gingerbread - 2.85",7.5,CARD,4949270252227311
18/12/2024 11:00,Belfast,Brian Thomas,"Large Filter coffee - 1.80, Large Luxury hot chocolate - 2.70, Large Speciality Tea - Green - 1.60",6.1,CARD,1771883133926862
18/12/2024 11:02,Belfast,Marguerite Combest,"Regular Filter coffee - 1.50, Regular Speciality Tea - English breakfast - 1.30, Large Speciality Tea - Green - 1.60, Large Luxury hot chocolate - 2.70, Large Filter coffee - 1.80, Large Americano - 2.25",11.15,CARD,8870707219585456
18/12/2024 11:04,Belfast,Cheryl Hoff,Regular Speciality Tea - Green - 1.30,1.3,CARD,6716624471976598
18/12/2024 11:06,Belfast,Patricia Lorge,"Regular Speciality Tea - English breakfast - 1.30, Regular Filter coffee - 1.50",2.8,CASH,
18/12/2024 11:08,Belfast,Joshua Howington,Regular Luxury hot chocolate - 2.40,2.4,CARD,9517096292044647
18/12/2024 11:10,Belfast,William Docken,Large Filter coffee - 1.80,1.8,CARD,7040997278038458
18/12/2024 11:12,Belfast,Brandon Sparks,"Large Luxury hot chocolate - 2.70, Regular Speciality Tea - Green - 1.30",4.0,CARD,5399840945483307
18/12/2024 11:14,Belfast,Julie Delacruz,"Regular Speciality Tea - English breakfast - 1.30, Large Filter coffee - 1.80, Large Flavoured iced latte - Caramel - 3.25",6.35,CARD,3611560340916674
18/12/2024 11:16,Belfast,Ruth Wild,"Regular Luxury hot chocolate - 2.40, Regular Glass of milk - 0.70, Regular Americano - 1.95",5.05,CARD,7476400919961126
18/12/2024 11:18,Belfast,Emma Hommel,Regular Americano - 1.95,1.95,CARD,2056607920327155
18/12/2024 11:20,Belfast,Ezra Williams,"Regular Glass of milk - 0.70, Large Speciality Tea - English breakfast - 1.60, Regular Luxury hot chocolate - 2.40",4.7,CARD,3108260897411889
18/12/2024 11:22,Belfast,Clarence Baines,"Large Filter coffee - 1.80, Large Flavoured latte - Gingerbread - 2.85, Large Glass of milk - 1.10, Large Americano - 2.25",8.0,CASH,
18/12/2024 11:24,Belfast,Janice Lewis,Large Luxury hot chocolate - 2.70,2.7,CARD,9340574814938969
18/12/2024 11:26,Belfast,Dolores Chambers,"Regular Speciality Tea - English breakfast - 1.30, Large Luxury hot chocolate - 2.70, Large Speciality Tea - English breakfast - 1.60",5.6,CARD,4702592811022152
18/12/2024 11:28,Belfast,Debra Goolsby,"Large Speciality Tea - Green - 1.60, Regular Flavoured iced latte - Caramel - 2.75, Regular Flavoured iced latte - Caramel - 2.75, Large Americano - 2.25",9.35,CARD,1918041687433523
18/12/2024 11:30,Belfast,Kevin Rogers,"Regular Glass of milk - 0.70, Regular Flavoured latte - Gingerbread - 2.55",3.25,CARD,6157178723992522
18/12/2024 11:32,Belfast,Arlene Smith,"Large Flavoured latte - Gingerbread - 2.85, Regular Speciality Tea - Green - 1.30, Large Glass of milk - 1.10, Large Flavoured latte - Gingerbread - 2.85",8.1,CARD,5115545882861985
18/12/2024 11:34,Belfast,Virginia Mugrage,"Regular Flavoured latte - Gingerbread - 2.55, Regular Flavoured latte - Gingerbread - 2.55",5.1,CARD,7136507361224248
18/12/2024 11:36,Belfast,Israel Mcinturff,"Large Glass of milk - 1.10, Regular Flavoured iced latte - Caramel - 2.75, Large Flavoured iced latte - Caramel - 3.25, Regular Americano - 1.95, Regular Flavoured iced latte - Caramel - 2.75",11.8,CASH,
18/12/2024 11:38,Belfast,Kevin Tice,"Large Flavoured latte - Gingerbread - 2.85, Large Filter coffee - 1.80",4.65,CARD,7394721971334161
18/12/2024 11:40,Belfast,Donald Hepler,"Regular Glass of milk - 0.70, Regular Speciality Tea - English breakfast - 1.30",2.0,CARD,1858366716074452
18/12/2024 11:42,Belfast,Heidi Ortiz,Large Speciality Tea - English breakfast - 1.60,1.6,CARD,3678432896256818
18/12/2024 11:44,Belfast,Stephani Boccella,"Large Glass of milk - 1.10, Large Luxury hot chocolate - 2.70, Large Speciality Tea - English breakfast - 1.60, Large Glass of milk - 1.10, Large Flavoured iced latte - Caramel - 3.25, Large Speciality Tea - Green - 1.60",11.35,CASH,
18/12/2024 11:46,Belfast,James Nee,"Regular Americano - 1.95, Large Filter coffee - 1.80, Large Speciality Tea - Green - 1.60, Large Americano - 2.25, Large Americano - 2.25",9.85,CASH,
18/12/2024 11:48,Belfast,Florence Crabtree,Regular Flavoured latte - Gingerbread - 2.55,2.55,CARD,4347756514680718
18/12/2024 11:50,Belfast,Carla Cates,"Large Filter coffee - 1.80, Large Speciality Tea - English breakfast - 1.60, Large Americano - 2.25, Large Luxury hot chocolate - 2.70",8.35,CARD,4583759422690624
18/12/2024 11:52,Belfast,Ashley Bernhart,"Regular Speciality Tea - Green - 1.30, Regular Filter coffee - 1.50, Large Flavoured latte - Gingerbread - 2.85",5.65,CARD,9641364247974335
18/12/2024 11:54,Belfast,James Kornreich,Large Speciality Tea - Green - 1.60,1.6,CARD,4328294699809701
18/12/2024 11:56,Belfast,Willie Horner,"Large Speciality Tea - English breakfast - 1.60, Large Filter coffee - 1.80, Regular Speciality Tea - Green - 1.30, Regular Americano - 1.95, Regular Speciality Tea - Green - 1.30",7.95,CARD,2023364634308569
18/12/2024 11:58,Belfast,Beth Hutchens,"Large Filter coffee - 1.80, Large Glass of milk - 1.10, Regular Americano - 1.95",4.85,CARD,8370359760532827
18/12/2024 12:00,Belfast,Brian Johnson,"Large Glass of milk - 1.10, Large Speciality Tea - English breakfast - 1.60, Regular Speciality Tea - Green - 1.30",4.0,CARD,4043827423505464
18/12/2024 12:07,Belfast,James Binkley,"Large Flavoured iced latte - Caramel - 3.25, Large Flavoured iced latte - Caramel - 3.25",6.5,CARD,9639369360227419
18/12/2024 12:14,Belfast,Lance Schroeder,Large Glass of milk - 1.10,1.1,CARD,3845608672150269
18/12/2024 12:20,Belfast,Robin Larkin,Large Glass of milk - 1.10,1.1,CARD,4063644431703958
18/12/2024 12:27,Belfast,John Brown,"Large Americano - 2.25, Regular Filter coffee - 1.50, Large Glass of milk - 1.10",4.85,CARD,2307025969206040
18/12/2024 12:34,Belfast,Carl Devalk,"Large Speciality Tea - English breakfast - 1.60, Large Flavoured latte - Gingerbread - 2.85",4.45,CARD,8991410563731629
18/12/2024 12:40,Belfast,Susan Olm,Large Speciality Tea - Green - 1.60,1.6,CASH,
18/12/2024 12:47,Belfast,Katherine Hernandez,"Regular Filter coffee - 1.50, Large Speciality Tea - English breakfast - 1.60",3.1,CARD,3070258606912868
18/12/2024 12:54,Belfast,Clifford Clement,Large Flavoured latte - Gingerbread - 2.85,2.85,CASH,
18/12/2024 13:00,Belfast,William Fehrle,"Regular Speciality Tea - English breakfast - 1.30, Large Americano - 2.25, Regular Speciality Tea - English breakfast - 1.30",4.85,CARD,5277511497831640
18/12/2024 13:02,Belfast,Phyllis Freeman,"Regular Filter coffee - 1.50, Large Flavoured latte - Gingerbread - 2.85, Large Flavoured iced latte - Caramel - 3.25",7.6,CARD,3512151544422917
18/12/2024 13:03,Belfast,Larry Ogden,"Regular Filter coffee - 1.50, Regular Americano - 1.95",3.45,CASH,
18/12/2024 13:04,Belfast,Bernard Bain,"Large Filter coffee - 1.80, Regular Speciality Tea - Green - 1.30",3.1,CARD,6616767672272152
18/12/2024 13:05,Belfast,Bernard Gutshall,"Large Flavoured latte - Gingerbread - 2.85, Large Speciality Tea - English breakfast - 1.60, Regular Speciality Tea - Green - 1.30, Regular Speciality Tea - English breakfast - 1.30",7.05,CASH,
18/12/2024 13:07,Belfast,Cynthia Bates,"Large Flavoured latte - Gingerbread - 2.85, Regular Flavoured latte - Gingerbread - 2.55",5.4,CARD,2359650219945927
18/12/2024 13:08,Belfast,Darlene Blosser,"Large Flavoured iced latte - Caramel - 3.25, Large Americano - 2.25, Large Speciality Tea - English breakfast - 1.60, Regular Filter coffee - 1.50",8.6,CARD,3515766451661864
18/12/2024 13:09,Belfast,Barbara Phillips,"Large Flavoured latte - Gingerbread - 2.85, Large Glass of milk - 1.10",3.95,CASH,
18/12/2024 13:10,Belfast,Joseph Jemison,"Large Luxury hot chocolate - 2.70, Large Filter coffee - 1.80",4.5,CARD,3444446648030006
18/12/2024 13:12,Belfast,Zane Polhemus,"Large Flavoured iced latte - Caramel - 3.25, Regular Flavoured latte - Gingerbread - 2.55",5.8,CARD,7429127689607612
18/12/2024 13:13,Belfast,Robert Luciano,"Large Americano - 2.25, Large Speciality Tea - English breakfast - 1.60",3.85,CARD,8938222260032220
18/12/2024 13:14,Belfast,Sheryl Spence,"Regular Speciality Tea - Green - 1.30, Regular Luxury hot chocolate - 2.40, Large Luxury hot chocolate - 2.70, Regular Americano - 1.95",8.35,CARD,4695609997291872
18/12/2024 13:15,Belfast,Dortha Bell,"Regular Glass of milk - 0.70, Regular Speciality Tea - Green - 1.30, Regular Flavoured latte - Gingerbread - 2.55",4.55,CARD,8064145464800645
18/12/2024 13:17,Belfast,Lauren Lee,"Large Speciality Tea - Green - 1.60, Regular Americano - 1.95",3.55,CARD,6290725622433834
18/12/2024 13:18,Belfast,Lawrence Smith,"Large Luxury hot chocolate - 2.70, Regular Filter coffee - 1.50, Regular Americano - 1.95",6.15,CASH,
18/12/2024 13:19,Belfast,Charles Aponte,"Large Speciality Tea - English breakfast - 1.60, Regular Flavoured latte - Gingerbread - 2.55, Large Flavoured latte - Gingerbread - 2.85",7.0,CARD,9004367233385398
18/12/2024 13:21,Belfast,Gregory Burks,Regular Luxury hot chocolate - 2.40,2.4,CARD,4334758827609887
18/12/2024 13:22,Belfast,Marlin Shannon,Large Americano - 2.25,2.25,CARD,2150076228864876
18/12/2024 13:23,Belfast,Joe Ace,"Regular Flavoured latte - Gingerbread - 2.55, Regular Speciality Tea - English breakfast - 1.30",3.85,CARD,3348492891227306
18/12/2024 13:24,Belfast,Jennifer Gardner,"Regular Filter coffee - 1.50, Regular Speciality Tea - Green - 1.30, Large Filter coffee - 1.80, Large Glass of milk - 1.10",5.7,CARD,5406014345771197
18/12/2024 13:26,Belfast,Edwin Wallace,"Large Filter coffee - 1.80, Regular Flavoured iced latte - Caramel - 2.75",4.55,CARD,4607395003760959
18/12/2024 13:27,Belfast,Marshall Wolfe,"Regular Flavoured latte - Gingerbread - 2.55, Large Filter coffee - 1.80",4.35,CARD,4119607147628427
18/12/2024 13:28,Belfast,James Hodges,Regular Flavoured latte - Gingerbread - 2.55,2.55,CARD,3733841300960304
18/12/2024 13:29,Belfast,John Price,Large Americano - 2.25,2.25,CARD,8696472391757529
18/12/2024 13:31,Belfast,Rebecca Martin,"Large Americano - 2.25, Regular Filter coffee - 1.50",3.75,CASH,
18/12/2024 13:32,Belfast,Jay Evans,Large Glass of milk - 1.10,1.1,CARD,2311217862481800
18/12/2024 13:33,Belfast,Sandra Polland,"Large Flavoured iced latte - Caramel - 3.25, Regular Americano - 1.95, Large Glass of milk - 1.10",6.3,CASH,
18/12/2024 13:34,Belfast,Richard Gallagher,Regular Filter coffee - 1.50,1.5,CARD,1799960043473060
18/12/2024 13:36,Belfast,William Fox,"Regular Americano - 1.95, Regular Americano - 1.95",3.9,CASH,
18/12/2024 13:37,Belfast,Henry Merrill,Regular Filter coffee - 1.50,1.5,CARD,6883121303563228
18/12/2024 13:38,Belfast,William Baxley,Regular Filter coffee - 1.50,1.5,CASH,
18/12/2024 13:40,Belfast,Louis Harris,"Large Luxury hot chocolate - 2.70, Regular Speciality Tea - English breakfast - 1.30, Regular Filter coffee - 1.50",5.5,CARD,6994668440869539
18/12/2024 13:41,Belfast,James Fields,"Large Flavoured iced latte - Caramel - 3.25, Regular Flavoured latte - Gingerbread - 2.55",5.8,CARD,7044709298477125
18/12/2024 13:42,Belfast,Raymond Condict,"Large Americano - 2.25, Large Luxury hot chocolate - 2.70, Large Flavoured latte - Gingerbread - 2.85, Large Speciality Tea - English breakfast - 1.60",9.4,CARD,9560026264553881
18/12/2024 13:43,Belfast,Kip Wiggins,"Regular Filter coffee - 1.50, Regular Luxury hot chocolate - 2.40",3.9,CARD,7140877390319712
18/12/2024 13:45,Belfast,Joe Dennis,"Large Speciality Tea - English breakfast - 1.60, Large Speciality Tea - Green - 1.60, Regular Luxury hot chocolate - 2.40",5.6,CARD,4587290633974158
18/12/2024 13:46,Belfast,Walter Green,"Regular Luxury hot chocolate - 2.40, Large Speciality Tea - English breakfast - 1.60",4.0,CARD,8694286908506267
18/12/2024 13:47,Belfast,Michael Mccleese,"Large Glass of milk - 1.10, Regular Americano - 1.95",3.05,CARD,9422418818873682
18/12/2024 13:48,Belfast,Mathilda Long,"Regular Flavoured latte - Gingerbread - 2.55, Large Filter coffee - 1.80, Large Americano - 2.25, Regular Luxury hot chocolate - 2.40",9.0,CARD,2090080583225689
18/12/2024 13:50,Belfast,Gary Moreno,"Regular Speciality Tea - Green - 1.30, Regular Flavoured latte - Gingerbread - 2.55, Large Filter coffee - 1.80, Large Filter coffee - 1.80, Regular Flavoured iced latte - Caramel - 2.75",10.2,CASH,
18/12/2024 13:51,Belfast,Fred Smiley,"Large Flavoured iced latte - Caramel - 3.25, Regular Americano - 1.95, Large Luxury hot chocolate - 2.70",7.9,CASH,
18/12/2024 13:52,Belfast,Jeffrey Leray,"Large Flavoured iced latte - Caramel - 3.25, Regular Flavoured latte - Gingerbread - 2.55, Large Speciality Tea - Green - 1.60",7.4,CARD,1156865174470072
18/12/2024 13:53,Belfast,Terina Mccaskill,"Large Speciality Tea - English breakfast - 1.60, Large Speciality Tea - English breakfast - 1.60, Large Speciality Tea - Green - 1.60, Regular Glass of milk - 0.70",5.5,CARD,8090730915405546
18/12/2024 13:55,Belfast,Robert Healey,"Large Flavoured latte - Gingerbread - 2.85, Regular Americano - 1.95, Large Speciality Tea - English breakfast - 1.60",6.4,CASH,
18/12/2024 13:56,Belfast,Mabel Willey,Large Speciality Tea - English breakfast - 1.60,1.6,CASH,
18/12/2024 13:57,Belfast,Michael Bates,"Large Speciality Tea - English breakfast - 1.60, Regular Americano - 1.95, Large Glass of milk - 1.10, Regular Flavoured iced latte - Caramel - 2.75",7.4,CARD,2709872598303445
18/12/2024 13:59,Belfast,Charles Uutela,Regular Flavoured latte - Gingerbread - 2.55,2.55,CASH,
18/12/2024 14:00,Belfast,Kenny Ybarra,"Large Filter coffee - 1.80, Large Glass of milk - 1.10, Regular Americano - 1.95",4.85,CASH,
18/12/2024 14:01,Belfast,Ashley Perez,"Large Speciality Tea - English breakfast - 1.60, Large Glass of milk - 1.10",2.7,CASH,
18/12/2024 14:02,Belfast,Paul Polk,"Regular Flavoured latte - Gingerbread - 2.55, Large Luxury hot chocolate - 2.70",5.25,CARD,6340261215103735
18/12/2024 14:04,Belfast,Maurice Oakley,"Regular Americano - 1.95, Large Speciality Tea - English breakfast - 1.60",3.55,CARD,6519502656675044
18/12/2024 14:05,Belfast,Judith Borkowski,"Regular Glass of milk - 0.70, Large Glass of milk - 1.10, Regular Flavoured iced latte - Caramel - 2.75",4.55,CARD,1639269611642201
18/12/2024 14:06,Belfast,Vicki White,"Regular Americano - 1.95, Large Flavoured latte - Gingerbread - 2.85, Large Glass of milk - 1.10, Large Glass of milk - 1.10",7.0,CARD,1582516933804841
18/12/2024 14:08,Belfast,Mary Cepeda,"Regular Speciality Tea - Green - 1.30, Large Filter coffee - 1.80",3.1,CARD,8575987231276092
18/12/2024 14:09,Belfast,Sang Atwater,"Large Americano - 2.25, Regular Flavoured latte - Gingerbread - 2.55",4.8,CARD,3017430847671904
18/12/2024 14:10,Belfast,Herbert Moreland,"Regular Glass of milk - 0.70, Large Americano - 2.25, Large Speciality Tea - Green - 1.60",4.55,CARD,7003700462277612
18/12/2024 14:12,Belfast,Anne Sieck,"Regular Filter coffee - 1.50, Large Flavoured iced latte - Caramel - 3.25",4.75,CARD,6716867132835975
18/12/2024 14:13,Belfast,Maria Ricks,"Regular Flavoured latte - Gingerbread - 2.55, Large Filter coffee - 1.80, Regular Flavoured latte - Gingerbread - 2.55",6.9,CARD,1079445204394467
18/12/2024 14:14,Belfast,John Ranum,"Regular Filter coffee - 1.50, Large Speciality Tea - English breakfast - 1.60, Large Glass of milk - 1.10",4.2,CARD,2103942526034969
18/12/2024 14:16,Belfast,Vicky Foust,"Regular Glass of milk - 0.70, Large Americano - 2.25, Large Luxury hot chocolate - 2.70",5.65,CASH,
18/12/2024 14:17,Belfast,Shawn Stowell,"Regular Americano - 1.95, Large Flavoured iced latte - Caramel - 3.25, Large Speciality Tea - Green - 1.60",6.8,CARD,7823596724771102
18/12/2024 14:18,Belfast,Mathew Samuels,"Regular Americano - 1.95, Large Flavoured latte - Gingerbread - 2.85",4.8,CARD,8263913068965863
18/12/2024 14:20,Belfast,David Legrand,"Large Luxury hot chocolate - 2.70, Large Luxury hot chocolate - 2.70, Regular Speciality Tea - Green - 1.30, Regular Glass of milk - 0.70",7.4,CARD,8090171777631176
18/12/2024 14:21,Belfast,Fernando Hopkins,"Regular Speciality Tea - Green - 1.30, Regular Filter coffee - 1.50, Regular Flavoured iced latte - Caramel - 2.75",5.55,CARD,6393097953899508
18/12/2024 14:22,Belfast,Christine Reifsnyder,"Large Flavoured latte - Gingerbread - 2.85, Large Speciality Tea - English breakfast - 1.60, Large Flavoured iced latte - Caramel - 3.25, Large Filter coffee - 1.80, Large Glass of milk - 1.10",10.6,CARD,4259043127798624
18/12/2024 14:24,Belfast,Bonita Borders,"Regular Speciality Tea - Green - 1.30, Regular Americano - 1.95, Large Speciality Tea - English breakfast - 1.60",4.85,CARD,1693433970626423
18/12/2024 14:25,Belfast,Terry Silversmith,"Large Speciality Tea - Green - 1.60, Regular Speciality Tea - English breakfast - 1.30, Regular Glass of milk - 0.70, Large Speciality Tea - Green - 1.60, Large Speciality Tea - Green - 1.60, Regular Flavoured latte - Gingerbread - 2.55",9.35,CARD,9982843977062118
18/12/2024 14:26,Belfast,Denise Jackson,"Regular Filter coffee - 1.50, Large Glass of milk - 1.10, Regular Glass of milk - 0.70",3.3,CARD,1823346888026612
18/12/2024 14:28,Belfast,Paul Wilson,Regular Flavoured latte - Gingerbread - 2.55,2.55,CARD,9389703756987123
18/12/2024 14:29,Belfast,Efrain Seymour,Regular Speciality Tea - English breakfast - 1.30,1.3,CARD,8251257097326254
18/12/2024 14:30,Belfast,David Paige,"Regular Filter coffee - 1.50, Large Americano - 2.25, Large Flavoured iced latte - Caramel - 3.25, Regular Flavoured latte - Gingerbread - 2.55",9.55,CARD,8252024990354327
18/12/2024 14:32,Belfast,Norma Deitz,"Large Speciality Tea - English breakfast - 1.60, Large Flavoured latte - Gingerbread - 2.85, Large Flavoured iced latte - Caramel - 3.25, Regular Flavoured latte - Gingerbread - 2.55",10.25,CASH,
18/12/2024 14:33,Belfast,Diane Catapano,Large Glass of milk - 1.10,1.1,CARD,4239686018333525
18/12/2024 14:34,Belfast,Alan Clark,"Regular Filter coffee - 1.50, Large Speciality Tea - English breakfast - 1.60, Regular Speciality Tea - English breakfast - 1.30",4.4,CARD,9042244770253252
18/12/2024 14:36,Belfast,Richard Sherman,Regular Speciality Tea - Green - 1.30,1.3,CARD,1750687631289264
18/12/2024 14:37,Belfast,James Korol,"Large Filter coffee - 1.80, Large Flavoured iced latte - Caramel - 3.25, Large Americano - 2.25, Large Flavoured latte - Gingerbread - 2.85, Large Flavoured latte - Gingerbread - 2.85",13.0,CARD,1653094431333478
18/12/2024 14:38,Belfast,Mildred Parker,"Regular Americano - 1.95, Large Filter coffee - 1.80, Regular Flavoured latte - Gingerbread - 2.55, Large Glass of milk - 1.10, Regular Speciality Tea - Green - 1.30",8.7,CARD,2241302406727453
18/12/2024 14:40,Belfast,Jay Kohm,Regular Filter coffee - 1.50,1.5,CARD,1295296193742439
18/12/2024 14:41,Belfast,Wanda Gustafson,"Large Glass of milk - 1.10, Regular Filter coffee - 1.50, Large Glass of milk - 1.10, Large Flavoured latte - Gingerbread - 2.85",6.55,CARD,1574215416707169
18/12/2024 14:42,Belfast,Joyce Brisco,Large Speciality Tea - Green - 1.60,1.6,CARD,6597973074252848
18/12/2024 14:44,Belfast,George Hayes,"Regular Glass of milk - 0.70, Large Speciality Tea - Green - 1.60, Regular Luxury hot chocolate - 2.40",4.7,CARD,9168267013054683
18/12/2024 14:45,Belfast,Thomas Latsko,"Regular Speciality Tea - Green - 1.30, Large Flavoured iced latte - Caramel - 3.25",4.55,CARD,4108570969639711
18/12/2024 14:46,Belfast,Janie Steiner,Large Glass of milk - 1.10,1.1,CARD,3761737002334067
18/12/2024 14:48,Belfast,Beverly Vallejo,"Large Flavoured latte - Gingerbread - 2.85, Regular Speciality Tea - Green - 1.30, Large Flavoured latte - Gingerbread - 2.85, Large Speciality Tea - Green - 1.60",8.6,CARD,9007919608616470
18/12/2024 14:49,Belfast,Rachel Shinnick,"Regular Flavoured iced latte - Caramel - 2.75, Large Flavoured latte - Gingerbread - 2.85, Regular Filter coffee - 1.50, Regular Speciality Tea - English breakfast - 1.30",8.4,CARD,7829068324857799
18/12/2024 14:50,Belfast,Laura Davis,"Regular Glass of milk - 0.70, Regular Flavoured latte - Gingerbread - 2.55, Regular Flavoured latte - Gingerbread - 2.55",5.8,CARD,6240418353897817
18/12/2024 14:52,Belfast,Patricia Scruggs,"Regular Flavoured latte - Gingerbread - 2.55, Regular Glass of milk - 0.70, Regular Speciality Tea - Green - 1.30, Large Americano - 2.25",6.8,CARD,6675614055287733
18/12/2024 14:53,Belfast,Beatrice Gary,Large Flavoured iced latte - Caramel - 3.25,3.25,CARD,2566707236956996
18/12/2024 14:54,Belfast,Valarie Mancil,"Regular Filter coffee - 1.50, Regular Glass of milk - 0.70, Large Flavoured iced latte - Caramel - 3.25, Regular Glass of milk - 0.70",6.15,CARD,6097406355064590
18/12/2024 14:56,Belfast,Phillip Wilson,"Regular Americano - 1.95, Large Americano - 2.25, Regular Filter coffee - 1.50, Large Flavoured latte - Gingerbread - 2.85",8.55,CARD,5226732736092910
18/12/2024 14:57,Belfast,Joseph Dubin,"Large Glass of milk - 1.10, Large Filter coffee - 1.80, Large Flavoured iced latte - Caramel - 3.25",6.15,CARD,6475456832598525
18/12/2024 14:58,Belfast,Jose Bobbitt,Large Americano - 2.25,2.25,CARD,4864235571255153
18/12/2024 15:00,Belfast,Robert Cena,Large Luxury hot chocolate - 2.70,2.7,CARD,5474236358520639
18/12/2024 15:01,Belfast,Sharon Jackson,"Large Filter coffee - 1.80, Regular Glass of milk - 0.70",2.5,CASH,
18/12/2024 15:02,Belfast,Laila Henderson,Large Filter coffee - 1.80,1.8,CASH,
18/12/2024 15:04,Belfast,Desiree Nygaard,"Large Americano - 2.25, Regular Glass of milk - 0.70, Regular Flavoured iced latte - Caramel - 2.75",5.7,CARD,5676921485928661
18/12/2024 15:05,Belfast,Marion Colon,"Regular Speciality Tea - Green - 1.30, Regular Luxury hot chocolate - 2.40, Large Filter coffee - 1.80",5.5,CASH,
18/12/2024 15:07,Belfast,Paul Harada,"Regular Filter coffee - 1.50, Large Speciality Tea - Green - 1.60",3.1,CASH,
18/12/2024 15:08,Belfast,Tracy Encarnacion,"Regular Flavoured iced latte - Caramel - 2.75, Regular Flavoured latte - Gingerbread - 2.55, Regular Speciality Tea - English breakfast - 1.30",6.6,CASH,
18/12/2024 15:09,Belfast,Luis Hill,"Large Flavoured latte - Gingerbread - 2.85, Regular Filter coffee - 1.50, Large Speciality Tea - Green - 1.60, Regular Filter coffee - 1.50",7.45,CARD,4244908647357282
18/12/2024 15:11,Belfast,Charles Renfroe,"Regular Glass of milk - 0.70, Regular Speciality Tea - English breakfast - 1.30, Regular Speciality Tea - English breakfast - 1.30",3.3,CASH,
18/12/2024 15:12,Belfast,Barry Cirrincione,"Regular Filter coffee - 1.50, Large Flavoured latte - Gingerbread - 2.85",4.35,CASH,
18/12/2024 15:13,Belfast,Katrina Farris,"Large Luxury hot chocolate - 2.70, Regular Flavoured latte - Gingerbread - 2.55, Large Filter coffee - 1.80, Large Americano - 2.25",9.3,CARD,7476396153147066
18/12/2024 15:15,Belfast,Terry Serrano,"Large Americano - 2.25, Regular Speciality Tea - Green - 1.30",3.55,CARD,1345589479692159
18/12/2024 15:16,Belfast,Henry Scott,"Regular Americano - 1.95, Regular Speciality Tea - Green - 1.30, Regular Filter coffee - 1.50, Large Luxury hot chocolate - 2.70",7.45,CARD,2536837889317933
18/12/2024 15:17,Belfast,Carol Mccluer,"Large Flavoured iced latte - Caramel - 3.25, Regular Americano - 1.95, Regular Flavoured iced latte - Caramel - 2.75, Large Filter coffee - 1.80",9.75,CASH,
18/12/2024 15:19,Belfast,Tonya Davis,Large Speciality Tea - English breakfast - 1.60,1.6,CARD,8831861499871222
18/12/2024 15:20,Belfast,Lisa Lyle,Large Flavoured iced latte - Caramel - 3.25,3.25,CARD,7488568064587187
18/12/2024 15:21,Belfast,Robert Pacini,"Regular Speciality Tea - English breakfast - 1.30, Large Speciality Tea - Green - 1.60, Regular Americano - 1.95, Large Filter coffee - 1.80",6.65,CARD,2682651219348416
18/12/2024 15:23,Belfast,Lucy Ortez,"Large Luxury hot chocolate - 2.70, Regular Filter coffee - 1.50, Regular Flavoured latte - Gingerbread - 2.55, Regular Americano - 1.95",8.7,CARD,4632512769260740
18/12/2024 15:24,Belfast,Cynthia Braswell,"Regular Flavoured latte - Gingerbread - 2.55, Large Speciality Tea - English breakfast - 1.60, Regular Flavoured iced latte - Caramel - 2.75, Large Filter coffee - 1.80",8.7,CASH,
18/12/2024 15:25,Belfast,Benjamin Phillips,"Large Luxury hot chocolate - 2.70, Regular Glass of milk - 0.70, Regular Americano - 1.95",5.35,CARD,1459012483943526
18/12/2024 15:27,Belfast,David Tollerud,"Large Speciality Tea - English breakfast - 1.60, Regular Speciality Tea - English breakfast - 1.30, Large Glass of milk - 1.10, Regular Glass of milk - 0.70, Regular Speciality Tea - English breakfast - 1.30",6.0,CARD,8009161072188363
18/12/2024 15:28,Belfast,Charles Henderson,"Large Speciality Tea - English breakfast - 1.60, Large Flavoured iced latte - Caramel - 3.25, Large Glass of milk - 1.10, Regular Glass of milk - 0.70, Large Speciality Tea - English breakfast - 1.60, Large Americano - 2.25",10.5,CARD,2802697413178892
18/12/2024 15:30,Belfast,Jimmy Handel,Regular Speciality Tea - Green - 1.30,1.3,CASH,
18/12/2024 15:31,Belfast,Margaret Davis,"Large Flavoured iced latte - Caramel - 3.25, Regular Speciality Tea - English breakfast - 1.30, Regular Flavoured latte - Gingerbread - 2.55, Large Speciality Tea - English breakfast - 1.60, Large Filter coffee - 1.80",10.5,CARD,6033876155939927
18/12/2024 15:32,Belfast,Heather Coleman,Regular Speciality Tea - Green - 1.30,1.3,CARD,9309714511239321
18/12/2024 15:34,Belfast,Marion Kath,"Regular Speciality Tea - Green - 1.30, Large Glass of milk - 1.10, Regular Flavoured latte - Gingerbread - 2.55, Regular Luxury hot chocolate - 2.40, Large Speciality Tea - Green - 1.60",8.95,CARD,5214732278779723
18/12/2024 15:35,Belfast,Robert Scott,"Large Flavoured latte - Gingerbread - 2.85, Large Filter coffee - 1.80",4.65,CARD,8572055329325253
18/12/2024 15:36,Belfast,Jerry Langerman,Regular Flavoured iced latte - Caramel - 2.75,2.75,CARD,6997785779620055
18/12/2024 15:38,Belfast,Clifford Cox,"Large Speciality Tea - Green - 1.60, Large Speciality Tea - English breakfast - 1.60",3.2,CARD,4852564921573861
18/12/2024 15:39,Belfast,Barbara Bautista,Regular Americano - 1.95,1.95,CARD,6981691487170170
18/12/2024 15:40,Belfast,Debbie Goldsmith,"Regular Flavoured latte - Gingerbread - 2.55, Large Speciality Tea - English breakfast - 1.60",4.15,CARD,8458766926741073
18/12/2024 15:42,Belfast,Bryan Mcneely,"Large Luxury hot chocolate - 2.70, Regular Filter coffee - 1.50, Large Speciality Tea - English breakfast - 1.60",5.8,CARD,7164445588492496
18/12/2024 15:43,Belfast,Deborah Lucero,Large Speciality Tea - Green - 1.60,1.6,CARD,8493734425780553
18/12/2024 15:44,Belfast,Judith Thomes,"Regular Speciality Tea - Green - 1.30, Large Filter coffee - 1.80",3.1,CASH,
18/12/2024 15:46,Belfast,Jeremy Zurcher,"Regular Flavoured iced latte - Caramel - 2.75, Regular Americano - 1.95, Regular Speciality Tea - English breakfast - 1.30",6.0,CARD,1632380158091280
18/12/2024 15:47,Belfast,Leonard Colon,"Regular Americano - 1.95, Regular Americano - 1.95, Large Filter coffee - 1.80",5.7,CASH,
18/12/2024 15:48,Belfast,Steven Hampton,"Large Filter coffee - 1.80, Regular Speciality Tea - Green - 1.30, Regular Speciality Tea - Green - 1.30, Regular Americano - 1.95, Regular Luxury hot chocolate - 2.40",8.75,CARD,1292874062127726
18/12/2024 15:50,Belfast,Ada Fiorini,"Regular Flavoured latte - Gingerbread - 2.55, Regular Flavoured iced latte - Caramel - 2.75, Regular Flavoured latte - Gingerbread - 2.55, Large Speciality Tea - English breakfast - 1.60, Regular Americano - 1.95",11.4,CARD,6758378362203612
18/12/2024 15:51,Belfast,Christopher Ramirez,"Large Flavoured latte - Gingerbread - 2.85, Large Glass of milk - 1.10, Regular Americano - 1.95, Large Speciality Tea - English breakfast - 1.60",7.5,CARD,5681354886972791
18/12/2024 15:52,Belfast,Brenda Fetzer,"Regular Americano - 1.95, Regular Flavoured latte - Gingerbread - 2.55, Regular Americano - 1.95",6.45,CASH,
18/12/2024 15:54,Belfast,Peggy Whitaker,"Regular Americano - 1.95, Regular Speciality Tea - English breakfast - 1.30, Regular Flavoured iced latte - Caramel - 2.75",6.0,CASH,
18/12/2024 15:55,Belfast,Evelyn Royal,"Regular Glass of milk - 0.70, Large Americano - 2.25, Regular Speciality Tea - English breakfast - 1.30",4.25,CARD,4518735051594444
18/12/2024 15:57,Belfast,Vivian Brown,"Large Glass of milk - 1.10, Large Speciality Tea - Green - 1.60",2.7,CARD,5013753991266808
18/12/2024 15:58,Belfast,Rachel Griffeth,"Large Flavoured latte - Gingerbread - 2.85, Large Filter coffee - 1.80, Large Filter coffee - 1.80",6.45,CASH,
18/12/2024 15:59,Belfast,Tonya Flynn,"Large Luxury hot chocolate - 2.70, Large Filter coffee - 1.80, Large Americano - 2.25, Regular Flavoured latte - Gingerbread - 2.55, Large Filter coffee - 1.80, Regular Glass of milk - 0.70",11.8,CARD,9107363618060785
18/12/2024 16:01,Belfast,Mary Mcfaddin,Large Speciality Tea - English breakfast - 1.60,1.6,CARD,1990946125921657
18/12/2024 16:02,Belfast,Jeanette Frederick,"Regular Speciality Tea - Green - 1.30, Large Speciality Tea - Green - 1.60, Large Speciality Tea - Green - 1.60",4.5,CARD,6139752775489319
18/12/2024 16:04,Belfast,Victoria Brown,"Large Americano - 2.25, Large Flavoured iced latte - Caramel - 3.25",5.5,CARD,9741364863198302
18/12/2024 16:06,Belfast,Dominique Conner,"Regular Speciality Tea - Green - 1.30, Large Speciality Tea - English breakfast - 1.60",2.9,CARD,5200158354864261
18/12/2024 16:08,Belfast,Evelyn Jacobs,Regular Flavoured latte - Gingerbread - 2.55,2.55,CASH,
18/12/2024 16:09,Belfast,Joe Turja,"Regular Americano - 1.95, Large Speciality Tea - Green - 1.60, Regular Speciality Tea - English breakfast - 1.30, Regular Flavoured latte - Gingerbread - 2.55",7.4,CARD,3036172480443696
18/12/2024 16:11,Belfast,Evelyn Mills,"Large Speciality Tea - Green - 1.60, Large Luxury hot chocolate - 2.70",4.3,CASH,
18/12/2024 16:13,Belfast,Inez Heady,"Large Filter coffee - 1.80, Large Flavoured latte - Gingerbread - 2.85, Large Speciality Tea - Green - 1.60, Regular Speciality Tea - Green - 1.30",7.55,CASH,
18/12/2024 16:15,Belfast,James Scott,Large Filter coffee - 1.80,1.8,CARD,6208096811762599
18/12/2024 16:16,Belfast,Morris Lemke,"Regular Speciality Tea - Green - 1.30, Regular Filter coffee - 1.50, Large Speciality Tea - Green - 1.60, Large Speciality Tea - English breakfast - 1.60",6.0,CARD,1134405691683497
18/12/2024 16:18,Belfast,Margaret Jinkens,"Large Flavoured latte - Gingerbread - 2.85, Large Flavoured iced latte - Caramel - 3.25",6.1,CARD,5762602667565409
18/12/2024 16:20,Belfast,Bridget Queal,"Regular Flavoured iced latte - Caramel - 2.75, Large Luxury hot chocolate - 2.70, Regular Luxury hot chocolate - 2.40",7.85,CARD,8321876454406155
18/12/2024 16:22,Belfast,John Peacock,"Regular Luxury hot chocolate - 2.40, Regular Americano - 1.95, Large Filter coffee - 1.80, Regular Flavoured latte - Gingerbread - 2.55",8.7,CASH,
18/12/2024 16:23,Belfast,Crystal Mcconnell,"Regular Speciality Tea - English breakfast - 1.30, Large Flavoured iced latte - Caramel - 3.25, Large Speciality Tea - English breakfast - 1.60, Regular Filter coffee - 1.50, Regular Speciality Tea - English breakfast - 1.30",8.95,CASH,
18/12/2024 16:25,Belfast,Wesley Pool,"Large Flavoured iced latte - Caramel - 3.25, Large Filter coffee - 1.80, Regular Americano - 1.95, Large Glass of milk - 1.10",8.1,CARD,6807711225667563
18/12/2024 16:27,Belfast,Maria Rutherford,"Large Speciality Tea - Green - 1.60, Regular Luxury hot chocolate - 2.40, Regular Flavoured iced latte - Caramel - 2.75",6.75,CARD,5716767944250593
18/12/2024 16:29,Belfast,George Harvey,"Large Flavoured latte - Gingerbread - 2.85, Regular Glass of milk - 0.70, Large Americano - 2.25, Regular Glass of milk - 0.70",6.5,CASH,
18/12/2024 16:30,Belfast,Christopher Jones,"Regular Flavoured latte - Gingerbread - 2.55, Large Flavoured latte - Gingerbread - 2.85, Regular Flavoured latte - Gingerbread - 2.55, Regular Speciality Tea - English breakfast - 1.30, Regular Speciality Tea - English breakfast - 1.30, Large Filter coffee - 1.80",12.35,CARD,8787806852313944
18/12/2024 16:32,Belfast,Marjorie Odell,Regular Luxury hot chocolate - 2.40,2.4,CARD,1300199187828968
18/12/2024 16:34,Belfast,Wm Glaze,"Large Americano - 2.25, Regular Flavoured latte - Gingerbread - 2.55, Regular Glass of milk - 0.70",5.5,CARD,8759416222612544
18/12/2024 16:36,Belfast,Vicki Bittner,"Large Filter coffee - 1.80, Large Luxury hot chocolate - 2.70",4.5,CARD,5264108172001548
18/12/2024 16:38,Belfast,Eli Mcclain,"Large Speciality Tea - Green - 1.60, Large Flavoured latte - Gingerbread - 2.85, Large Americano - 2.25",6.7,CARD,8825951246567553
18/12/2024 16:39,Belfast,Barbara Schueler,Regular Flavoured iced latte - Caramel - 2.75,2.75,CARD,1259248908965262
18/12/2024 16:41,Belfast,Joyce Ragan,Regular Glass of milk - 0.70,0.7,CARD,5105311124544157
18/12/2024 16:43,Belfast,Jonathan Sharp,"Large Filter coffee - 1.80, Regular Speciality Tea - Green - 1.30, Regular Filter coffee - 1.50, Large Speciality Tea - English breakfast - 1.60",6.2,CASH,
18/12/2024 16:45,Belfast,Elizabeth Maymi,"Regular Luxury hot chocolate - 2.40, Regular Luxury hot chocolate - 2.40",4.8,CARD,7085705919406264
18/12/2024 16:46,Belfast,Johnathon Heath,"Regular Speciality Tea - Green - 1.30, Regular Flavoured latte - Gingerbread - 2.55, Regular Glass of milk - 0.70",4.55,CARD,5100055889077521
18/12/2024 16:48,Belfast,Samuel Goodier,"Regular Flavoured latte - Gingerbread - 2.55, Regular Filter coffee - 1.50, Large Flavoured latte - Gingerbread - 2.85",6.9,CASH,
18/12/2024 16:50,Belfast,Berniece Lawrence,Regular Speciality Tea - Green - 1.30,1.3,CARD,8638807060974471
18/12/2024 16:52,Belfast,Lara Timme,"Regular Flavoured latte - Gingerbread - 2.55, Large Luxury hot chocolate - 2.70, Regular Filter coffee - 1.50",6.75,CARD,7640218876092246
18/12/2024 16:53,Belfast,George Bear,"Large Speciality Tea - Green - 1.60, Large Speciality Tea - Green - 1.60, Large Luxury hot chocolate - 2.70",5.9,CARD,5124491850425751
18/12/2024 16:55,Belfast,Deborah Meyer,"Large Filter coffee - 1.80, Regular Flavoured latte - Gingerbread - 2.55, Large Flavoured latte - Gingerbread - 2.85",7.2,CASH,
18/12/2024 16:57,Belfast,Terri Darling,"Large Flavoured latte - Gingerbread - 2.85, Regular Filter coffee - 1.50, Regular Luxury hot chocolate - 2.40",6.75,CARD,3014079448574915
18/12/2024 16:59,Belfast,Jose Chen,"Large Luxury hot chocolate - 2.70, Regular Filter coffee - 1.50, Large Americano - 2.25",6.45,CARD,2266919459624272
