18/12/2024 08:00,Blackpool,Cedric Simmons,"Regular Cappuccino - 2.15, Regular Flavoured latte - Hazelnut - 2.55",4.7,CARD,8465566302934927
18/12/2024 08:01,Blackpool,Lisa Kime,"Regular Cappuccino - 2.15, Large Cappuccino - 2.45",4.6,CASH,
18/12/2024 08:03,Blackpool,Pamela Deerman,"Regular Cappuccino - 2.15, Regular Flavoured latte - Hazelnut - 2.55",4.7,CARD,1028054960096767
18/12/2024 08:05,Blackpool,Audrey Holmes,Large Red Label tea - 1.80,1.8,CASH,
18/12/2024 08:06,Blackpool,Lester Vargas,"Large Cappuccino - 2.45, Regular Cortado - 2.05",4.5,CASH,
18/12/2024 08:08,Blackpool,Joan Huffman,"Regular Flavoured latte - Hazelnut - 2.55, Regular Cappuccino - 2.15, Regular Red Label tea - 1.20, Regular Cortado - 2.05",7.95,CARD,2934174815914928
18/12/2024 08:10,Blackpool,Edith Lee,Large Cappuccino - 2.45,2.45,CARD,7874339163037879
18/12/2024 08:11,Blackpool,Raymond Hirsch,Regular Red Label tea - 1.20,1.2,CARD,6179192634281616
18/12/2024 08:13,Blackpool,Felipe Rivera,Large Cortado - 2.35,2.35,CARD,5371842899996224
18/12/2024 08:15,Blackpool,Jennifer Hall,"Large Cortado - 2.35, Regular Cortado - 2.05, Large Cortado - 2.35, Regular Red Label tea - 1.20, Regular Cortado - 2.05, Large Red Label tea - 1.80",11.8,CARD,1965804222157637
18/12/2024 08:17,Blackpool,Katherine Munday,Regular Flavoured latte - Hazelnut - 2.55,2.55,CARD,6653294443387555
18/12/2024 08:18,Blackpool,Dana Gosch,"Regular Red Label tea - 1.20, Large Red Label tea - 1.80, Large Red Label tea - 1.80, Large Red Label tea - 1.80, Large Cappuccino - 2.45",9.05,CARD,5844702596715279
18/12/2024 08:20,Blackpool,Samuel Dubois,"Regular Red Label tea - 1.20, Large Flavoured latte - Hazelnut - 2.85",4.05,CARD,2117830372936099
18/12/2024 08:22,Blackpool,Ronald Brundage,"Large Cortado - 2.35, Large Cortado - 2.35, Regular Cappuccino - 2.15, Regular Flavoured latte - Hazelnut - 2.55",9.4,CASH,
18/12/2024 08:23,Blackpool,Sallie Crout,"Regular Flavoured latte - Hazelnut - 2.55, Regular Cappuccino - 2.15, Regular Cortado - 2.05, Large Flavoured latte - Hazelnut - 2.85, Regular Red Label tea - 1.20",10.8,CASH,
18/12/2024 08:25,Blackpool,Benito Cosme,Large Cortado - 2.35,2.35,CARD,5065703127986030
18/12/2024 08:27,Blackpool,Daniel Westbrook,Regular Cappuccino - 2.15,2.15,CARD,4477022553333041
18/12/2024 08:29,Blackpool,Sang Langley,Regular Red Label tea - 1.20,1.2,CARD,4466827487832517
18/12/2024 08:30,Blackpool,Alfred Kline,"Large Cappuccino - 2.45, Regular Red Label tea - 1.20, Large Flavoured latte - Hazelnut - 2.85",6.5,CARD,3418713508840001
18/12/2024 08:32,Blackpool,Christine Maldonado,Large Cortado - 2.35,2.35,CARD,6597357088051229
18/12/2024 08:34,Blackpool,Edna Maxwell,"Regular Red Label tea - 1.20, Large Flavoured latte - Hazelnut - 2.85, Large Flavoured latte - Hazelnut - 2.85",6.9,CARD,6450223348233059
18/12/2024 08:35,Blackpool,James Gonzalez,"Regular Red Label tea - 1.20, Regular Flavoured latte - Hazelnut - 2.55, Large Flavoured latte - Hazelnut - 2.85, Large Cappuccino - 2.45, Regular Flavoured latte - Hazelnut - 2.55",11.6,CARD,4369717290299327
18/12/2024 08:37,Blackpool,Janice Davis,"Large Cortado - 2.35, Large Cappuccino - 2.45",4.8,CASH,
18/12/2024 08:39,Blackpool,Nancy White,Regular Red Label tea - 1.20,1.2,CARD,3571359866785971
18/12/2024 08:40,Blackpool,Jackie Shultz,"Large Flavoured latte - Hazelnut - 2.85, Large Flavoured latte - Hazelnut - 2.85",5.7,CARD,6849760974335185
18/12/2024 08:42,Blackpool,Mary Potthoff,"Large Cortado - 2.35, Regular Red Label tea - 1.20",3.55,CARD,3912015715180001
18/12/2024 08:44,Blackpool,Mark Marti,Large Cortado - 2.35,2.35,CARD,2213163264308330
18/12/2024 08:46,Blackpool,Harry Knodel,Large Flavoured latte - Hazelnut - 2.85,2.85,CARD,4018865099723638
18/12/2024 08:47,Blackpool,Jessie Lindsey,"Regular Cortado - 2.05, Regular Cappuccino - 2.15, Large Cappuccino - 2.45, Regular Cappuccino - 2.15",8.8,CARD,3407259088017860
18/12/2024 08:49,Blackpool,Wesley Perry,"Large Flavoured latte - Hazelnut - 2.85, Regular Cappuccino - 2.15",5.0,CARD,5908328598282704
18/12/2024 08:51,Blackpool,Amy Liew,"Large Cortado - 2.35, Large Red Label tea - 1.80",4.15,CARD,9381257888725468
18/12/2024 08:52,Blackpool,Page Zastawny,"Large Cortado - 2.35, Large Red Label tea - 1.80, Regular Cappuccino - 2.15, Large Cortado - 2.35, Large Cappuccino - 2.45",11.1,CARD,8539879642139880
18/12/2024 08:54,Blackpool,Anthony Gordon,"Regular Cortado - 2.05, Regular Flavoured latte - Hazelnut - 2.55",4.6,CARD,1578086674069660
18/12/2024 08:56,Blackpool,Laurence Myers,Regular Cappuccino - 2.15,2.15,CARD,1157962289749842
18/12/2024 08:58,Blackpool,Ashley Cooper,"Regular Cortado - 2.05, Large Flavoured latte - Hazelnut - 2.85, Regular Flavoured latte - Hazelnut - 2.55",7.45,CASH,
18/12/2024 08:59,Blackpool,Jason Petter,"Regular Flavoured latte - Hazelnut - 2.55, Large Cortado - 2.35, Regular Red Label tea - 1.20",6.1,CASH,
18/12/2024 09:01,Blackpool,Rayna Smith,"Large Flavoured latte - Hazelnut - 2.85, Large Red Label tea - 1.80, Regular Cappuccino - 2.15",6.8,CASH,
18/12/2024 09:02,Blackpool,Glenn Bryan,"Regular Cortado - 2.05, Large Flavoured latte - Hazelnut - 2.85, Large Cortado - 2.35, Regular Cortado - 2.05",9.3,CASH,
18/12/2024 09:04,Blackpool,Charles Guy,"Large Red Label tea - 1.80, Large Red Label tea - 1.80",3.6,CARD,5166875522418896
18/12/2024 09:05,Blackpool,Kim Tooze,"Regular Cappuccino - 2.15, Large Flavoured latte - Hazelnut - 2.85, Regular Red Label tea - 1.20, Regular Cappuccino - 2.15, Regular Cortado - 2.05",10.4,CARD,1215295337029563
18/12/2024 09:06,Blackpool,Julie Wilsey,"Large Cortado - 2.35, Regular Cortado - 2.05, Regular Flavoured latte - Hazelnut - 2.55",6.95,CARD,8089120709643005
18/12/2024 09:08,Blackpool,Donald Mcgill,Regular Red Label tea - 1.20,1.2,CARD,5738213679895752
18/12/2024 09:09,Blackpool,Alex Richards,"Regular Cortado - 2.05, Regular Cappuccino - 2.15, Regular Flavoured latte - Hazelnut - 2.55, Large Red Label tea - 1.80",8.55,CASH,
18/12/2024 09:10,Blackpool,Amanda Ichikawa,Large Cappuccino - 2.45,2.45,CASH,
18/12/2024 09:12,Blackpool,Clifton Egbert,"Large Red Label tea - 1.80, Regular Cappuccino - 2.15",3.95,CARD,9693036250025063
18/12/2024 09:13,Blackpool,David Gary,"Large Flavoured latte - Hazelnut - 2.85, Large Cappuccino - 2.45, Large Red Label tea - 1.80",7.1,CASH,
18/12/2024 09:14,Blackpool,Donna Gray,"Large Red Label tea - 1.80, Regular Cortado - 2.05, Large Red Label tea - 1.80, Regular Cortado - 2.05, Regular Red Label tea - 1.20",8.9,CARD,4678975598480773
18/12/2024 09:16,Blackpool,Faye Johnson,Large Cortado - 2.35,2.35,CARD,3425082088081597
18/12/2024 09:17,Blackpool,Irene Kendig,"Regular Cortado - 2.05, Regular Cappuccino - 2.15",4.2,CARD,1203387742990322
18/12/2024 09:18,Blackpool,Eugene Hess,"Large Cappuccino - 2.45, Regular Red Label tea - 1.20, Large Flavoured latte - Hazelnut - 2.85, Regular Cortado - 2.05",8.55,CARD,5849446640780044
18/12/2024 09:20,Blackpool,Margie Kent,"Regular Cortado - 2.05, Large Flavoured latte - Hazelnut - 2.85, Large Cappuccino - 2.45, Large Flavoured latte - Hazelnut - 2.85, Large Cappuccino - 2.45",12.65,CARD,4791242408456378
18/12/2024 09:21,Blackpool,Donna Foy,"Regular Flavoured latte - Hazelnut - 2.55, Regular Flavoured latte - Hazelnut - 2.55, Regular Red Label tea - 1.20, Regular Cappuccino - 2.15",8.45,CARD,1071336867001406
18/12/2024 09:22,Blackpool,Ronald Desjardins,Regular Red Label tea - 1.20,1.2,CARD,7449835278979647
18/12/2024 09:24,Blackpool,Cindy Madeira,Large Cortado - 2.35,2.35,CARD,4836265359369975
18/12/2024 09:25,Blackpool,Eleanor Scott,Regular Cappuccino - 2.15,2.15,CARD,3627238580317794
18/12/2024 09:26,Blackpool,Mario Demik,"Regular Cappuccino - 2.15, Regular Red Label tea - 1.20",3.35,CARD,7848308679747438
18/12/2024 09:28,Blackpool,Maria Sweeney,Large Cortado - 2.35,2.35,CARD,6346726576047264
18/12/2024 09:29,Blackpool,Donald Chavez,"Regular Red Label tea - 1.20, Large Cappuccino - 2.45, Large Cappuccino - 2.45, Regular Flavoured latte - Hazelnut - 2.55",8.65,CARD,1135760788776847
18/12/2024 09:30,Blackpool,Michael Sanders,"Large Cortado - 2.35, Large Cortado - 2.35, Regular Cappuccino - 2.15",6.85,CARD,9114698943231894
18/12/2024 09:32,Blackpool,Kathleen Marple,"Large Red Label tea - 1.80, Large Flavoured latte - Hazelnut - 2.85",4.65,CARD,5031984701427216
18/12/2024 09:33,Blackpool,Geneva Gilchrist,"Large Flavoured latte - Hazelnut - 2.85, Regular Cappuccino - 2.15, Large Flavoured latte - Hazelnut - 2.85, Regular Cortado - 2.05, Large Flavoured latte - Hazelnut - 2.85",12.75,CARD,4701886541501112
18/12/2024 09:34,Blackpool,Rebecca Brown,"Regular Red Label tea - 1.20, Large Cortado - 2.35",3.55,CARD,6118406826041346
18/12/2024 09:36,Blackpool,Ralph Hawk,Large Cappuccino - 2.45,2.45,CARD,9520513162893741
18/12/2024 09:37,Blackpool,Dina Hall,"Regular Flavoured latte - Hazelnut - 2.55, Regular Red Label tea - 1.20, Large Cappuccino - 2.45, Large Cortado - 2.35, Large Flavoured latte - Hazelnut - 2.85",11.4,CARD,6715291590494986
18/12/2024 09:38,Blackpool,Eileen Lynch,"Large Cortado - 2.35, Large Flavoured latte - Hazelnut - 2.85",5.2,CASH,
18/12/2024 09:40,Blackpool,John Mcallister,"Large Flavoured latte - Hazelnut - 2.85, Large Flavoured latte - Hazelnut - 2.85, Regular Red Label tea - 1.20",6.9,CASH,
18/12/2024 09:41,Blackpool,Gregory Strachan,"Large Cortado - 2.35, Regular Red Label tea - 1.20, Large Flavoured latte - Hazelnut - 2.85, Regular Red Label tea - 1.20, Regular Flavoured latte - Hazelnut - 2.55",10.15,CARD,2164512468803572
18/12/2024 09:42,Blackpool,Jeffrey Bryant,"Regular Cappuccino - 2.15, Regular Cappuccino - 2.15, Large Cortado - 2.35",6.65,CASH,
18/12/2024 09:44,Blackpool,Kevin Salo,"Large Cappuccino - 2.45, Large Cappuccino - 2.45",4.9,CARD,1819897743751639
18/12/2024 09:45,Blackpool,Ruben Colbert,"Large Flavoured latte - Hazelnut - 2.85, Large Cortado - 2.35, Large Cappuccino - 2.45, Large Flavoured latte - Hazelnut - 2.85",10.5,CARD,6281888671384248
18/12/2024 09:46,Blackpool,Sharon Gomez,"Regular Cappuccino - 2.15, Large Flavoured latte - Hazelnut - 2.85, Large Cortado - 2.35, Regular Red Label tea - 1.20, Regular Cappuccino - 2.15",10.7,CASH,
18/12/2024 09:48,Blackpool,James Newman,Regular Flavoured latte - Hazelnut - 2.55,2.55,CARD,9580961327916645
18/12/2024 09:49,Blackpool,Sandra Monti,"Regular Red Label tea - 1.20, Large Flavoured latte - Hazelnut - 2.85",4.05,CARD,5282949939772186
18/12/2024 09:50,Blackpool,Margaret Bellavance,"Large Cappuccino - 2.45, Large Cappuccino - 2.45, Regular Cappuccino - 2.15, Large Cortado - 2.35, Regular Flavoured latte - Hazelnut - 2.55",11.95,CARD,2700929780387095
18/12/2024 09:52,Blackpool,Cynthia Gilbertson,"Large Cortado - 2.35, Regular Cortado - 2.05, Large Flavoured latte - Hazelnut - 2.85",7.25,CARD,2028544657381876
18/12/2024 09:53,Blackpool,Beverly Foust,"Regular Cortado - 2.05, Regular Cortado - 2.05, Regular Cortado - 2.05, Regular Cortado - 2.05, Large Flavoured latte - Hazelnut - 2.85",11.05,CARD,5893284677423457
18/12/2024 09:54,Blackpool,Marlys Gilchrist,"Regular Cappuccino - 2.15, Regular Cortado - 2.05",4.2,CASH,
18/12/2024 09:56,Blackpool,Alba Santarpia,Regular Cappuccino - 2.15,2.15,CARD,5942605911925449
18/12/2024 09:57,Blackpool,Mary Myers,"Regular Cappuccino - 2.15, Regular Flavoured latte - Hazelnut - 2.55, Regular Flavoured latte - Hazelnut - 2.55, Regular Cortado - 2.05, Large Flavoured latte - Hazelnut - 2.85, Regular Flavoured latte - Hazelnut - 2.55",14.7,CARD,3221368624653724
18/12/2024 09:58,Blackpool,Steven Neal,"Regular Red Label tea - 1.20, Large Red Label tea - 1.80",3.0,CASH,
18/12/2024 10:00,Blackpool,Susan Taylor,"Regular Red Label tea - 1.20, Regular Cortado - 2.05, Large Flavoured latte - Hazelnut - 2.85, Regular Red Label tea - 1.20, Large Red Label tea - 1.80",9.1,CASH,
18/12/2024 10:01,Blackpool,Jeffry Mcdaniel,Large Flavoured latte - Hazelnut - 2.85,2.85,CARD,4180860701209854
18/12/2024 10:02,Blackpool,Edgar Willcox,Large Flavoured latte - Hazelnut - 2.85,2.85,CARD,6856548594216312
18/12/2024 10:03,Blackpool,Ian Kluz,Regular Cortado - 2.05,2.05,CARD,5347903415474718
18/12/2024 10:04,Blackpool,Stephen Turner,"Large Flavoured latte - Hazelnut - 2.85, Large Cappuccino - 2.45",5.3,CARD,2957295486698198
18/12/2024 10:05,Blackpool,Deidre Delarosa,"Regular Cortado - 2.05, Large Red Label tea - 1.80",3.85,CARD,9945633357515482
18/12/2024 10:06,Blackpool,Emile Moon,"Large Cortado - 2.35, Large Cappuccino - 2.45, Regular Cappuccino - 2.15, Large Flavoured latte - Hazelnut - 2.85",9.8,CARD,7283666241070935
18/12/2024 10:07,Blackpool,Claude Robinson,"Regular Cappuccino - 2.15, Large Cappuccino - 2.45, Regular Red Label tea - 1.20, Regular Flavoured latte - Hazelnut - 2.55",8.35,CARD,6978217094405243
18/12/2024 10:07,Blackpool,Kyle Bassett,"Regular Cappuccino - 2.15, Regular Cappuccino - 2.15, Regular Flavoured latte - Hazelnut - 2.55, Regular Cortado - 2.05",8.9,CARD,8776626973738212
18/12/2024 10:08,Blackpool,Benjamin Hagee,"Large Cappuccino - 2.45, Large Cortado - 2.35",4.8,CARD,1953258740175697
18/12/2024 10:09,Blackpool,Anthony Dupre,"Large Red Label tea - 1.80, Regular Flavoured latte - Hazelnut - 2.55",4.35,CARD,8704606307604695
18/12/2024 10:10,Blackpool,Jacob Paul,"Regular Flavoured latte - Hazelnut - 2.55, Large Red Label tea - 1.80, Regular Cappuccino - 2.15, Regular Flavoured latte - Hazelnut - 2.55, Large Flavoured latte - Hazelnut - 2.85",11.9,CARD,5660591368241827
18/12/2024 10:11,Blackpool,Cecilia Whitfield,Regular Flavoured latte - Hazelnut - 2.55,2.55,CARD,6160504179811782
18/12/2024 10:12,Blackpool,Jo Motl,"Regular Cappuccino - 2.15, Large Cappuccino - 2.45",4.6,CARD,1303569160676555
18/12/2024 10:13,Blackpool,Felicia Estrada,"Regular Cortado - 2.05, Large Cortado - 2.35, Regular Red Label tea - 1.20",5.6,CASH,
18/12/2024 10:14,Blackpool,Tracey Carroll,"Regular Cortado - 2.05, Large Flavoured latte - Hazelnut - 2.85",4.9,CARD,4250820306241595
18/12/2024 10:15,Blackpool,Kevin Shelton,Large Flavoured latte - Hazelnut - 2.85,2.85,CARD,7017027319075578
18/12/2024 10:16,Blackpool,Sidney Fisher,"Large Flavoured latte - Hazelnut - 2.85, Regular Cappuccino - 2.15, Regular Cortado - 2.05",7.05,CARD,2212477346437595
18/12/2024 10:17,Blackpool,Joyce Cooper,"Regular Cappuccino - 2.15, Regular Cortado - 2.05, Large Cappuccino - 2.45, Large Cortado - 2.35, Regular Cortado - 2.05, Regular Red Label tea - 1.20",12.25,CASH,
18/12/2024 10:18,Blackpool,Andy Byington,"Regular Red Label tea - 1.20, Large Flavoured latte - Hazelnut - 2.85, Regular Red Label tea - 1.20, Large Red Label tea - 1.80",7.05,CARD,1426172916613873
18/12/2024 10:19,Blackpool,Donald Baughman,"Regular Cappuccino - 2.15, Regular Cappuccino - 2.15, Large Red Label tea - 1.80",6.1,CARD,7856163137001348
18/12/2024 10:20,Blackpool,Gerald Tornatore,"Regular Cappuccino - 2.15, Large Cortado - 2.35, Regular Cappuccino - 2.15, Regular Red Label tea - 1.20",7.85,CARD,6790061066509491
18/12/2024 10:21,Blackpool,Robert Liebl,"Large Flavoured latte - Hazelnut - 2.85, Large Red Label tea - 1.80",4.65,CASH,
18/12/2024 10:22,Blackpool,Jeanette Ratermann,"Regular Flavoured latte - Hazelnut - 2.55, Large Red Label tea - 1.80, Regular Cortado - 2.05",6.4,CARD,3657134658349748
18/12/2024 10:23,Blackpool,Kristin Stockdill,"Regular Flavoured latte - Hazelnut - 2.55, Regular Cappuccino - 2.15, Large Flavoured latte - Hazelnut - 2.85, Regular Cortado - 2.05, Large Flavoured latte - Hazelnut - 2.85",12.45,CARD,5740713010716954
18/12/2024 10:24,Blackpool,Michael Harvey,"Large Red Label tea - 1.80, Regular Flavoured latte - Hazelnut - 2.55",4.35,CARD,7432481122507072
18/12/2024 10:25,Blackpool,Mary Murdock,Large Red Label tea - 1.80,1.8,CARD,6457124525946067
18/12/2024 10:26,Blackpool,Ryan Parks,Regular Cortado - 2.05,2.05,CARD,5174421069859813
18/12/2024 10:27,Blackpool,Ruth Morris,"Regular Flavoured latte - Hazelnut - 2.55, Large Flavoured latte - Hazelnut - 2.85, Regular Cappuccino - 2.15",7.55,CASH,
18/12/2024 10:28,Blackpool,Colleen Hudek,"Regular Flavoured latte - Hazelnut - 2.55, Regular Flavoured latte - Hazelnut - 2.55",5.1,CASH,
18/12/2024 10:29,Blackpool,Linda Prada,"Large Cappuccino - 2.45, Regular Cortado - 2.05",4.5,CASH,
18/12/2024 10:30,Blackpool,Augustina Martin,"Large Cappuccino - 2.45, Regular Cappuccino - 2.15, Regular Cortado - 2.05, Large Red Label tea - 1.80, Regular Flavoured latte - Hazelnut - 2.55",11.0,CARD,5049801559133892
18/12/2024 10:31,Blackpool,Marion Taylor,"Regular Cortado - 2.05, Large Cappuccino - 2.45, Large Cappuccino - 2.45",6.95,CARD,1722745531656065
18/12/2024 10:32,Blackpool,Dustin Marshall,"Regular Cortado - 2.05, Regular Cortado - 2.05, Large Cappuccino - 2.45, Regular Flavoured latte - Hazelnut - 2.55",9.1,CASH,
18/12/2024 10:33,Blackpool,Judy Montford,Regular Red Label tea - 1.20,1.2,CASH,
18/12/2024 10:34,Blackpool,Jim Gonzalez,Large Flavoured latte - Hazelnut - 2.85,2.85,CARD,2856917103425368
18/12/2024 10:35,Blackpool,Brian Rodriguez,"Large Cappuccino - 2.45, Large Flavoured latte - Hazelnut - 2.85, Large Flavoured latte - Hazelnut - 2.85",8.15,CARD,7171697099792958
18/12/2024 10:36,Blackpool,William Boyd,Regular Cappuccino - 2.15,2.15,CASH,
18/12/2024 10:37,Blackpool,Micheal Brison,"Large Flavoured latte - Hazelnut - 2.85, Large Cappuccino - 2.45, Regular Flavoured latte - Hazelnut - 2.55, Large Flavoured latte - Hazelnut - 2.85, Regular Flavoured latte - Hazelnut - 2.55",13.25,CASH,
18/12/2024 10:38,Blackpool,Connie Kilgore,"Regular Cappuccino - 2.15, Large Flavoured latte - Hazelnut - 2.85",5.0,CARD,1435952987569598
18/12/2024 10:39,Blackpool,Sarah Taylor,"Regular Flavoured latte - Hazelnut - 2.55, Regular Red Label tea - 1.20, Regular Flavoured latte - Hazelnut - 2.55",6.3,CASH,
18/12/2024 10:40,Blackpool,Robert Patterson,"Regular Cappuccino - 2.15, Large Cappuccino - 2.45, Large Cappuccino - 2.45, Large Red Label tea - 1.80",8.85,CASH,
18/12/2024 10:41,Blackpool,Melody Dodimead,"Large Cortado - 2.35, Regular Cappuccino - 2.15",4.5,CARD,8843795216241874
18/12/2024 10:42,Blackpool,Guadalupe Bloomgren,"Regular Red Label tea - 1.20, Regular Red Label tea - 1.20",2.4,CARD,3638545335381121
18/12/2024 10:43,Blackpool,Johnny Rhodes,"Regular Cortado - 2.05, Regular Red Label tea - 1.20",3.25,CARD,8754800261918033
18/12/2024 10:44,Blackpool,Cole Cortes,"Regular Cortado - 2.05, Large Cortado - 2.35",4.4,CARD,2810739073943487
18/12/2024 10:45,Blackpool,John Woolfolk,"Large Cortado - 2.35, Regular Cortado - 2.05, Regular Red Label tea - 1.20, Large Flavoured latte - Hazelnut - 2.85",8.45,CARD,9047063932106461
18/12/2024 10:46,Blackpool,George Chance,"Regular Cappuccino - 2.15, Regular Cortado - 2.05, Large Red Label tea - 1.80, Large Cappuccino - 2.45",8.45,CARD,5784019852489716
18/12/2024 10:47,Blackpool,Christina King,"Regular Cappuccino - 2.15, Large Flavoured latte - Hazelnut - 2.85",5.0,CARD,4661466440741758
18/12/2024 10:48,Blackpool,Alton Becker,"Large Flavoured latte - Hazelnut - 2.85, Regular Cappuccino - 2.15, Large Cappuccino - 2.45, Regular Red Label tea - 1.20, Regular Red Label tea - 1.20",9.85,CARD,9174840761368261
18/12/2024 10:49,Blackpool,Thomas Loiseau,"Regular Cappuccino - 2.15, Regular Cortado - 2.05, Large Red Label tea - 1.80, Regular Cortado - 2.05",8.05,CARD,6915230739322924
18/12/2024 10:50,Blackpool,Lisa Clark,"Regular Cortado - 2.05, Regular Flavoured latte - Hazelnut - 2.55, Regular Cortado - 2.05",6.65,CASH,
18/12/2024 10:51,Blackpool,Janice Hill,"Large Flavoured latte - Hazelnut - 2.85, Large Cortado - 2.35, Regular Cortado - 2.05, Large Flavoured latte - Hazelnut - 2.85, Regular Cortado - 2.05",12.15,CARD,2914677285335035
18/12/2024 10:52,Blackpool,Brenda King,"Large Cortado - 2.35, Regular Flavoured latte - Hazelnut - 2.55, Regular Flavoured latte - Hazelnut - 2.55, Regular Cappuccino - 2.15, Large Cortado - 2.35",11.95,CARD,8868446246377469
18/12/2024 10:53,Blackpool,Ruth Martin,"Large Cortado - 2.35, Large Cortado - 2.35, Large Flavoured latte - Hazelnut - 2.85, Large Red Label tea - 1.80",9.35,CARD,7799096203129573
18/12/2024 10:54,Blackpool,Dale Gonzalez,"Regular Cortado - 2.05, Large Flavoured latte - Hazelnut - 2.85, Large Cappuccino - 2.45, Large Red Label tea - 1.80",9.15,CASH,
18/12/2024 10:55,Blackpool,Esther Nelson,"Regular Cappuccino - 2.15, Large Flavoured latte - Hazelnut - 2.85, Large Cappuccino - 2.45, Large Flavoured latte - Hazelnut - 2.85, Large Cortado - 2.35",12.65,CARD,3831273258935965
18/12/2024 10:56,Blackpool,Margaret Bower,Regular Cappuccino - 2.15,2.15,CARD,6310119375457826
18/12/2024 10:57,Blackpool,David Paille,"Large Cappuccino - 2.45, Regular Cortado - 2.05, Regular Red Label tea - 1.20, Regular Cortado - 2.05",7.75,CASH,
18/12/2024 10:58,Blackpool,Inez Butts,Large Cortado - 2.35,2.35,CARD,8403760878051764
18/12/2024 10:59,Blackpool,Florida Gutierrez,"Large Cortado - 2.35, Regular Flavoured latte - Hazelnut - 2.55, Regular Flavoured latte - Hazelnut - 2.55, Large Cappuccino - 2.45",9.9,CASH,
18/12/2024 11:00,Blackpool,Martha Kittell,Large Cortado - 2.35,2.35,CASH,
18/12/2024 11:03,Blackpool,Debra Bush,"Regular Flavoured latte - Hazelnut - 2.55, Regular Cappuccino - 2.15, Regular Red Label tea - 1.20",5.9,CARD,1898910048842619
18/12/2024 11:07,Blackpool,Hector Derosa,"Large Red Label tea - 1.80, Regular Cortado - 2.05, Large Cortado - 2.35, Large Flavoured latte - Hazelnut - 2.85",9.05,CARD,8128588347107529
18/12/2024 11:10,Blackpool,Joseph Key,"Large Red Label tea - 1.80, Regular Cappuccino - 2.15, Regular Red Label tea - 1.20, Large Cappuccino - 2.45, Large Cortado - 2.35",9.95,CARD,6241475288800795
18/12/2024 11:14,Blackpool,Joan Bacich,"Large Flavoured latte - Hazelnut - 2.85, Regular Cortado - 2.05, Regular Flavoured latte - Hazelnut - 2.55, Large Red Label tea - 1.80",9.25,CARD,9196750942376290
18/12/2024 11:17,Blackpool,Dorothy Shaw,"Regular Red Label tea - 1.20, Large Cortado - 2.35, Regular Cappuccino - 2.15",5.7,CARD,6651266201587377
18/12/2024 11:21,Blackpool,Debra Coker,Large Red Label tea - 1.80,1.8,CARD,6197118915532902
18/12/2024 11:24,Blackpool,Virginia Lupo,"Large Flavoured latte - Hazelnut - 2.85, Large Flavoured latte - Hazelnut - 2.85, Regular Cappuccino - 2.15, Large Red Label tea - 1.80, Regular Cortado - 2.05, Large Cappuccino - 2.45",14.15,CARD,8717863532409350
18/12/2024 11:28,Blackpool,Gail Bradley,"Regular Cappuccino - 2.15, Large Cortado - 2.35, Large Flavoured latte - Hazelnut - 2.85",7.35,CARD,4611021217793104
18/12/2024 11:31,Blackpool,Jeffrey Mitchel,Regular Flavoured latte - Hazelnut - 2.55,2.55,CARD,5004222224963673
18/12/2024 11:35,Blackpool,Casey Bass,"Regular Cortado - 2.05, Large Cortado - 2.35",4.4,CARD,8107612372588871
18/12/2024 11:38,Blackpool,Bernard Samson,"Regular Cappuccino - 2.15, Large Red Label tea - 1.80, Regular Cappuccino - 2.15, Large Cappuccino - 2.45, Large Cortado - 2.35",10.9,CASH,
18/12/2024 11:42,Blackpool,Brian Tagliarini,"Regular Cortado - 2.05, Large Red Label tea - 1.80",3.85,CARD,5466699349600334
18/12/2024 11:45,Blackpool,Cheryl Mathews,"Regular Flavoured latte - Hazelnut - 2.55, Regular Red Label tea - 1.20, Large Flavoured latte - Hazelnut - 2.85, Large Cappuccino - 2.45, Regular Cappuccino - 2.15",11.2,CARD,7052888305185215
18/12/2024 11:49,Blackpool,Jennie Sayre,"Large Cortado - 2.35, Regular Red Label tea - 1.20, Regular Cortado - 2.05",5.6,CARD,2052889728616516
18/12/2024 11:52,Blackpool,Anibal Vanvalkenbur,"Large Cortado - 2.35, Large Flavoured latte - Hazelnut - 2.85, Large Flavoured latte - Hazelnut - 2.85, Regular Cortado - 2.05, Large Red Label tea - 1.80, Large Red Label tea - 1.80",13.7,CARD,3605284869376131
18/12/2024 11:56,Blackpool,Michael Obrien,"Large Red Label tea - 1.80, Regular Flavoured latte - Hazelnut - 2.55, Large Red Label tea - 1.80",6.15,CARD,8234159153740587
18/12/2024 11:59,Blackpool,Kimberly Martinetto,"Large Flavoured latte - Hazelnut - 2.85, Regular Cappuccino - 2.15, Regular Cortado - 2.05, Large Cortado - 2.35",9.4,CARD,5763455650582910
18/12/2024 12:03,Blackpool,John Holland,"Regular Cappuccino - 2.15, Regular Cappuccino - 2.15, Large Cortado - 2.35",6.65,CARD,1773948927307501
18/12/2024 12:05,Blackpool,Gerald Beede,"Large Cortado - 2.35, Large Red Label tea - 1.80, Regular Red Label tea - 1.20, Regular Cappuccino - 2.15",7.5,CARD,6083319141574536
18/12/2024 12:07,Blackpool,Gerald Andersen,"Regular Red Label tea - 1.20, Regular Flavoured latte - Hazelnut - 2.55, Regular Cortado - 2.05, Regular Cappuccino - 2.15, Regular Flavoured latte - Hazelnut - 2.55, Large Flavoured latte - Hazelnut - 2.85",13.35,CARD,4663020437582906
18/12/2024 12:09,Blackpool,Grace Wardinsky,"Large Flavoured latte - Hazelnut - 2.85, Large Flavoured latte - Hazelnut - 2.85, Large Flavoured latte - Hazelnut - 2.85, Regular Flavoured latte - Hazelnut - 2.55",11.1,CASH,
18/12/2024 12:11,Blackpool,Janet Garcia,"Regular Cappuccino - 2.15, Large Flavoured latte - Hazelnut - 2.85, Large Flavoured latte - Hazelnut - 2.85",7.85,CASH,
18/12/2024 12:13,Blackpool,Eda Powell,Regular Flavoured latte - Hazelnut - 2.55,2.55,CASH,
18/12/2024 12:15,Blackpool,Clifford Valdez,"Regular Cortado - 2.05, Regular Red Label tea - 1.20, Regular Flavoured latte - Hazelnut - 2.55, Regular Red Label tea - 1.20, Large Cortado - 2.35, Large Cortado - 2.35",11.7,CASH,
18/12/2024 12:16,Blackpool,Ted Henderson,"Regular Flavoured latte - Hazelnut - 2.55, Large Flavoured latte - Hazelnut - 2.85, Large Cortado - 2.35, Regular Flavoured latte - Hazelnut - 2.55, Large Cortado - 2.35, Regular Cortado - 2.05",14.7,CARD,5726007654007009
18/12/2024 12:18,Blackpool,Rodolfo Holland,"Regular Red Label tea - 1.20, Regular Cappuccino - 2.15",3.35,CARD,2112942308696052
18/12/2024 12:20,Blackpool,Jeff Hurd,"Regular Flavoured latte - Hazelnut - 2.55, Large Flavoured latte - Hazelnut - 2.85",5.4,CASH,
18/12/2024 12:22,Blackpool,Roger Dove,Large Flavoured latte - Hazelnut - 2.85,2.85,CARD,5668431575142047
18/12/2024 12:24,Blackpool,Patricia Gaffney,"Regular Flavoured latte - Hazelnut - 2.55, Large Cortado - 2.35",4.9,CARD,2761777246964413
18/12/2024 12:26,Blackpool,Ann Klein,"Regular Cappuccino - 2.15, Regular Cappuccino - 2.15",4.3,CARD,4722998519002036
18/12/2024 12:28,Blackpool,Janie Robinson,"Large Cortado - 2.35, Regular Flavoured latte - Hazelnut - 2.55",4.9,CARD,4261650752551715
18/12/2024 12:30,Blackpool,Donna Worrell,"Large Flavoured latte - Hazelnut - 2.85, Regular Red Label tea - 1.20, Large Flavoured latte - Hazelnut - 2.85, Large Cortado - 2.35, Regular Cortado - 2.05",11.3,CARD,1882784278655920
18/12/2024 12:32,Blackpool,Ester Wooten,"Regular Cappuccino - 2.15, Large Cortado - 2.35, Large Cortado - 2.35, Large Cappuccino - 2.45",9.3,CARD,8504696141760180
18/12/2024 12:34,Blackpool,Noel Ferrel,Large Cortado - 2.35,2.35,CARD,4816376235472908
18/12/2024 12:36,Blackpool,Roger Koch,Regular Red Label tea - 1.20,1.2,CARD,4193415604426009
18/12/2024 12:38,Blackpool,Carol Blevins,"Large Cappuccino - 2.45, Regular Cortado - 2.05, Regular Red Label tea - 1.20",5.7,CARD,8056281375041797
18/12/2024 12:40,Blackpool,Sarah Mason,"Regular Flavoured latte - Hazelnut - 2.55, Large Red Label tea - 1.80, Large Cortado - 2.35, Large Flavoured latte - Hazelnut - 2.85, Regular Flavoured latte - Hazelnut - 2.55",12.1,CASH,
18/12/2024 12:42,Blackpool,Angela Vanwassenhove,Regular Flavoured latte - Hazelnut - 2.55,2.55,CARD,9812132676808704
18/12/2024 12:44,Blackpool,George Barrett,"Large Cappuccino - 2.45, Regular Cortado - 2.05, Large Flavoured latte - Hazelnut - 2.85",7.35,CARD,8123196765974126
18/12/2024 12:45,Blackpool,Judy Mucha,"Large Cortado - 2.35, Large Red Label tea - 1.80",4.15,CASH,
18/12/2024 12:47,Blackpool,Scott Gibson,"Large Cappuccino - 2.45, Regular Cappuccino - 2.15",4.6,CARD,7340217811924469
18/12/2024 12:49,Blackpool,George Oneal,"Regular Cappuccino - 2.15, Regular Red Label tea - 1.20, Large Red Label tea - 1.80",5.15,CARD,4046762941359647
18/12/2024 12:51,Blackpool,Lauren Smith,"Regular Cappuccino - 2.15, Regular Flavoured latte - Hazelnut - 2.55, Large Cortado - 2.35, Large Red Label tea - 1.80",8.85,CARD,6937935020857639
18/12/2024 12:53,Blackpool,Sara Jenson,"Large Red Label tea - 1.80, Regular Cortado - 2.05, Large Flavoured latte - Hazelnut - 2.85",6.7,CASH,
18/12/2024 12:55,Blackpool,Jessica Anderson,"Large Red Label tea - 1.80, Large Cappuccino - 2.45, Regular Flavoured latte - Hazelnut - 2.55, Large Cortado - 2.35, Large Cortado - 2.35",11.5,CASH,
18/12/2024 12:57,Blackpool,Debra Mccluer,"Large Cortado - 2.35, Large Cappuccino - 2.45, Regular Red Label tea - 1.20",6.0,CARD,7809535535499719
18/12/2024 12:59,Blackpool,Eugenio Miltenberger,Large Flavoured latte - Hazelnut - 2.85,2.85,CARD,3337918985045601
18/12/2024 13:01,Blackpool,Terrance Holmes,"Large Cortado - 2.35, Large Cortado - 2.35, Large Flavoured latte - Hazelnut - 2.85",7.55,CARD,9558146423171214
18/12/2024 13:04,Blackpool,Christine Lowe,"Regular Red Label tea - 1.20, Large Cortado - 2.35",3.55,CARD,5477279877896784
18/12/2024 13:08,Blackpool,Amy Harvey,Large Cappuccino - 2.45,2.45,CASH,
18/12/2024 13:11,Blackpool,Sharon Saysongkham,"Large Flavoured latte - Hazelnut - 2.85, Large Cappuccino - 2.45, Regular Cappuccino - 2.15, Large Flavoured latte - Hazelnut - 2.85, Large Cappuccino - 2.45",12.75,CASH,
18/12/2024 13:14,Blackpool,Terence Gomez,"Regular Cortado - 2.05, Large Red Label tea - 1.80, Large Cortado - 2.35, Large Cortado - 2.35, Regular Flavoured latte - Hazelnut - 2.55, Regular Red Label tea - 1.20",12.3,CARD,3641557507181527
18/12/2024 13:18,Blackpool,Annette Birdsell,Regular Cortado - 2.05,2.05,CARD,5876624594609085
18/12/2024 13:21,Blackpool,Carrie Salter,Large Cappuccino - 2.45,2.45,CARD,4753230479019989
18/12/2024 13:24,Blackpool,Edna Hester,"Large Flavoured latte - Hazelnut - 2.85, Regular Red Label tea - 1.20, Regular Red Label tea - 1.20, Regular Cortado - 2.05",7.3,CARD,8754335601943587
18/12/2024 13:28,Blackpool,Brian Allen,"Regular Cortado - 2.05, Regular Cortado - 2.05",4.1,CASH,
18/12/2024 13:31,Blackpool,John Montenegro,"Large Cappuccino - 2.45, Regular Cappuccino - 2.15",4.6,CARD,3803675214722453
18/12/2024 13:34,Blackpool,Angelica Cain,"Regular Red Label tea - 1.20, Large Red Label tea - 1.80, Large Cortado - 2.35",5.35,CARD,6477192961826114
18/12/2024 13:38,Blackpool,Glen Aracena,"Large Cortado - 2.35, Regular Cappuccino - 2.15, Regular Red Label tea - 1.20",5.7,CARD,1760051759708378
18/12/2024 13:41,Blackpool,Linda Leonhart,Large Cappuccino - 2.45,2.45,CARD,7124607633491594
18/12/2024 13:44,Blackpool,Rochelle Valles,"Large Cortado - 2.35, Large Red Label tea - 1.80",4.15,CARD,2966209461008673
18/12/2024 13:48,Blackpool,Charlie Parsons,"Regular Cortado - 2.05, Large Red Label tea - 1.80",3.85,CARD,4397792005606952
18/12/2024 13:51,Blackpool,Robert Quiroz,"Large Cortado - 2.35, Regular Cappuccino - 2.15",4.5,CASH,
18/12/2024 13:54,Blackpool,Stephanie Bunnell,"Regular Flavoured latte - Hazelnut - 2.55, Regular Cappuccino - 2.15, Large Cortado - 2.35, Regular Cappuccino - 2.15",9.2,CARD,8159018149726066
18/12/2024 13:58,Blackpool,Teresa Foust,"Regular Cappuccino - 2.15, Large Flavoured latte - Hazelnut - 2.85, Large Cortado - 2.35",7.35,CASH,
18/12/2024 14:01,Blackpool,Jessica Hoeppner,"Regular Flavoured latte - Hazelnut - 2.55, Regular Red Label tea - 1.20, Large Cortado - 2.35, Regular Flavoured latte - Hazelnut - 2.55, Regular Red Label tea - 1.20, Regular Cortado - 2.05",11.9,CARD,8182087549441681
18/12/2024 14:03,Blackpool,Ollie Custer,"Large Flavoured latte - Hazelnut - 2.85, Large Cappuccino - 2.45",5.3,CASH,
18/12/2024 14:05,Blackpool,Martha Wright,"Regular Red Label tea - 1.20, Regular Cappuccino - 2.15, Large Cortado - 2.35",5.7,CARD,9094801756187232
18/12/2024 14:07,Blackpool,Robert Ezell,"Large Red Label tea - 1.80, Regular Cortado - 2.05",3.85,CASH,
18/12/2024 14:09,Blackpool,Anita Hodge,"Regular Cortado - 2.05, Large Cortado - 2.35, Regular Red Label tea - 1.20",5.6,CARD,6665669756498837
18/12/2024 14:11,Blackpool,William Hines,"Regular Cortado - 2.05, Large Red Label tea - 1.80",3.85,CASH,
18/12/2024 14:13,Blackpool,Timothy Dell,"Large Cappuccino - 2.45, Large Cortado - 2.35, Large Cappuccino - 2.45",7.25,CARD,7982132957947998
18/12/2024 14:14,Blackpool,Kristina Bart,Large Red Label tea - 1.80,1.8,CASH,
18/12/2024 14:16,Blackpool,Janet Peterson,"Large Cortado - 2.35, Large Red Label tea - 1.80, Regular Flavoured latte - Hazelnut - 2.55, Large Cappuccino - 2.45, Regular Flavoured latte - Hazelnut - 2.55",11.7,CARD,2323351596498126
18/12/2024 14:18,Blackpool,Todd Mangram,Large Flavoured latte - Hazelnut - 2.85,2.85,CARD,7919680411452084
18/12/2024 14:20,Blackpool,Todd Porter,"Regular Cappuccino - 2.15, Large Cortado - 2.35, Large Flavoured latte - Hazelnut - 2.85",7.35,CARD,7948692115304963
18/12/2024 14:22,Blackpool,Ann Petersen,Regular Cortado - 2.05,2.05,CASH,
18/12/2024 14:24,Blackpool,Robert Dardis,"Large Flavoured latte - Hazelnut - 2.85, Large Red Label tea - 1.80, Large Cappuccino - 2.45, Large Cappuccino - 2.45, Large Red Label tea - 1.80",11.35,CARD,7915614166076956
18/12/2024 14:26,Blackpool,Casey Sanders,Large Cortado - 2.35,2.35,CARD,1483640971177650
18/12/2024 14:28,Blackpool,John Konakowitz,"Regular Red Label tea - 1.20, Large Red Label tea - 1.80, Regular Cortado - 2.05, Regular Cappuccino - 2.15",7.2,CASH,
18/12/2024 14:30,Blackpool,Jesus Lowe,"Large Red Label tea - 1.80, Regular Cortado - 2.05, Large Cortado - 2.35, Large Flavoured latte - Hazelnut - 2.85, Large Red Label tea - 1.80, Large Cortado - 2.35",13.2,CARD,6755994535196366
18/12/2024 14:32,Blackpool,Bruce Cutting,"Large Flavoured latte - Hazelnut - 2.85, Regular Flavoured latte - Hazelnut - 2.55, Regular Cortado - 2.05",7.45,CARD,6729262433318508
18/12/2024 14:34,Blackpool,Helen Ashcraft,"Regular Red Label tea - 1.20, Regular Flavoured latte - Hazelnut - 2.55",3.75,CARD,1154150053987260
18/12/2024 14:36,Blackpool,Paul Asencio,"Regular Cappuccino - 2.15, Large Red Label tea - 1.80, Regular Cappuccino - 2.15, Large Red Label tea - 1.80",7.9,CARD,5999325357615209
18/12/2024 14:38,Blackpool,India Salizar,"Regular Cortado - 2.05, Large Flavoured latte - Hazelnut - 2.85, Large Cappuccino - 2.45",7.35,CARD,8942588884190324
18/12/2024 14:40,Blackpool,Michael Burton,"Regular Cappuccino - 2.15, Regular Flavoured latte - Hazelnut - 2.55, Regular Cappuccino - 2.15, Large Cortado - 2.35, Regular Flavoured latte - Hazelnut - 2.55",11.75,CARD,9054100318490348
18/12/2024 14:42,Blackpool,Jane Lamkin,"Regular Flavoured latte - Hazelnut - 2.55, Regular Red Label tea - 1.20, Regular Cappuccino - 2.15, Regular Cortado - 2.05, Regular Red Label tea - 1.20, Regular Cortado - 2.05",11.2,CASH,
18/12/2024 14:43,Blackpool,Sabrina Cox,"Large Red Label tea - 1.80, Large Cortado - 2.35, Regular Red Label tea - 1.20, Regular Flavoured latte - Hazelnut - 2.55, Regular Red Label tea - 1.20, Regular Flavoured latte - Hazelnut - 2.55",11.65,CARD,5207138171620997
18/12/2024 14:45,Blackpool,Pauline Proulx,"Regular Cappuccino - 2.15, Large Flavoured latte - Hazelnut - 2.85",5.0,CARD,6148784203723394
18/12/2024 14:47,Blackpool,Robert Swigart,"Regular Flavoured latte - Hazelnut - 2.55, Regular Cortado - 2.05, Large Cortado - 2.35, Large Cortado - 2.35, Regular Flavoured latte - Hazelnut - 2.55, Regular Red Label tea - 1.20",13.05,CARD,6200262876116020
18/12/2024 14:49,Blackpool,Donna Underwood,Regular Cortado - 2.05,2.05,CARD,8763884221129618
18/12/2024 14:51,Blackpool,Nicholas Mitchell,"Large Cappuccino - 2.45, Regular Cortado - 2.05, Regular Cortado - 2.05",6.55,CARD,3115370934539430
18/12/2024 14:53,Blackpool,Michael Faul,Regular Cappuccino - 2.15,2.15,CARD,8282803396962517
18/12/2024 14:55,Blackpool,Carla Eudy,"Regular Red Label tea - 1.20, Regular Cortado - 2.05, Regular Cortado - 2.05, Large Flavoured latte - Hazelnut - 2.85, Regular Flavoured latte - Hazelnut - 2.55, Large Flavoured latte - Hazelnut - 2.85",13.55,CARD,1923538902695008
18/12/2024 14:57,Blackpool,Inez Hudson,"Regular Cortado - 2.05, Regular Flavoured latte - Hazelnut - 2.55",4.6,CASH,
18/12/2024 14:59,Blackpool,Mark Hash,"Large Cappuccino - 2.45, Large Flavoured latte - Hazelnut - 2.85, Large Red Label tea - 1.80, Large Flavoured latte - Hazelnut - 2.85, Regular Cortado - 2.05",12.0,CARD,1806824564529753
18/12/2024 15:01,Blackpool,Virginia Crossan,Large Cortado - 2.35,2.35,CARD,1184825975791717
18/12/2024 15:02,Blackpool,Kyle Huelle,"Large Cappuccino - 2.45, Large Cappuccino - 2.45",4.9,CARD,6375049438586282
18/12/2024 15:03,Blackpool,Louis Yamakawa,"Large Flavoured latte - Hazelnut - 2.85, Large Cappuccino - 2.45, Large Cappuccino - 2.45, Large Red Label tea - 1.80, Regular Cappuccino - 2.15, Regular Flavoured latte - Hazelnut - 2.55",14.25,CASH,
18/12/2024 15:04,Blackpool,Stephen Simmons,"Regular Flavoured latte - Hazelnut - 2.55, Regular Flavoured latte - Hazelnut - 2.55, Regular Flavoured latte - Hazelnut - 2.55, Regular Flavoured latte - Hazelnut - 2.55, Large Cortado - 2.35, Large Cortado - 2.35",14.9,CASH,
18/12/2024 15:05,Blackpool,Nicole Rogers,"Large Cortado - 2.35, Regular Red Label tea - 1.20, Large Red Label tea - 1.80, Regular Red Label tea - 1.20, Large Red Label tea - 1.80",8.35,CARD,3536109571773311
18/12/2024 15:05,Blackpool,Timothy Jones,"Large Red Label tea - 1.80, Large Red Label tea - 1.80, Large Cortado - 2.35, Regular Cappuccino - 2.15, Regular Flavoured latte - Hazelnut - 2.55",10.65,CASH,
18/12/2024 15:06,Blackpool,Nicole Holt,"Regular Flavoured latte - Hazelnut - 2.55, Regular Cortado - 2.05, Large Cortado - 2.35",6.95,CARD,2700456330020914
18/12/2024 15:07,Blackpool,Bertha Carter,Regular Cappuccino - 2.15,2.15,CASH,
18/12/2024 15:08,Blackpool,Paula Steele,"Regular Red Label tea - 1.20, Large Flavoured latte - Hazelnut - 2.85",4.05,CARD,2588449342444064
18/12/2024 15:09,Blackpool,Joseph Jones,Regular Red Label tea - 1.20,1.2,CASH,
18/12/2024 15:10,Blackpool,John Prather,"Regular Cortado - 2.05, Large Cappuccino - 2.45, Large Cortado - 2.35",6.85,CARD,5280643826132501
18/12/2024 15:11,Blackpool,Erica Tucker,"Large Red Label tea - 1.80, Regular Cappuccino - 2.15",3.95,CASH,
18/12/2024 15:12,Blackpool,Patricia Williams,"Large Flavoured latte - Hazelnut - 2.85, Regular Cappuccino - 2.15, Large Cortado - 2.35, Large Flavoured latte - Hazelnut - 2.85, Large Cortado - 2.35, Regular Flavoured latte - Hazelnut - 2.55",15.1,CASH,
18/12/2024 15:13,Blackpool,Christene Murphy,"Regular Cappuccino - 2.15, Large Flavoured latte - Hazelnut - 2.85, Regular Cortado - 2.05, Large Cortado - 2.35, Large Flavoured latte - Hazelnut - 2.85",12.25,CARD,5121800534145563
18/12/2024 15:14,Blackpool,Bessie Wright,Large Flavoured latte - Hazelnut - 2.85,2.85,CARD,5732594222878924
18/12/2024 15:15,Blackpool,Donald Foster,"Regular Cappuccino - 2.15, Large Cortado - 2.35, Large Red Label tea - 1.80, Large Flavoured latte - Hazelnut - 2.85, Regular Red Label tea - 1.20, Large Cortado - 2.35",12.7,CARD,1722821818325152
18/12/2024 15:16,Blackpool,Howard Edwards,"Regular Red Label tea - 1.20, Regular Cortado - 2.05, Large Cortado - 2.35, Regular Flavoured latte - Hazelnut - 2.55, Regular Cappuccino - 2.15",10.3,CARD,4532888292773268
18/12/2024 15:16,Blackpool,James Carter,Regular Cappuccino - 2.15,2.15,CASH,
18/12/2024 15:17,Blackpool,Shirley Gibson,"Large Cappuccino - 2.45, Regular Flavoured latte - Hazelnut - 2.55",5.0,CASH,
18/12/2024 15:18,Blackpool,Donald Fields,Regular Flavoured latte - Hazelnut - 2.55,2.55,CARD,2949162916689693
18/12/2024 15:19,Blackpool,Bonnie Soto,"Regular Red Label tea - 1.20, Large Flavoured latte - Hazelnut - 2.85",4.05,CARD,8645744029453110
18/12/2024 15:20,Blackpool,Cheryl Conaughty,"Regular Flavoured latte - Hazelnut - 2.55, Large Cortado - 2.35, Regular Red Label tea - 1.20, Large Red Label tea - 1.80, Regular Flavoured latte - Hazelnut - 2.55, Large Flavoured latte - Hazelnut - 2.85",13.3,CARD,6255991206950423
18/12/2024 15:21,Blackpool,Evelyn Newman,"Regular Cappuccino - 2.15, Large Cortado - 2.35, Regular Flavoured latte - Hazelnut - 2.55, Regular Flavoured latte - Hazelnut - 2.55, Large Cortado - 2.35",11.95,CARD,3843470487046559
18/12/2024 15:22,Blackpool,Sarah Ireland,"Regular Cortado - 2.05, Large Flavoured latte - Hazelnut - 2.85",4.9,CARD,1226137820278741
18/12/2024 15:23,Blackpool,Sylvia Lipford,"Regular Cappuccino - 2.15, Regular Flavoured latte - Hazelnut - 2.55, Regular Cortado - 2.05, Large Cappuccino - 2.45, Regular Cortado - 2.05",11.25,CARD,2030893641836489
18/12/2024 15:24,Blackpool,Andrew Rodriguez,"Regular Red Label tea - 1.20, Large Cortado - 2.35, Regular Cortado - 2.05, Large Flavoured latte - Hazelnut - 2.85",8.45,CARD,6683606908279011
18/12/2024 15:25,Blackpool,Scott Thomas,"Large Cappuccino - 2.45, Regular Flavoured latte - Hazelnut - 2.55, Regular Flavoured latte - Hazelnut - 2.55",7.55,CARD,2854384556218972
18/12/2024 15:26,Blackpool,Ricky Long,"Large Red Label tea - 1.80, Regular Cappuccino - 2.15, Regular Red Label tea - 1.20, Large Red Label tea - 1.80, Large Red Label tea - 1.80",8.75,CASH,
18/12/2024 15:27,Blackpool,Bernice Williams,"Large Cappuccino - 2.45, Regular Red Label tea - 1.20, Large Flavoured latte - Hazelnut - 2.85",6.5,CARD,9725776992351385
18/12/2024 15:27,Blackpool,Anne Shelton,"Regular Red Label tea - 1.20, Large Flavoured latte - Hazelnut - 2.85, Regular Red Label tea - 1.20",5.25,CARD,3615971500469917
18/12/2024 15:28,Blackpool,Bobby Piatkowski,"Regular Flavoured latte - Hazelnut - 2.55, Regular Red Label tea - 1.20, Large Red Label tea - 1.80, Large Flavoured latte - Hazelnut - 2.85",8.4,CARD,5634783966094955
18/12/2024 15:29,Blackpool,Tina Darrell,"Large Flavoured latte - Hazelnut - 2.85, Regular Red Label tea - 1.20, Large Flavoured latte - Hazelnut - 2.85, Large Cappuccino - 2.45",9.35,CARD,5482584573399530
18/12/2024 15:30,Blackpool,Norma Leon,"Regular Flavoured latte - Hazelnut - 2.55, Large Cappuccino - 2.45",5.0,CASH,
18/12/2024 15:31,Blackpool,Colby Brandt,Large Flavoured latte - Hazelnut - 2.85,2.85,CARD,3051739540173344
18/12/2024 15:32,Blackpool,Andrea Wright,Regular Flavoured latte - Hazelnut - 2.55,2.55,CARD,8423836348434280
18/12/2024 15:33,Blackpool,Sandra Johnson,"Regular Flavoured latte - Hazelnut - 2.55, Large Cappuccino - 2.45",5.0,CASH,
18/12/2024 15:34,Blackpool,Denise Dillman,Large Cappuccino - 2.45,2.45,CARD,9328132493682615
18/12/2024 15:35,Blackpool,Doris Tarantino,"Regular Flavoured latte - Hazelnut - 2.55, Large Cappuccino - 2.45, Large Cappuccino - 2.45",7.45,CARD,3673687152367669
18/12/2024 15:36,Blackpool,Barbara Hibbard,Large Flavoured latte - Hazelnut - 2.85,2.85,CARD,2107861847312134
18/12/2024 15:37,Blackpool,Steve Niehaus,"Regular Flavoured latte - Hazelnut - 2.55, Large Cortado - 2.35, Regular Cappuccino - 2.15, Large Flavoured latte - Hazelnut - 2.85",9.9,CASH,
18/12/2024 15:38,Blackpool,Kim Tharp,"Large Cortado - 2.35, Regular Cappuccino - 2.15",4.5,CARD,7924925204020668
18/12/2024 15:38,Blackpool,Jessica Rivera,"Regular Cortado - 2.05, Large Red Label tea - 1.80",3.85,CARD,3298956626358629
18/12/2024 15:39,Blackpool,Renee Blanchard,"Large Cortado - 2.35, Large Red Label tea - 1.80",4.15,CARD,1136476768283636
18/12/2024 15:40,Blackpool,Hortencia Pruneda,"Large Flavoured latte - Hazelnut - 2.85, Regular Flavoured latte - Hazelnut - 2.55, Regular Flavoured latte - Hazelnut - 2.55, Regular Cappuccino - 2.15, Large Flavoured latte - Hazelnut - 2.85",12.95,CASH,
18/12/2024 15:41,Blackpool,Megan Hartley,Regular Red Label tea - 1.20,1.2,CARD,6714026375851331
18/12/2024 15:42,Blackpool,Betty Phillips,"Large Flavoured latte - Hazelnut - 2.85, Regular Flavoured latte - Hazelnut - 2.55, Large Red Label tea - 1.80, Large Cappuccino - 2.45, Large Cortado - 2.35",12.0,CARD,7647818384053108
18/12/2024 15:43,Blackpool,Joseph Spradlin,"Regular Cortado - 2.05, Large Red Label tea - 1.80, Regular Cappuccino - 2.15, Large Cappuccino - 2.45, Regular Cortado - 2.05, Large Cappuccino - 2.45",12.95,CARD,8650719423455646
18/12/2024 15:44,Blackpool,Timothy Harrell,"Large Flavoured latte - Hazelnut - 2.85, Large Cortado - 2.35, Regular Flavoured latte - Hazelnut - 2.55",7.75,CARD,5856056316872907
18/12/2024 15:45,Blackpool,Kristina Palmer,"Regular Cappuccino - 2.15, Large Red Label tea - 1.80, Regular Cortado - 2.05",6.0,CARD,4749090584108432
18/12/2024 15:46,Blackpool,Debbie Cook,"Regular Cortado - 2.05, Regular Cappuccino - 2.15, Large Cortado - 2.35, Regular Cappuccino - 2.15",8.7,CARD,9727110238514731
18/12/2024 15:47,Blackpool,Susan Doyon,"Large Red Label tea - 1.80, Large Cortado - 2.35",4.15,CARD,9900979803347679
18/12/2024 15:48,Blackpool,Neva Ward,"Large Red Label tea - 1.80, Large Cappuccino - 2.45, Large Cortado - 2.35, Large Cappuccino - 2.45, Regular Flavoured latte - Hazelnut - 2.55, Regular Flavoured latte - Hazelnut - 2.55",14.15,CARD,5641095180117682
18/12/2024 15:49,Blackpool,Kenneth Espinal,"Regular Red Label tea - 1.20, Regular Flavoured latte - Hazelnut - 2.55, Large Cortado - 2.35",6.1,CASH,
18/12/2024 15:49,Blackpool,Tristan Aguilar,Large Cortado - 2.35,2.35,CASH,
18/12/2024 15:50,Blackpool,Gary Stovall,"Large Cappuccino - 2.45, Regular Flavoured latte - Hazelnut - 2.55",5.0,CARD,6767409936594103
18/12/2024 15:51,Blackpool,Ethel Musgrave,"Large Red Label tea - 1.80, Large Flavoured latte - Hazelnut - 2.85",4.65,CASH,
18/12/2024 15:52,Blackpool,Elizabeth Holtgrewe,"Large Cappuccino - 2.45, Large Cappuccino - 2.45, Large Cortado - 2.35",7.25,CARD,6188636173459684
18/12/2024 15:53,Blackpool,Albert Yaple,"Regular Red Label tea - 1.20, Regular Red Label tea - 1.20",2.4,CASH,
18/12/2024 15:54,Blackpool,James Wood,"Regular Flavoured latte - Hazelnut - 2.55, Large Cappuccino - 2.45, Large Cappuccino - 2.45, Regular Cortado - 2.05, Regular Red Label tea - 1.20",10.7,CARD,6985143841181602
18/12/2024 15:55,Blackpool,Billie Williams,"Regular Flavoured latte - Hazelnut - 2.55, Large Flavoured latte - Hazelnut - 2.85, Regular Cortado - 2.05",7.45,CARD,6405438624729103
18/12/2024 15:56,Blackpool,Philip Montes,"Regular Flavoured latte - Hazelnut - 2.55, Regular Red Label tea - 1.20",3.75,CASH,
18/12/2024 15:57,Blackpool,Johnny Evans,"Regular Cappuccino - 2.15, Large Red Label tea - 1.80, Large Cappuccino - 2.45, Regular Cappuccino - 2.15",8.55,CARD,3555518296669564
18/12/2024 15:58,Blackpool,Scott Mendoza,"Large Red Label tea - 1.80, Large Flavoured latte - Hazelnut - 2.85",4.65,CARD,5909285035419098
18/12/2024 15:59,Blackpool,Traci Colby,"Large Cortado - 2.35, Regular Flavoured latte - Hazelnut - 2.55, Regular Flavoured latte - Hazelnut - 2.55, Regular Red Label tea - 1.20, Large Flavoured latte - Hazelnut - 2.85",11.5,CARD,6831007599080889
18/12/2024 16:00,Blackpool,Alan Anaya,Large Flavoured latte - Hazelnut - 2.85,2.85,CARD,1723537025062160
18/12/2024 16:04,Blackpool,Michael Jackson,"Regular Cortado - 2.05, Regular Cappuccino - 2.15, Large Flavoured latte - Hazelnut - 2.85, Large Red Label tea - 1.80, Large Flavoured latte - Hazelnut - 2.85",11.7,CARD,6924933927409568
18/12/2024 16:09,Blackpool,Doris Brubaker,Regular Red Label tea - 1.20,1.2,CARD,6431644743550973
18/12/2024 16:13,Blackpool,Jason Hunt,"Regular Flavoured latte - Hazelnut - 2.55, Large Flavoured latte - Hazelnut - 2.85",5.4,CASH,
18/12/2024 16:18,Blackpool,Donn Novak,"Large Red Label tea - 1.80, Large Red Label tea - 1.80",3.6,CARD,7775196325839118
18/12/2024 16:23,Blackpool,Dianne Bisarra,"Large Flavoured latte - Hazelnut - 2.85, Large Flavoured latte - Hazelnut - 2.85, Regular Cortado - 2.05, Large Flavoured latte - Hazelnut - 2.85",10.6,CARD,7565495412952562
18/12/2024 16:27,Blackpool,Shawn Burge,"Regular Red Label tea - 1.20, Regular Cappuccino - 2.15",3.35,CASH,
18/12/2024 16:32,Blackpool,Debbie Birkline,Large Cappuccino - 2.45,2.45,CASH,
18/12/2024 16:36,Blackpool,David Hinson,Large Flavoured latte - Hazelnut - 2.85,2.85,CASH,
18/12/2024 16:41,Blackpool,Verna Henry,Large Red Label tea - 1.80,1.8,CARD,3420200912039267
18/12/2024 16:46,Blackpool,Wayne Roman,"Regular Cappuccino - 2.15, Large Cortado - 2.35, Regular Cortado - 2.05",6.55,CARD,4445276633752228
18/12/2024 16:50,Blackpool,Linda Peets,"Regular Red Label tea - 1.20, Large Cortado - 2.35",3.55,CASH,
18/12/2024 16:55,Blackpool,Betty Martinez,"Large Cortado - 2.35, Regular Cappuccino - 2.15, Regular Cappuccino - 2.15, Regular Cappuccino - 2.15",8.8,CARD,7571891984044307
18/12/2024 16:59,Blackpool,Michael Brace,Large Cortado - 2.35,2.35,CARD,6142203746220204
18/12/2024 17:04,Blackpool,Rocio Joseph,Large Cortado - 2.35,2.35,CARD,6812458171747563
18/12/2024 17:07,Blackpool,Gwen Hampton,"Regular Flavoured latte - Hazelnut - 2.55, Regular Flavoured latte - Hazelnut - 2.55, Regular Flavoured latte - Hazelnut - 2.55, Regular Cappuccino - 2.15, Regular Cappuccino - 2.15",11.95,CARD,3813263800783449
18/12/2024 17:10,Blackpool,David Phillips,"Large Cortado - 2.35, Regular Flavoured latte - Hazelnut - 2.55",4.9,CARD,6015905111998678
18/12/2024 17:13,Blackpool,Larry Smith,"Regular Flavoured latte - Hazelnut - 2.55, Large Flavoured latte - Hazelnut - 2.85, Large Cortado - 2.35, Regular Cappuccino - 2.15",9.9,CARD,4190138709030933
18/12/2024 17:16,Blackpool,Douglas Allen,"Large Cappuccino - 2.45, Large Cappuccino - 2.45, Large Cortado - 2.35",7.25,CASH,
18/12/2024 17:19,Blackpool,Kathleen Blackwell,"Large Cortado - 2.35, Large Red Label tea - 1.80",4.15,CARD,4439762510123762
18/12/2024 17:22,Blackpool,Robert Hill,"Large Flavoured latte - Hazelnut - 2.85, Large Flavoured latte - Hazelnut - 2.85, Regular Red Label tea - 1.20, Large Flavoured latte - Hazelnut - 2.85, Regular Cappuccino - 2.15",11.9,CARD,2540253425585006
18/12/2024 17:25,Blackpool,Tricia Maffei,"Large Red Label tea - 1.80, Regular Flavoured latte - Hazelnut - 2.55",4.35,CARD,7430288987735012
18/12/2024 17:28,Blackpool,David Hill,"Large Cortado - 2.35, Regular Red Label tea - 1.20, Regular Cappuccino - 2.15, Large Cortado - 2.35",8.05,CARD,3828522255672690
18/12/2024 17:31,Blackpool,Michelle Lee,Large Flavoured latte - Hazelnut - 2.85,2.85,CASH,
18/12/2024 17:34,Blackpool,Barbara Roach,"Large Cortado - 2.35, Large Cappuccino - 2.45, Large Red Label tea - 1.80",6.6,CASH,
18/12/2024 17:37,Blackpool,Amanda Woods,Regular Red Label tea - 1.20,1.2,CARD,2819544615799139
18/12/2024 17:40,Blackpool,Tammy Crafton,"Large Flavoured latte - Hazelnut - 2.85, Large Red Label tea - 1.80, Large Flavoured latte - Hazelnut - 2.85",7.5,CASH,
18/12/2024 17:43,Blackpool,Alberto Icardo,"Large Flavoured latte - Hazelnut - 2.85, Large Red Label tea - 1.80, Large Cappuccino - 2.45",7.1,CASH,
18/12/2024 17:46,Blackpool,Brian Johnson,"Regular Flavoured latte - Hazelnut - 2.55, Regular Flavoured latte - Hazelnut - 2.55, Regular Red Label tea - 1.20, Regular Red Label tea - 1.20, Large Cappuccino - 2.45",9.95,CARD,5012985787746210
18/12/2024 17:49,Blackpool,Dale Curtis,"Large Red Label tea - 1.80, Regular Red Label tea - 1.20",3.0,CARD,3583177018391660
18/12/2024 17:52,Blackpool,Chris Duerr,"Regular Flavoured latte - Hazelnut - 2.55, Regular Red Label tea - 1.20, Large Red Label tea - 1.80",5.55,CARD,5435621143746919
18/12/2024 17:55,Blackpool,Marion Rein,"Large Flavoured latte - Hazelnut - 2.85, Regular Cappuccino - 2.15, Large Red Label tea - 1.80, Regular Cortado - 2.05",8.85,CARD,1480336972025804
18/12/2024 17:58,Blackpool,Ma Flowers,Regular Cappuccino - 2.15,2.15,CARD,8009119300046858
18/12/2024 18:01,Blackpool,Letha Vernon,"Regular Red Label tea - 1.20, Large Red Label tea - 1.80, Regular Flavoured latte - Hazelnut - 2.55, Large Flavoured latte - Hazelnut - 2.85",8.4,CARD,6883179500291698
18/12/2024 18:05,Blackpool,Augustine Thurston,"Regular Cortado - 2.05, Large Cappuccino - 2.45, Large Cortado - 2.35",6.85,CARD,2318821706749515
18/12/2024 18:10,Blackpool,Austin Bowen,"Regular Red Label tea - 1.20, Regular Cortado - 2.05, Large Red Label tea - 1.80, Regular Flavoured latte - Hazelnut - 2.55, Large Cortado - 2.35",9.95,CASH,
18/12/2024 18:14,Blackpool,Paul Spice,Large Cappuccino - 2.45,2.45,CARD,6513941643914836
18/12/2024 18:18,Blackpool,Lilian Kottke,Regular Red Label tea - 1.20,1.2,CARD,4225540296708919
18/12/2024 18:22,Blackpool,Betty Mccandless,"Large Flavoured latte - Hazelnut - 2.85, Regular Red Label tea - 1.20, Regular Cortado - 2.05, Large Cappuccino - 2.45, Large Red Label tea - 1.80",10.35,CARD,9119133151805816
18/12/2024 18:27,Blackpool,Randall Jackson,"Regular Cappuccino - 2.15, Large Cortado - 2.35, Regular Cortado - 2.05",6.55,CARD,6356249486172406
18/12/2024 18:31,Blackpool,Grace Pagan,"Large Flavoured latte - Hazelnut - 2.85, Regular Cortado - 2.05, Large Flavoured latte - Hazelnut - 2.85, Regular Red Label tea - 1.20",8.95,CASH,
18/12/2024 18:35,Blackpool,John Works,Regular Flavoured latte - Hazelnut - 2.55,2.55,CARD,5485942008125177
18/12/2024 18:40,Blackpool,Albert Packard,"Regular Flavoured latte - Hazelnut - 2.55, Regular Cortado - 2.05, Large Cortado - 2.35, Regular Cappuccino - 2.15",9.1,CARD,6589085623129025
18/12/2024 18:44,Blackpool,Billy Carper,Regular Flavoured latte - Hazelnut - 2.55,2.55,CASH,
18/12/2024 18:48,Blackpool,Stephen Miller,"Regular Cappuccino - 2.15, Regular Red Label tea - 1.20",3.35,CASH,
18/12/2024 18:52,Blackpool,James Rackham,"Large Cortado - 2.35, Regular Flavoured latte - Hazelnut - 2.55, Regular Flavoured latte - Hazelnut - 2.55",7.45,CARD,6629041884061889
18/12/2024 18:57,Blackpool,Judy Mattson,"Large Red Label tea - 1.80, Large Cappuccino - 2.45",4.25,CARD,4990772106121126
18/12/2024 19:01,Blackpool,Betty Tarrant,Large Red Label tea - 1.80,1.8,CARD,8279865482537127
18/12/2024 19:03,Blackpool,Brad Jordan,"Large Cappuccino - 2.45, Large Red Label tea - 1.80, Regular Flavoured latte - Hazelnut - 2.55, Large Cappuccino - 2.45, Large Red Label tea - 1.80, Regular Cortado - 2.05",13.1,CARD,2854617406924955
18/12/2024 19:05,Blackpool,James Olivares,Large Cappuccino - 2.45,2.45,CARD,6476286526692315
18/12/2024 19:07,Blackpool,Robert Mcguiness,Large Flavoured latte - Hazelnut - 2.85,2.85,CARD,3810768877972989
18/12/2024 19:10,Blackpool,Tracey Anschutz,Large Red Label tea - 1.80,1.8,CASH,
18/12/2024 19:12,Blackpool,Charlene Toolson,Regular Flavoured latte - Hazelnut - 2.55,2.55,CARD,8594867483005415
18/12/2024 19:14,Blackpool,Anna Nagao,"Regular Cortado - 2.05, Regular Cortado - 2.05, Regular Cortado - 2.05",6.15,CARD,6776873398694152
18/12/2024 19:16,Blackpool,Angel Jones,"Large Cappuccino - 2.45, Large Flavoured latte - Hazelnut - 2.85",5.3,CASH,
18/12/2024 19:18,Blackpool,Mary Cummings,"Large Cappuccino - 2.45, Regular Cappuccino - 2.15, Large Cortado - 2.35, Large Flavoured latte - Hazelnut - 2.85, Regular Red Label tea - 1.20",11.0,CARD,8631198313574651
18/12/2024 19:20,Blackpool,Jan Whisenand,Large Cortado - 2.35,2.35,CARD,6999299204858808
18/12/2024 19:22,Blackpool,Joesph Duer,Large Red Label tea - 1.80,1.8,CARD,8924249830932775
18/12/2024 19:24,Blackpool,Sue Maryland,"Large Cappuccino - 2.45, Large Cortado - 2.35",4.8,CARD,3397590307149637
18/12/2024 19:27,Blackpool,Doris Mcdonnell,"Large Red Label tea - 1.80, Regular Cortado - 2.05, Large Cortado - 2.35",6.2,CASH,
18/12/2024 19:29,Blackpool,Nancy Cockrell,"Large Cortado - 2.35, Large Flavoured latte - Hazelnut - 2.85, Regular Cappuccino - 2.15",7.35,CARD,2011990401383423
18/12/2024 19:31,Blackpool,George Carter,"Large Cortado - 2.35, Regular Cortado - 2.05, Large Red Label tea - 1.80, Large Red Label tea - 1.80, Regular Cappuccino - 2.15",10.15,CARD,7983837908847656
18/12/2024 19:33,Blackpool,Johnny Jaramillo,"Large Cortado - 2.35, Regular Cortado - 2.05, Regular Cortado - 2.05",6.45,CARD,1586063121851828
18/12/2024 19:35,Blackpool,Mary Stockton,Large Red Label tea - 1.80,1.8,CARD,5780516597572043
18/12/2024 19:37,Blackpool,John Osbourne,Large Flavoured latte - Hazelnut - 2.85,2.85,CARD,2124785478768951
18/12/2024 19:39,Blackpool,Thelma Clayton,Large Flavoured latte - Hazelnut - 2.85,2.85,CARD,2587361910967514
18/12/2024 19:42,Blackpool,Billy Sommerfeld,"Regular Red Label tea - 1.20, Regular Flavoured latte - Hazelnut - 2.55, Regular Cappuccino - 2.15",5.9,CASH,
18/12/2024 19:44,Blackpool,Kim Vallot,"Regular Cortado - 2.05, Large Red Label tea - 1.80, Large Flavoured latte - Hazelnut - 2.85",6.7,CARD,2819949340616218
18/12/2024 19:46,Blackpool,Anthony Cone,Large Cortado - 2.35,2.35,CARD,2397044694877925
18/12/2024 19:48,Blackpool,Johnny Martinez,"Regular Flavoured latte - Hazelnut - 2.55, Large Cortado - 2.35, Large Red Label tea - 1.80",6.7,CARD,1807934462979549
18/12/2024 19:50,Blackpool,Nathan Fullbright,"Regular Cappuccino - 2.15, Regular Cortado - 2.05, Regular Cortado - 2.05",6.25,CARD,9540809550879948
18/12/2024 19:52,Blackpool,Bethany Hoff,"Large Cappuccino - 2.45, Large Cortado - 2.35",4.8,CASH,
18/12/2024 19:54,Blackpool,Clarence Burns,"Large Cappuccino - 2.45, Large Flavoured latte - Hazelnut - 2.85, Regular Cappuccino - 2.15",7.45,CARD,2040100380034085
18/12/2024 19:56,Blackpool,Kelly Jones,"Regular Red Label tea - 1.20, Large Flavoured latte - Hazelnut - 2.85, Regular Cappuccino - 2.15",6.2,CARD,2606821072916470
18/12/2024 19:59,Blackpool,Nola Shelton,"Regular Cortado - 2.05, Regular Red Label tea - 1.20, Large Cortado - 2.35, Large Flavoured latte - Hazelnut - 2.85",8.45,CARD,8350794646570090
18/12/2024 20:01,Blackpool,Eric Schnakenberg,"Regular Cortado - 2.05, Regular Flavoured latte - Hazelnut - 2.55, Large Flavoured latte - Hazelnut - 2.85",7.45,CARD,5110410674877710
18/12/2024 20:02,Blackpool,Curtis Lagasca,"Regular Cappuccino - 2.15, Regular Red Label tea - 1.20, Regular Red Label tea - 1.20, Regular Cortado - 2.05",6.6,CARD,4319823111135940
18/12/2024 20:04,Blackpool,William Baker,"Regular Flavoured latte - Hazelnut - 2.55, Regular Cappuccino - 2.15, Regular Cortado - 2.05",6.75,CARD,9790064144065508
18/12/2024 20:05,Blackpool,Derrick Farley,"Regular Cappuccino - 2.15, Regular Cappuccino - 2.15, Large Red Label tea - 1.80",6.1,CARD,4795813705265712
18/12/2024 20:07,Blackpool,John Beach,"Regular Flavoured latte - Hazelnut - 2.55, Large Flavoured latte - Hazelnut - 2.85",5.4,CASH,
18/12/2024 20:08,Blackpool,Theron Gostlin,Large Red Label tea - 1.80,1.8,CARD,9533757599493241
18/12/2024 20:10,Blackpool,Janice Keele,"Regular Flavoured latte - Hazelnut - 2.55, Regular Red Label tea - 1.20",3.75,CARD,6994569492940440
18/12/2024 20:11,Blackpool,Iva Flores,"Regular Cappuccino - 2.15, Regular Flavoured latte - Hazelnut - 2.55, Regular Red Label tea - 1.20",5.9,CARD,7166559045589957
18/12/2024 20:13,Blackpool,Mark Tindell,"Large Cortado - 2.35, Regular Flavoured latte - Hazelnut - 2.55, Large Red Label tea - 1.80, Regular Flavoured latte - Hazelnut - 2.55",9.25,CARD,4496408895192812
18/12/2024 20:14,Blackpool,Byron Henry,"Regular Flavoured latte - Hazelnut - 2.55, Large Cortado - 2.35, Regular Cappuccino - 2.15, Regular Cappuccino - 2.15, Regular Cortado - 2.05",11.25,CARD,1557293871748899
18/12/2024 20:16,Blackpool,Jessie Cameron,Large Cortado - 2.35,2.35,CARD,8125523551202661
18/12/2024 20:17,Blackpool,James Holcomb,"Large Red Label tea - 1.80, Regular Cortado - 2.05",3.85,CARD,9299148144507114
18/12/2024 20:19,Blackpool,Rose Dawson,Regular Flavoured latte - Hazelnut - 2.55,2.55,CARD,7180791002833560
18/12/2024 20:20,Blackpool,Miguel Schaefer,"Large Cappuccino - 2.45, Regular Cortado - 2.05, Regular Cortado - 2.05, Large Cappuccino - 2.45, Regular Cortado - 2.05",11.05,CARD,9970128153273981
18/12/2024 20:22,Blackpool,Diedra Grove,"Large Cortado - 2.35, Large Red Label tea - 1.80, Large Cortado - 2.35",6.5,CARD,7068506628692601
18/12/2024 20:23,Blackpool,Kevin Valcourt,"Large Red Label tea - 1.80, Regular Flavoured latte - Hazelnut - 2.55",4.35,CARD,5414630393174058
18/12/2024 20:25,Blackpool,Anna Kingore,"Large Cortado - 2.35, Large Cortado - 2.35, Regular Red Label tea - 1.20",5.9,CARD,8518254189006684
18/12/2024 20:26,Blackpool,Charles Pontillo,"Large Flavoured latte - Hazelnut - 2.85, Large Cortado - 2.35",5.2,CASH,
18/12/2024 20:28,Blackpool,Katherine Waldal,"Large Red Label tea - 1.80, Regular Cappuccino - 2.15",3.95,CASH,
18/12/2024 20:29,Blackpool,Don Mermis,Large Flavoured latte - Hazelnut - 2.85,2.85,CASH,
18/12/2024 20:31,Blackpool,Mary Salmon,"Large Cortado - 2.35, Large Cappuccino - 2.45",4.8,CARD,4120608644616138
18/12/2024 20:32,Blackpool,Maggie Cruz,"Large Cappuccino - 2.45, Large Cappuccino - 2.45, Regular Red Label tea - 1.20",6.1,CARD,6144538905596546
18/12/2024 20:34,Blackpool,Maggie Paquet,"Large Flavoured latte - Hazelnut - 2.85, Large Flavoured latte - Hazelnut - 2.85",5.7,CARD,4105104341028995
18/12/2024 20:35,Blackpool,Gail Ricks,"Regular Flavoured latte - Hazelnut - 2.55, Large Cortado - 2.35",4.9,CARD,3659996441488314
18/12/2024 20:37,Blackpool,Ethel Grewe,"Regular Flavoured latte - Hazelnut - 2.55, Regular Cortado - 2.05, Large Red Label tea - 1.80",6.4,CARD,2358582961967934
18/12/2024 20:38,Blackpool,Mark Peters,"Large Cappuccino - 2.45, Large Red Label tea - 1.80",4.25,CARD,4690779664311845
18/12/2024 20:40,Blackpool,Eleanor Fleming,"Regular Cappuccino - 2.15, Large Red Label tea - 1.80",3.95,CASH,
18/12/2024 20:41,Blackpool,Rebecca Heffron,"Regular Cortado - 2.05, Large Red Label tea - 1.80, Large Cortado - 2.35, Large Cortado - 2.35, Regular Flavoured latte - Hazelnut - 2.55",11.1,CARD,2035542940758756
18/12/2024 20:43,Blackpool,Maria Dejong,Large Red Label tea - 1.80,1.8,CARD,9717637786644837
18/12/2024 20:44,Blackpool,Ronnie Jelks,"Large Cortado - 2.35, Regular Red Label tea - 1.20",3.55,CARD,5988905755095092
18/12/2024 20:46,Blackpool,Donald Biggs,"Large Red Label tea - 1.80, Regular Flavoured latte - Hazelnut - 2.55, Large Red Label tea - 1.80",6.15,CASH,
18/12/2024 20:47,Blackpool,Ruth Madry,Regular Red Label tea - 1.20,1.2,CARD,6704572238488615
18/12/2024 20:49,Blackpool,Sandra Alston,"Large Red Label tea - 1.80, Regular Red Label tea - 1.20, Regular Cappuccino - 2.15",5.15,CARD,9255166467662048
18/12/2024 20:50,Blackpool,Dennis Colby,"Regular Red Label tea - 1.20, Large Flavoured latte - Hazelnut - 2.85, Large Red Label tea - 1.80, Large Flavoured latte - Hazelnut - 2.85",8.7,CARD,9415037111807140
18/12/2024 20:52,Blackpool,Mike Floto,"Large Red Label tea - 1.80, Regular Cappuccino - 2.15, Large Red Label tea - 1.80",5.75,CARD,3671617289748960
18/12/2024 20:53,Blackpool,Oscar Wordlaw,"Regular Flavoured latte - Hazelnut - 2.55, Large Cortado - 2.35",4.9,CARD,5642699068412350
18/12/2024 20:55,Blackpool,Tammy Soto,"Regular Cortado - 2.05, Large Red Label tea - 1.80, Regular Flavoured latte - Hazelnut - 2.55",6.4,CASH,
18/12/2024 20:56,Blackpool,Sarah Rados,"Large Red Label tea - 1.80, Regular Cappuccino - 2.15",3.95,CARD,7060963894921462
18/12/2024 20:58,Blackpool,Mitchell Dawson,"Regular Red Label tea - 1.20, Regular Cortado - 2.05, Regular Cappuccino - 2.15, Large Cortado - 2.35, Regular Flavoured latte - Hazelnut - 2.55",10.3,CARD,5599261692170233
18/12/2024 20:59,Blackpool,Cheryl Halley,"Large Flavoured latte - Hazelnut - 2.85, Large Flavoured latte - Hazelnut - 2.85, Regular Cortado - 2.05, Regular Flavoured latte - Hazelnut - 2.55",10.3,CARD,9270917467203099
