18/12/2024 08:00,Bournemouth,Lucinda Coe,Large Red Label tea - 1.80,1.8,CASH,
18/12/2024 08:01,Bournemouth,Scott Margo,"Regular Hot chocolate - 2.20, Large Speciality Tea - English breakfast - 1.60, Large Iced americano - 2.50",6.3,CASH,
18/12/2024 08:03,Bournemouth,John Foster,"Regular Hot chocolate - 2.20, Large Speciality Tea - English breakfast - 1.60, Large Speciality Tea - English breakfast - 1.60, Regular Flavoured latte - Caramel - 2.55, Large Hot chocolate - 2.90, Large Flavoured latte - Caramel - 2.85",13.7,CARD,8666855566546924
18/12/2024 08:05,Bournemouth,James Ashley,Large Flavoured iced latte - Hazelnut - 3.25,3.25,CARD,7905090114188464
18/12/2024 08:06,Bournemouth,Rowena Rodriguez,Regular Hot chocolate - 2.20,2.2,CARD,2882562235593132
18/12/2024 08:08,Bournemouth,Vennie Mendez,"Large Speciality Tea - English breakfast - 1.60, Large Iced americano - 2.50, Large Flavoured iced latte - Hazelnut - 3.25",7.35,CARD,3209323236028048
18/12/2024 08:10,Bournemouth,Patrick Jensen,"Large Hot chocolate - 2.90, Large Iced latte - 2.85",5.75,CARD,6448118234384566
18/12/2024 08:11,Bournemouth,Steven Florentino,Large Speciality Tea - English breakfast - 1.60,1.6,CASH,
18/12/2024 08:13,Bournemouth,Linda Fisher,"Large Flavoured latte - Caramel - 2.85, Large Flavoured iced latte - Hazelnut - 3.25",6.1,CARD,3417359689616458
18/12/2024 08:15,Bournemouth,Loretta Youngblood,Large Flavoured latte - Caramel - 2.85,2.85,CASH,
18/12/2024 08:17,Bournemouth,Susan Bowman,Regular Flavoured latte - Caramel - 2.55,2.55,CARD,7702258193982165
18/12/2024 08:18,Bournemouth,Elliot Pritchard,"Regular Flavoured hot chocolate - Vanilla - 2.60, Large Iced americano - 2.50, Large Hot chocolate - 2.90, Regular Flavoured latte - Caramel - 2.55, Regular Flavoured latte - Caramel - 2.55",13.1,CARD,8742523912920419
18/12/2024 08:20,Bournemouth,Kenneth Flahive,"Large Hot chocolate - 2.90, Regular Flavoured iced latte - Hazelnut - 2.75",5.65,CARD,5453148595578448
18/12/2024 08:22,Bournemouth,Bobby Pinson,"Large Iced latte - 2.85, Large Red Label tea - 1.80, Large Red Label tea - 1.80, Regular Hot chocolate - 2.20, Large Flavoured latte - Caramel - 2.85",11.5,CARD,8307867383247643
18/12/2024 08:23,Bournemouth,Benny Stclair,"Regular Flavoured latte - Caramel - 2.55, Regular Flavoured latte - Caramel - 2.55, Large Iced latte - 2.85, Large Speciality Tea - English breakfast - 1.60",9.55,CARD,9504903870226536
18/12/2024 08:25,Bournemouth,Gary Arnold,Large Iced latte - 2.85,2.85,CARD,9935153559338458
18/12/2024 08:27,Bournemouth,Aaron Kissee,Regular Flavoured latte - Caramel - 2.55,2.55,CASH,
18/12/2024 08:28,Bournemouth,Yvonne Livingston,"Regular Iced americano - 2.15, Regular Iced latte - 2.35, Large Flavoured iced latte - Hazelnut - 3.25, Large Flavoured latte - Caramel - 2.85",10.6,CARD,9780442630479707
18/12/2024 08:30,Bournemouth,Danny Woodard,"Large Hot chocolate - 2.90, Large Flavoured hot chocolate - Vanilla - 2.90",5.8,CARD,6205521147255741
18/12/2024 08:32,Bournemouth,Felicia Becker,"Regular Speciality Tea - English breakfast - 1.30, Regular Hot chocolate - 2.20, Large Flavoured hot chocolate - Vanilla - 2.90",6.4,CARD,8787661111539017
18/12/2024 08:34,Bournemouth,Tracy Jung,"Regular Speciality Tea - English breakfast - 1.30, Regular Flavoured hot chocolate - Vanilla - 2.60, Large Flavoured latte - Caramel - 2.85, Large Iced latte - 2.85, Large Flavoured latte - Caramel - 2.85, Regular Iced latte - 2.35",14.8,CARD,3954045263873470
18/12/2024 08:35,Bournemouth,David Mclawhorn,Large Iced latte - 2.85,2.85,CASH,
18/12/2024 08:37,Bournemouth,Frank Beaver,"Regular Flavoured latte - Caramel - 2.55, Regular Flavoured latte - Caramel - 2.55, Regular Speciality Tea - English breakfast - 1.30, Regular Flavoured hot chocolate - Vanilla - 2.60, Regular Flavoured latte - Caramel - 2.55",11.55,CARD,2608358344259282
18/12/2024 08:39,Bournemouth,Janet Whitty,"Regular Flavoured hot chocolate - Vanilla - 2.60, Large Flavoured iced latte - Hazelnut - 3.25, Large Red Label tea - 1.80",7.65,CARD,1373279060107126
18/12/2024 08:40,Bournemouth,Albert Schwend,"Large Iced latte - 2.85, Regular Iced americano - 2.15, Large Speciality Tea - English breakfast - 1.60, Large Flavoured hot chocolate - Vanilla - 2.90, Regular Flavoured hot chocolate - Vanilla - 2.60, Regular Hot chocolate - 2.20",14.3,CARD,6942412224092163
18/12/2024 08:42,Bournemouth,Elaine Tran,"Regular Flavoured latte - Caramel - 2.55, Regular Flavoured hot chocolate - Vanilla - 2.60, Regular Hot chocolate - 2.20, Large Flavoured iced latte - Hazelnut - 3.25",10.6,CARD,5046228383875705
18/12/2024 08:44,Bournemouth,Regina Hart,"Large Hot chocolate - 2.90, Large Iced americano - 2.50, Regular Iced latte - 2.35",7.75,CARD,2212981948849090
18/12/2024 08:46,Bournemouth,James Matthews,"Large Iced latte - 2.85, Regular Hot chocolate - 2.20, Regular Hot chocolate - 2.20, Regular Flavoured hot chocolate - Vanilla - 2.60",9.85,CASH,
18/12/2024 08:47,Bournemouth,Mark Haymond,"Regular Hot chocolate - 2.20, Regular Flavoured iced latte - Hazelnut - 2.75",4.95,CARD,4928425339489452
18/12/2024 08:49,Bournemouth,Ryan Hernandez,"Regular Red Label tea - 1.20, Regular Iced americano - 2.15",3.35,CARD,2402454753150512
18/12/2024 08:51,Bournemouth,Ashley Rottenberg,"Regular Speciality Tea - English breakfast - 1.30, Regular Flavoured hot chocolate - Vanilla - 2.60",3.9,CARD,3780474100792682
18/12/2024 08:52,Bournemouth,Linda Papenfuss,Large Hot chocolate - 2.90,2.9,CARD,2923766301720194
18/12/2024 08:54,Bournemouth,Linda Beltran,Large Red Label tea - 1.80,1.8,CARD,8596134616711284
18/12/2024 08:56,Bournemouth,Kathleen Wagner,"Large Flavoured latte - Caramel - 2.85, Regular Flavoured iced latte - Hazelnut - 2.75",5.6,CARD,1923951250093561
18/12/2024 08:57,Bournemouth,Scott Chase,"Large Flavoured latte - Caramel - 2.85, Large Flavoured latte - Caramel - 2.85, Regular Iced americano - 2.15, Regular Iced americano - 2.15, Large Speciality Tea - English breakfast - 1.60",11.6,CARD,5363922348299501
18/12/2024 08:59,Bournemouth,Glenda Mcbride,"Regular Speciality Tea - English breakfast - 1.30, Regular Iced americano - 2.15",3.45,CARD,5714164536219805
18/12/2024 09:01,Bournemouth,Stephen Simmons,Large Flavoured latte - Caramel - 2.85,2.85,CASH,
18/12/2024 09:06,Bournemouth,Melinda Crowe,"Regular Hot chocolate - 2.20, Large Flavoured latte - Caramel - 2.85, Large Hot chocolate - 2.90, Regular Iced latte - 2.35, Regular Speciality Tea - English breakfast - 1.30",11.6,CASH,
18/12/2024 09:11,Bournemouth,Homer Abel,"Large Iced americano - 2.50, Regular Flavoured latte - Caramel - 2.55, Regular Flavoured latte - Caramel - 2.55, Regular Flavoured iced latte - Hazelnut - 2.75, Large Iced americano - 2.50, Regular Flavoured latte - Caramel - 2.55",15.4,CARD,3377218517256972
18/12/2024 09:16,Bournemouth,Zachariah Acker,Regular Red Label tea - 1.20,1.2,CARD,5996005475651270
18/12/2024 09:21,Bournemouth,Rhoda Harrison,"Regular Flavoured iced latte - Hazelnut - 2.75, Large Flavoured iced latte - Hazelnut - 3.25, Large Hot chocolate - 2.90, Large Flavoured hot chocolate - Vanilla - 2.90, Large Hot chocolate - 2.90",14.7,CARD,7564508360415761
18/12/2024 09:26,Bournemouth,Eugene Heflin,"Regular Flavoured hot chocolate - Vanilla - 2.60, Regular Iced americano - 2.15, Large Iced latte - 2.85",7.6,CARD,2853832722889744
18/12/2024 09:31,Bournemouth,Denise Tanner,Regular Iced americano - 2.15,2.15,CARD,3246389374167800
18/12/2024 09:36,Bournemouth,Joleen Bronner,Large Iced americano - 2.50,2.5,CASH,
18/12/2024 09:41,Bournemouth,Charlie Estes,Regular Flavoured latte - Caramel - 2.55,2.55,CARD,7022398242499239
18/12/2024 09:46,Bournemouth,Julie George,"Regular Flavoured hot chocolate - Vanilla - 2.60, Regular Hot chocolate - 2.20, Large Hot chocolate - 2.90, Regular Flavoured latte - Caramel - 2.55, Large Flavoured latte - Caramel - 2.85",13.1,CARD,6506871534530584
18/12/2024 09:51,Bournemouth,Bill Smith,"Regular Iced latte - 2.35, Regular Flavoured latte - Caramel - 2.55, Regular Flavoured latte - Caramel - 2.55",7.45,CASH,
18/12/2024 09:56,Bournemouth,Juana Smith,Large Red Label tea - 1.80,1.8,CASH,
18/12/2024 10:01,Bournemouth,Calvin Blackwell,"Large Hot chocolate - 2.90, Large Iced americano - 2.50, Large Flavoured latte - Caramel - 2.85, Regular Flavoured iced latte - Hazelnut - 2.75",11.0,CARD,9379598484620339
18/12/2024 10:02,Bournemouth,Ericka Soriano,"Large Speciality Tea - English breakfast - 1.60, Large Iced latte - 2.85, Large Speciality Tea - English breakfast - 1.60, Large Speciality Tea - English breakfast - 1.60, Large Hot chocolate - 2.90, Large Red Label tea - 1.80",12.35,CASH,
18/12/2024 10:03,Bournemouth,William Tornow,"Large Flavoured hot chocolate - Vanilla - 2.90, Regular Flavoured hot chocolate - Vanilla - 2.60, Regular Flavoured latte - Caramel - 2.55, Regular Flavoured iced latte - Hazelnut - 2.75, Regular Red Label tea - 1.20, Large Hot chocolate - 2.90",14.9,CARD,3042552869869396
18/12/2024 10:04,Bournemouth,Mary Ray,"Large Red Label tea - 1.80, Large Iced americano - 2.50, Large Iced americano - 2.50, Large Speciality Tea - English breakfast - 1.60, Large Flavoured latte - Caramel - 2.85",11.25,CASH,
18/12/2024 10:05,Bournemouth,Alanna Rufenacht,Regular Hot chocolate - 2.20,2.2,CARD,1596489138876174
18/12/2024 10:06,Bournemouth,Alice Oneill,"Large Flavoured latte - Caramel - 2.85, Large Flavoured hot chocolate - Vanilla - 2.90, Large Flavoured hot chocolate - Vanilla - 2.90",8.65,CARD,1298950825723689
18/12/2024 10:07,Bournemouth,Andrew Thompson,"Large Speciality Tea - English breakfast - 1.60, Large Flavoured hot chocolate - Vanilla - 2.90",4.5,CASH,
18/12/2024 10:08,Bournemouth,Marvin Webb,"Regular Flavoured latte - Caramel - 2.55, Large Speciality Tea - English breakfast - 1.60, Regular Hot chocolate - 2.20",6.35,CARD,5471654961523129
18/12/2024 10:09,Bournemouth,Violet Mcgee,"Regular Speciality Tea - English breakfast - 1.30, Regular Flavoured latte - Caramel - 2.55, Regular Red Label tea - 1.20",5.05,CARD,7712720657579568
18/12/2024 10:10,Bournemouth,Jorge Pasco,"Large Flavoured latte - Caramel - 2.85, Regular Red Label tea - 1.20, Large Speciality Tea - English breakfast - 1.60, Large Flavoured iced latte - Hazelnut - 3.25",8.9,CARD,4935504086511458
18/12/2024 10:11,Bournemouth,Julie Winsley,"Regular Hot chocolate - 2.20, Regular Iced americano - 2.15, Large Flavoured iced latte - Hazelnut - 3.25, Regular Flavoured hot chocolate - Vanilla - 2.60",10.2,CASH,
18/12/2024 10:11,Bournemouth,William Pointer,Large Flavoured latte - Caramel - 2.85,2.85,CASH,
18/12/2024 10:12,Bournemouth,Terry Fernandez,Large Iced americano - 2.50,2.5,CARD,5226793175403471
18/12/2024 10:13,Bournemouth,Jennifer Smith,"Regular Iced latte - 2.35, Large Flavoured iced latte - Hazelnut - 3.25",5.6,CASH,
18/12/2024 10:14,Bournemouth,Michael Woods,"Regular Iced latte - 2.35, Large Hot chocolate - 2.90",5.25,CARD,9740904488187080
18/12/2024 10:15,Bournemouth,John Waits,"Regular Flavoured iced latte - Hazelnut - 2.75, Large Iced americano - 2.50, Large Flavoured latte - Caramel - 2.85, Large Hot chocolate - 2.90, Large Red Label tea - 1.80, Large Flavoured hot chocolate - Vanilla - 2.90",15.7,CARD,3722117677525450
18/12/2024 10:16,Bournemouth,Diane Johnson,"Regular Flavoured hot chocolate - Vanilla - 2.60, Large Iced americano - 2.50, Large Iced americano - 2.50",7.6,CARD,7417187628646643
18/12/2024 10:17,Bournemouth,Roland Banks,"Large Speciality Tea - English breakfast - 1.60, Regular Flavoured latte - Caramel - 2.55, Regular Iced latte - 2.35, Regular Speciality Tea - English breakfast - 1.30, Regular Hot chocolate - 2.20, Regular Speciality Tea - English breakfast - 1.30",11.3,CARD,1190510762551789
18/12/2024 10:18,Bournemouth,Leroy Carter,"Regular Iced latte - 2.35, Regular Hot chocolate - 2.20",4.55,CARD,5246810698241756
18/12/2024 10:19,Bournemouth,Janise Lutz,"Large Iced latte - 2.85, Large Flavoured iced latte - Hazelnut - 3.25, Large Iced latte - 2.85, Regular Flavoured hot chocolate - Vanilla - 2.60, Large Flavoured latte - Caramel - 2.85, Regular Speciality Tea - English breakfast - 1.30",15.7,CARD,3524564664070048
18/12/2024 10:20,Bournemouth,Shiela Oconnell,"Regular Hot chocolate - 2.20, Large Hot chocolate - 2.90",5.1,CASH,
18/12/2024 10:21,Bournemouth,Mark Hartwell,"Regular Flavoured hot chocolate - Vanilla - 2.60, Large Flavoured latte - Caramel - 2.85, Large Flavoured hot chocolate - Vanilla - 2.90, Large Flavoured latte - Caramel - 2.85, Regular Flavoured hot chocolate - Vanilla - 2.60",13.8,CARD,1203777945596790
18/12/2024 10:22,Bournemouth,Don Digirolamo,"Large Hot chocolate - 2.90, Large Flavoured latte - Caramel - 2.85, Large Hot chocolate - 2.90, Large Hot chocolate - 2.90, Regular Iced latte - 2.35",13.9,CARD,6629364978455217
18/12/2024 10:23,Bournemouth,Pierre Curry,"Regular Flavoured hot chocolate - Vanilla - 2.60, Regular Flavoured latte - Caramel - 2.55, Large Flavoured iced latte - Hazelnut - 3.25, Large Hot chocolate - 2.90, Regular Hot chocolate - 2.20",13.5,CARD,3749914796765708
18/12/2024 10:24,Bournemouth,Tawanna Jones,"Regular Red Label tea - 1.20, Large Hot chocolate - 2.90",4.1,CARD,2350170623082808
18/12/2024 10:25,Bournemouth,Ashton Shaw,"Large Speciality Tea - English breakfast - 1.60, Large Iced americano - 2.50, Large Hot chocolate - 2.90, Regular Iced americano - 2.15, Regular Flavoured iced latte - Hazelnut - 2.75",11.9,CARD,1151690315309587
18/12/2024 10:26,Bournemouth,Monica Roberts,"Large Iced latte - 2.85, Large Red Label tea - 1.80, Large Flavoured hot chocolate - Vanilla - 2.90, Regular Hot chocolate - 2.20",9.75,CARD,1117058773173125
18/12/2024 10:27,Bournemouth,Scott Parker,Large Iced latte - 2.85,2.85,CASH,
18/12/2024 10:28,Bournemouth,Ricardo Thomas,"Large Flavoured iced latte - Hazelnut - 3.25, Large Iced latte - 2.85",6.1,CASH,
18/12/2024 10:29,Bournemouth,Christa Rybak,"Large Iced americano - 2.50, Large Flavoured latte - Caramel - 2.85, Regular Iced latte - 2.35",7.7,CARD,7289125744213304
18/12/2024 10:30,Bournemouth,Thomas Gonzalez,"Regular Flavoured hot chocolate - Vanilla - 2.60, Regular Red Label tea - 1.20, Large Hot chocolate - 2.90",6.7,CARD,9259562251285263
18/12/2024 10:31,Bournemouth,Edward Minor,"Regular Hot chocolate - 2.20, Large Iced latte - 2.85",5.05,CASH,
18/12/2024 10:32,Bournemouth,Belinda Jackson,"Regular Iced americano - 2.15, Regular Iced latte - 2.35, Regular Flavoured latte - Caramel - 2.55, Regular Flavoured latte - Caramel - 2.55, Regular Red Label tea - 1.20",10.8,CASH,
18/12/2024 10:33,Bournemouth,Stephen Callahan,Regular Red Label tea - 1.20,1.2,CASH,
18/12/2024 10:34,Bournemouth,Norman Burdine,"Regular Flavoured hot chocolate - Vanilla - 2.60, Regular Hot chocolate - 2.20",4.8,CARD,2599595838942185
18/12/2024 10:35,Bournemouth,Meghan Hill,"Regular Flavoured iced latte - Hazelnut - 2.75, Large Iced americano - 2.50, Regular Flavoured iced latte - Hazelnut - 2.75, Regular Flavoured latte - Caramel - 2.55",10.55,CASH,
18/12/2024 10:36,Bournemouth,Henry Salazar,"Large Iced latte - 2.85, Large Speciality Tea - English breakfast - 1.60, Regular Speciality Tea - English breakfast - 1.30",5.75,CARD,5529771072601996
18/12/2024 10:37,Bournemouth,Dewey Mckelvey,"Regular Flavoured latte - Caramel - 2.55, Large Flavoured iced latte - Hazelnut - 3.25, Regular Flavoured hot chocolate - Vanilla - 2.60",8.4,CARD,9596959535881005
18/12/2024 10:38,Bournemouth,Eugene Ferguson,Regular Iced latte - 2.35,2.35,CASH,
18/12/2024 10:39,Bournemouth,Lorrie Moreno,"Large Flavoured latte - Caramel - 2.85, Large Flavoured latte - Caramel - 2.85, Large Flavoured iced latte - Hazelnut - 3.25, Large Flavoured latte - Caramel - 2.85",11.8,CASH,
18/12/2024 10:40,Bournemouth,Thomas Canady,"Regular Flavoured latte - Caramel - 2.55, Large Red Label tea - 1.80, Regular Flavoured iced latte - Hazelnut - 2.75",7.1,CASH,
18/12/2024 10:40,Bournemouth,Sandra Vasquez,"Large Red Label tea - 1.80, Large Speciality Tea - English breakfast - 1.60, Regular Iced americano - 2.15, Regular Hot chocolate - 2.20",7.75,CARD,6438264453520261
18/12/2024 10:41,Bournemouth,Helen Plaut,Regular Flavoured latte - Caramel - 2.55,2.55,CARD,9539572398595163
18/12/2024 10:42,Bournemouth,Eugene Bybee,Regular Iced latte - 2.35,2.35,CASH,
18/12/2024 10:43,Bournemouth,Steve Harvey,"Large Flavoured latte - Caramel - 2.85, Regular Iced latte - 2.35, Large Hot chocolate - 2.90, Large Hot chocolate - 2.90",11.0,CASH,
18/12/2024 10:44,Bournemouth,Daniel Wesson,"Regular Speciality Tea - English breakfast - 1.30, Regular Iced latte - 2.35, Large Speciality Tea - English breakfast - 1.60",5.25,CASH,
18/12/2024 10:45,Bournemouth,Dianna Tate,"Large Flavoured latte - Caramel - 2.85, Large Hot chocolate - 2.90, Regular Flavoured latte - Caramel - 2.55",8.3,CARD,3726980293348625
18/12/2024 10:46,Bournemouth,Frank Massey,Regular Iced latte - 2.35,2.35,CASH,
18/12/2024 10:47,Bournemouth,Donna Campbell,"Large Flavoured iced latte - Hazelnut - 3.25, Large Iced americano - 2.50, Regular Speciality Tea - English breakfast - 1.30",7.05,CARD,8217920745055167
18/12/2024 10:48,Bournemouth,Grady Diver,"Regular Flavoured iced latte - Hazelnut - 2.75, Large Flavoured hot chocolate - Vanilla - 2.90, Large Speciality Tea - English breakfast - 1.60",7.25,CASH,
18/12/2024 10:49,Bournemouth,Allison Weymouth,"Regular Speciality Tea - English breakfast - 1.30, Regular Iced americano - 2.15, Regular Iced americano - 2.15, Regular Iced americano - 2.15, Large Iced americano - 2.50, Large Iced latte - 2.85",13.1,CARD,7837298700148780
18/12/2024 10:50,Bournemouth,Eddie Perry,"Regular Iced americano - 2.15, Large Iced americano - 2.50",4.65,CARD,1793126519285628
18/12/2024 10:51,Bournemouth,John Lewis,"Large Iced latte - 2.85, Large Speciality Tea - English breakfast - 1.60",4.45,CARD,1110788336831240
18/12/2024 10:52,Bournemouth,Julie Wilson,"Regular Hot chocolate - 2.20, Regular Flavoured hot chocolate - Vanilla - 2.60, Large Flavoured iced latte - Hazelnut - 3.25, Large Iced latte - 2.85, Large Speciality Tea - English breakfast - 1.60, Large Flavoured iced latte - Hazelnut - 3.25",15.75,CASH,
18/12/2024 10:53,Bournemouth,Isabella Crabtree,"Large Flavoured iced latte - Hazelnut - 3.25, Regular Red Label tea - 1.20, Large Hot chocolate - 2.90, Regular Iced latte - 2.35, Regular Hot chocolate - 2.20, Regular Flavoured hot chocolate - Vanilla - 2.60",14.5,CARD,8849853902329908
18/12/2024 10:54,Bournemouth,Mary Padilla,"Large Iced latte - 2.85, Large Red Label tea - 1.80, Regular Speciality Tea - English breakfast - 1.30, Regular Flavoured iced latte - Hazelnut - 2.75, Large Red Label tea - 1.80",10.5,CARD,1235196180644111
18/12/2024 10:55,Bournemouth,Robert Robinson,"Regular Flavoured iced latte - Hazelnut - 2.75, Regular Iced americano - 2.15, Regular Red Label tea - 1.20",6.1,CARD,5783458256632908
18/12/2024 10:56,Bournemouth,Marie Smith,"Large Flavoured hot chocolate - Vanilla - 2.90, Regular Red Label tea - 1.20, Regular Iced latte - 2.35",6.45,CASH,
18/12/2024 10:57,Bournemouth,Richard Mccreight,"Regular Iced latte - 2.35, Large Flavoured latte - Caramel - 2.85, Regular Iced americano - 2.15",7.35,CARD,6681539677403682
18/12/2024 10:58,Bournemouth,Jerry Martinez,"Regular Flavoured hot chocolate - Vanilla - 2.60, Large Iced americano - 2.50, Regular Hot chocolate - 2.20, Large Speciality Tea - English breakfast - 1.60",8.9,CARD,7321735838974630
18/12/2024 10:59,Bournemouth,Thomas Gausman,"Regular Flavoured latte - Caramel - 2.55, Large Hot chocolate - 2.90, Regular Flavoured hot chocolate - Vanilla - 2.60",8.05,CARD,5092645489276861
18/12/2024 11:00,Bournemouth,Theodore Luna,"Large Red Label tea - 1.80, Large Hot chocolate - 2.90, Large Speciality Tea - English breakfast - 1.60, Regular Flavoured iced latte - Hazelnut - 2.75, Regular Flavoured hot chocolate - Vanilla - 2.60, Regular Iced americano - 2.15",13.8,CASH,
18/12/2024 11:08,Bournemouth,Roxanne Harris,"Regular Flavoured latte - Caramel - 2.55, Regular Red Label tea - 1.20, Regular Iced latte - 2.35",6.1,CARD,9293652882879437
18/12/2024 11:17,Bournemouth,Joan Richards,"Regular Flavoured latte - Caramel - 2.55, Large Flavoured latte - Caramel - 2.85",5.4,CASH,
18/12/2024 11:26,Bournemouth,Lee Sessions,"Large Flavoured latte - Caramel - 2.85, Large Hot chocolate - 2.90",5.75,CARD,2056783800308328
18/12/2024 11:34,Bournemouth,Niki Noon,Regular Flavoured hot chocolate - Vanilla - 2.60,2.6,CARD,7799651085101493
18/12/2024 11:43,Bournemouth,David Bickford,"Regular Flavoured latte - Caramel - 2.55, Large Speciality Tea - English breakfast - 1.60",4.15,CARD,1361243811365396
18/12/2024 11:51,Bournemouth,David Edwards,Large Iced americano - 2.50,2.5,CARD,6337707909920642
18/12/2024 12:00,Bournemouth,Duane Fralin,"Regular Red Label tea - 1.20, Regular Red Label tea - 1.20, Large Flavoured latte - Caramel - 2.85",5.25,CARD,3687761408139644
18/12/2024 12:03,Bournemouth,Jeremy Laferriere,Regular Red Label tea - 1.20,1.2,CARD,9455585861803540
18/12/2024 12:05,Bournemouth,Lee Warner,"Regular Flavoured hot chocolate - Vanilla - 2.60, Large Hot chocolate - 2.90, Large Iced latte - 2.85, Large Speciality Tea - English breakfast - 1.60, Regular Iced americano - 2.15",12.1,CARD,7578446060442027
18/12/2024 12:08,Bournemouth,Kym Caudle,"Large Speciality Tea - English breakfast - 1.60, Regular Flavoured hot chocolate - Vanilla - 2.60, Regular Flavoured iced latte - Hazelnut - 2.75, Regular Flavoured hot chocolate - Vanilla - 2.60, Regular Flavoured hot chocolate - Vanilla - 2.60",12.15,CARD,7036874851986557
18/12/2024 12:11,Bournemouth,Mary Wallace,Regular Iced americano - 2.15,2.15,CARD,2804411078914673
18/12/2024 12:14,Bournemouth,Michael Turner,"Regular Flavoured latte - Caramel - 2.55, Large Flavoured iced latte - Hazelnut - 3.25",5.8,CARD,3918189583680635
18/12/2024 12:17,Bournemouth,Charles Tisby,Large Iced americano - 2.50,2.5,CARD,7811508719494636
18/12/2024 12:20,Bournemouth,Karen Romano,"Large Flavoured iced latte - Hazelnut - 3.25, Large Flavoured hot chocolate - Vanilla - 2.90, Large Flavoured latte - Caramel - 2.85",9.0,CARD,6238437165742168
18/12/2024 12:23,Bournemouth,Lisa Wisdom,Large Speciality Tea - English breakfast - 1.60,1.6,CARD,5344806764000326
18/12/2024 12:25,Bournemouth,Julius Council,"Large Red Label tea - 1.80, Regular Hot chocolate - 2.20, Large Flavoured latte - Caramel - 2.85",6.85,CASH,
18/12/2024 12:28,Bournemouth,David Kato,"Regular Red Label tea - 1.20, Large Flavoured latte - Caramel - 2.85",4.05,CARD,9259162994441049
18/12/2024 12:31,Bournemouth,Charmain Jones,Large Iced americano - 2.50,2.5,CASH,
18/12/2024 12:34,Bournemouth,Carole Ferrer,"Regular Hot chocolate - 2.20, Large Iced latte - 2.85",5.05,CARD,4330452060749622
18/12/2024 12:37,Bournemouth,Ellen Lamus,"Large Red Label tea - 1.80, Regular Flavoured iced latte - Hazelnut - 2.75, Large Red Label tea - 1.80",6.35,CASH,
18/12/2024 12:40,Bournemouth,Kenneth Jones,"Large Red Label tea - 1.80, Large Speciality Tea - English breakfast - 1.60",3.4,CASH,
18/12/2024 12:43,Bournemouth,Stephanie Hepfer,Large Iced latte - 2.85,2.85,CASH,
18/12/2024 12:45,Bournemouth,Chad Johnson,"Large Iced americano - 2.50, Large Red Label tea - 1.80",4.3,CARD,6588121062630938
18/12/2024 12:48,Bournemouth,James Mcfall,"Regular Hot chocolate - 2.20, Large Flavoured latte - Caramel - 2.85",5.05,CARD,2882661342647854
18/12/2024 12:51,Bournemouth,Rachel Hauer,"Large Flavoured hot chocolate - Vanilla - 2.90, Large Flavoured latte - Caramel - 2.85, Large Flavoured latte - Caramel - 2.85",8.6,CARD,4663024719277396
18/12/2024 12:54,Bournemouth,Cory Hahn,"Regular Flavoured latte - Caramel - 2.55, Large Hot chocolate - 2.90",5.45,CASH,
18/12/2024 12:57,Bournemouth,Charles Plourde,"Regular Hot chocolate - 2.20, Regular Iced americano - 2.15, Large Iced latte - 2.85",7.2,CARD,2076677438041112
18/12/2024 13:00,Bournemouth,Russell Rowden,"Regular Iced americano - 2.15, Regular Iced latte - 2.35",4.5,CARD,1571533126941645
18/12/2024 13:01,Bournemouth,Patricia Raymond,"Regular Flavoured iced latte - Hazelnut - 2.75, Large Flavoured latte - Caramel - 2.85",5.6,CASH,
18/12/2024 13:02,Bournemouth,Manuel Phillips,"Regular Flavoured hot chocolate - Vanilla - 2.60, Regular Speciality Tea - English breakfast - 1.30",3.9,CASH,
18/12/2024 13:03,Bournemouth,Darren Taylor,"Large Iced latte - 2.85, Large Flavoured latte - Caramel - 2.85, Large Flavoured hot chocolate - Vanilla - 2.90",8.6,CARD,2340279056481912
18/12/2024 13:04,Bournemouth,Anthony Cole,"Large Flavoured hot chocolate - Vanilla - 2.90, Large Hot chocolate - 2.90",5.8,CASH,
18/12/2024 13:04,Bournemouth,Luis Pritchett,Large Red Label tea - 1.80,1.8,CARD,6775617284547713
18/12/2024 13:05,Bournemouth,Clare Butterfield,"Large Iced americano - 2.50, Large Iced latte - 2.85, Regular Iced americano - 2.15, Regular Red Label tea - 1.20",8.7,CASH,
18/12/2024 13:06,Bournemouth,Ngan Florez,"Large Red Label tea - 1.80, Regular Iced americano - 2.15, Large Speciality Tea - English breakfast - 1.60, Regular Red Label tea - 1.20, Regular Iced americano - 2.15",8.9,CARD,9106934635875892
18/12/2024 13:07,Bournemouth,John Henrickson,"Large Iced americano - 2.50, Regular Flavoured latte - Caramel - 2.55, Large Iced latte - 2.85",7.9,CASH,
18/12/2024 13:08,Bournemouth,Anna Luttrell,"Regular Speciality Tea - English breakfast - 1.30, Large Flavoured iced latte - Hazelnut - 3.25, Large Hot chocolate - 2.90, Regular Speciality Tea - English breakfast - 1.30",8.75,CARD,4011519429151467
18/12/2024 13:09,Bournemouth,Demarcus Jones,"Large Flavoured hot chocolate - Vanilla - 2.90, Regular Speciality Tea - English breakfast - 1.30, Regular Hot chocolate - 2.20",6.4,CARD,6373080338421549
18/12/2024 13:10,Bournemouth,Jacob Dykes,"Large Iced americano - 2.50, Large Flavoured iced latte - Hazelnut - 3.25, Regular Hot chocolate - 2.20, Large Iced latte - 2.85",10.8,CARD,6271392182180541
18/12/2024 13:11,Bournemouth,Stella Millick,"Regular Flavoured hot chocolate - Vanilla - 2.60, Large Hot chocolate - 2.90",5.5,CARD,8020000409823667
18/12/2024 13:12,Bournemouth,William Stewart,"Regular Iced americano - 2.15, Large Hot chocolate - 2.90",5.05,CARD,4002339763126752
18/12/2024 13:13,Bournemouth,Grace Raub,"Regular Flavoured latte - Caramel - 2.55, Regular Flavoured iced latte - Hazelnut - 2.75, Large Flavoured iced latte - Hazelnut - 3.25, Regular Flavoured latte - Caramel - 2.55, Large Flavoured latte - Caramel - 2.85, Large Flavoured hot chocolate - Vanilla - 2.90",16.85,CARD,7094975468412131
18/12/2024 13:14,Bournemouth,Danielle Johnston,Large Iced latte - 2.85,2.85,CARD,9548316019131101
18/12/2024 13:15,Bournemouth,Robert Jensen,"Regular Iced americano - 2.15, Regular Flavoured latte - Caramel - 2.55",4.7,CASH,
18/12/2024 13:16,Bournemouth,Jerry Southern,Regular Flavoured iced latte - Hazelnut - 2.75,2.75,CARD,5131541938851225
18/12/2024 13:17,Bournemouth,Steven Brown,Regular Flavoured hot chocolate - Vanilla - 2.60,2.6,CARD,2171599132695542
18/12/2024 13:18,Bournemouth,Charles Simmons,"Large Flavoured latte - Caramel - 2.85, Large Speciality Tea - English breakfast - 1.60",4.45,CARD,5694267784876960
18/12/2024 13:19,Bournemouth,Vicki Mcdonald,"Regular Red Label tea - 1.20, Regular Hot chocolate - 2.20",3.4,CASH,
18/12/2024 13:20,Bournemouth,Charles Wheeler,"Large Speciality Tea - English breakfast - 1.60, Regular Iced americano - 2.15",3.75,CARD,8199192452671568
18/12/2024 13:21,Bournemouth,Evelyn Hoy,"Large Iced americano - 2.50, Large Iced latte - 2.85, Regular Iced americano - 2.15",7.5,CARD,2860663963100107
18/12/2024 13:22,Bournemouth,Billy Justice,"Large Flavoured latte - Caramel - 2.85, Large Flavoured latte - Caramel - 2.85",5.7,CASH,
18/12/2024 13:23,Bournemouth,John Ashley,Regular Speciality Tea - English breakfast - 1.30,1.3,CARD,5398076774698672
18/12/2024 13:24,Bournemouth,Ramona Eder,Regular Hot chocolate - 2.20,2.2,CARD,2623008426289307
18/12/2024 13:25,Bournemouth,Jason Newsom,"Regular Red Label tea - 1.20, Large Flavoured latte - Caramel - 2.85, Regular Flavoured iced latte - Hazelnut - 2.75, Regular Flavoured hot chocolate - Vanilla - 2.60",9.4,CASH,
18/12/2024 13:26,Bournemouth,Harold Jewett,"Large Iced latte - 2.85, Regular Speciality Tea - English breakfast - 1.30, Large Hot chocolate - 2.90, Regular Flavoured hot chocolate - Vanilla - 2.60, Large Iced latte - 2.85",12.5,CARD,5385618101347106
18/12/2024 13:27,Bournemouth,Bernard Wilder,"Large Iced americano - 2.50, Large Iced americano - 2.50, Large Iced americano - 2.50",7.5,CARD,7707355650350988
18/12/2024 13:28,Bournemouth,Addie Trowery,Regular Speciality Tea - English breakfast - 1.30,1.3,CARD,1182632952776213
18/12/2024 13:29,Bournemouth,Carol Player,Regular Iced latte - 2.35,2.35,CARD,1361702587513153
18/12/2024 13:30,Bournemouth,Justin Alexander,"Large Red Label tea - 1.80, Large Iced latte - 2.85",4.65,CARD,8513711175000270
18/12/2024 13:31,Bournemouth,Edwin Irvine,Large Flavoured iced latte - Hazelnut - 3.25,3.25,CARD,6082407958146794
18/12/2024 13:32,Bournemouth,Kenneth Tomopoulos,"Large Hot chocolate - 2.90, Regular Red Label tea - 1.20, Large Hot chocolate - 2.90, Large Iced latte - 2.85, Regular Flavoured iced latte - Hazelnut - 2.75",12.6,CARD,6670926650596241
18/12/2024 13:33,Bournemouth,Joel Randall,"Large Flavoured hot chocolate - Vanilla - 2.90, Large Speciality Tea - English breakfast - 1.60, Regular Flavoured hot chocolate - Vanilla - 2.60",7.1,CARD,7279286985835888
18/12/2024 13:33,Bournemouth,Tracy Anderson,"Regular Flavoured hot chocolate - Vanilla - 2.60, Regular Red Label tea - 1.20, Large Speciality Tea - English breakfast - 1.60",5.4,CASH,
18/12/2024 13:34,Bournemouth,William Valenzula,"Large Flavoured latte - Caramel - 2.85, Regular Iced americano - 2.15, Large Red Label tea - 1.80, Regular Iced latte - 2.35, Regular Flavoured hot chocolate - Vanilla - 2.60",11.75,CASH,
18/12/2024 13:35,Bournemouth,Daniel Vidal,"Large Speciality Tea - English breakfast - 1.60, Regular Iced latte - 2.35, Regular Iced americano - 2.15",6.1,CARD,6537386369748555
18/12/2024 13:36,Bournemouth,Nikita Walton,"Large Speciality Tea - English breakfast - 1.60, Large Speciality Tea - English breakfast - 1.60",3.2,CARD,7870328097987082
18/12/2024 13:37,Bournemouth,Pam Vasquez,"Large Iced latte - 2.85, Regular Red Label tea - 1.20",4.05,CASH,
18/12/2024 13:38,Bournemouth,William Fuller,Large Flavoured latte - Caramel - 2.85,2.85,CARD,3797612569942116
18/12/2024 13:39,Bournemouth,Mary Rusten,"Large Red Label tea - 1.80, Regular Red Label tea - 1.20, Regular Hot chocolate - 2.20",5.2,CARD,5863552015863515
18/12/2024 13:40,Bournemouth,Christine Oster,"Large Iced latte - 2.85, Large Flavoured hot chocolate - Vanilla - 2.90",5.75,CASH,
18/12/2024 13:41,Bournemouth,Samuel Ledoux,"Regular Flavoured iced latte - Hazelnut - 2.75, Regular Flavoured latte - Caramel - 2.55, Large Iced americano - 2.50, Large Flavoured iced latte - Hazelnut - 3.25",11.05,CASH,
18/12/2024 13:42,Bournemouth,Ethel Bernard,"Regular Flavoured hot chocolate - Vanilla - 2.60, Regular Iced americano - 2.15, Regular Hot chocolate - 2.20, Regular Red Label tea - 1.20, Regular Speciality Tea - English breakfast - 1.30",9.45,CARD,1163336521978631
18/12/2024 13:43,Bournemouth,Robert Bowen,"Regular Iced latte - 2.35, Large Iced latte - 2.85, Large Flavoured hot chocolate - Vanilla - 2.90, Large Hot chocolate - 2.90",11.0,CARD,8288505051944096
18/12/2024 13:44,Bournemouth,Elaine Royster,"Regular Iced latte - 2.35, Regular Iced americano - 2.15",4.5,CARD,4499518358934079
18/12/2024 13:45,Bournemouth,Debbie Wilder,"Regular Iced latte - 2.35, Regular Flavoured hot chocolate - Vanilla - 2.60",4.95,CARD,1561151675694539
18/12/2024 13:46,Bournemouth,Don Smith,"Large Flavoured latte - Caramel - 2.85, Large Speciality Tea - English breakfast - 1.60, Large Iced latte - 2.85, Regular Iced latte - 2.35, Regular Hot chocolate - 2.20",11.85,CARD,2008233060317800
18/12/2024 13:47,Bournemouth,Tina Leri,"Large Flavoured hot chocolate - Vanilla - 2.90, Regular Flavoured iced latte - Hazelnut - 2.75, Large Red Label tea - 1.80",7.45,CARD,1197067327258770
18/12/2024 13:48,Bournemouth,Jewel Rousse,"Large Iced latte - 2.85, Regular Hot chocolate - 2.20",5.05,CARD,9147984196000009
18/12/2024 13:49,Bournemouth,Lorene Neal,"Large Flavoured iced latte - Hazelnut - 3.25, Regular Red Label tea - 1.20",4.45,CASH,
18/12/2024 13:50,Bournemouth,Rosie Boynton,"Regular Speciality Tea - English breakfast - 1.30, Large Flavoured hot chocolate - Vanilla - 2.90",4.2,CARD,6303547516198440
18/12/2024 13:51,Bournemouth,Joe Dubiel,"Regular Iced americano - 2.15, Large Flavoured latte - Caramel - 2.85",5.0,CASH,
18/12/2024 13:52,Bournemouth,Roger Berglund,"Large Iced americano - 2.50, Regular Iced latte - 2.35",4.85,CARD,6354941302786311
18/12/2024 13:53,Bournemouth,Michael Larsen,"Regular Flavoured iced latte - Hazelnut - 2.75, Regular Flavoured iced latte - Hazelnut - 2.75, Regular Flavoured iced latte - Hazelnut - 2.75, Regular Hot chocolate - 2.20, Regular Hot chocolate - 2.20, Large Flavoured latte - Caramel - 2.85",15.5,CARD,1062673677534355
18/12/2024 13:54,Bournemouth,Harold Dubois,"Regular Red Label tea - 1.20, Regular Iced americano - 2.15, Large Flavoured iced latte - Hazelnut - 3.25, Regular Speciality Tea - English breakfast - 1.30, Large Flavoured hot chocolate - Vanilla - 2.90",10.8,CARD,4402823485541149
18/12/2024 13:55,Bournemouth,Tonya Jeffries,"Regular Iced latte - 2.35, Regular Hot chocolate - 2.20, Large Flavoured hot chocolate - Vanilla - 2.90, Large Flavoured iced latte - Hazelnut - 3.25",10.7,CARD,3825637789282639
18/12/2024 13:56,Bournemouth,Susan Thames,Regular Flavoured latte - Caramel - 2.55,2.55,CARD,2107272919534253
18/12/2024 13:57,Bournemouth,Rocky Racki,Large Flavoured hot chocolate - Vanilla - 2.90,2.9,CARD,3244917955658881
18/12/2024 13:58,Bournemouth,Catherine Hansen,"Large Iced latte - 2.85, Regular Flavoured latte - Caramel - 2.55",5.4,CARD,6991663677078475
18/12/2024 13:59,Bournemouth,Ruby Mcdonald,"Large Flavoured iced latte - Hazelnut - 3.25, Regular Flavoured hot chocolate - Vanilla - 2.60",5.85,CARD,4857434982018190
18/12/2024 14:00,Bournemouth,Nichole Wetzel,Regular Hot chocolate - 2.20,2.2,CARD,5632743929701252
18/12/2024 14:00,Bournemouth,Paul Roberts,"Large Iced americano - 2.50, Regular Red Label tea - 1.20, Large Flavoured latte - Caramel - 2.85, Regular Flavoured hot chocolate - Vanilla - 2.60, Large Hot chocolate - 2.90, Large Iced americano - 2.50",14.55,CARD,8154074900325171
18/12/2024 14:01,Bournemouth,Barbara Villa,"Large Hot chocolate - 2.90, Large Flavoured latte - Caramel - 2.85, Regular Speciality Tea - English breakfast - 1.30",7.05,CARD,3914478029249921
18/12/2024 14:02,Bournemouth,April Peiffer,"Regular Red Label tea - 1.20, Large Flavoured hot chocolate - Vanilla - 2.90",4.1,CASH,
18/12/2024 14:03,Bournemouth,Soon Tye,"Regular Iced americano - 2.15, Regular Iced latte - 2.35, Regular Flavoured latte - Caramel - 2.55, Regular Iced americano - 2.15, Large Hot chocolate - 2.90",12.1,CARD,2674797268687357
18/12/2024 14:04,Bournemouth,Lula Williams,"Large Iced americano - 2.50, Regular Iced americano - 2.15",4.65,CASH,
18/12/2024 14:04,Bournemouth,Larry Prosser,Regular Iced americano - 2.15,2.15,CARD,2456445000482813
18/12/2024 14:05,Bournemouth,Susan Hawk,Large Iced latte - 2.85,2.85,CASH,
18/12/2024 14:06,Bournemouth,Ami Deleon,Regular Speciality Tea - English breakfast - 1.30,1.3,CARD,5437724828055692
18/12/2024 14:07,Bournemouth,Delores Small,Large Hot chocolate - 2.90,2.9,CASH,
18/12/2024 14:08,Bournemouth,Gerald Vadnais,"Regular Flavoured iced latte - Hazelnut - 2.75, Regular Iced latte - 2.35",5.1,CARD,5937082997572643
18/12/2024 14:08,Bournemouth,Guadalupe Lopez,Large Flavoured latte - Caramel - 2.85,2.85,CARD,4935906341703562
18/12/2024 14:09,Bournemouth,Alfred Massaro,Large Hot chocolate - 2.90,2.9,CARD,3757241610329822
18/12/2024 14:10,Bournemouth,Roberto Gray,Large Iced americano - 2.50,2.5,CASH,
18/12/2024 14:11,Bournemouth,Patricia Ferguson,"Regular Iced americano - 2.15, Large Flavoured latte - Caramel - 2.85, Regular Flavoured latte - Caramel - 2.55, Large Red Label tea - 1.80, Regular Speciality Tea - English breakfast - 1.30",10.65,CARD,3090524372238624
18/12/2024 14:12,Bournemouth,Maria Wright,"Large Flavoured hot chocolate - Vanilla - 2.90, Regular Speciality Tea - English breakfast - 1.30, Regular Red Label tea - 1.20",5.4,CASH,
18/12/2024 14:12,Bournemouth,Joy Tate,"Large Speciality Tea - English breakfast - 1.60, Regular Hot chocolate - 2.20, Regular Red Label tea - 1.20",5.0,CARD,1842425516290100
18/12/2024 14:13,Bournemouth,Basil Rodger,"Regular Flavoured iced latte - Hazelnut - 2.75, Regular Flavoured iced latte - Hazelnut - 2.75, Regular Hot chocolate - 2.20, Large Flavoured latte - Caramel - 2.85, Regular Flavoured latte - Caramel - 2.55",13.1,CASH,
18/12/2024 14:14,Bournemouth,Robert Cyr,"Regular Iced latte - 2.35, Large Flavoured latte - Caramel - 2.85",5.2,CARD,3231145936373894
18/12/2024 14:15,Bournemouth,Katie Rodriguez,"Regular Speciality Tea - English breakfast - 1.30, Regular Hot chocolate - 2.20, Regular Hot chocolate - 2.20",5.7,CARD,1006025187738234
18/12/2024 14:16,Bournemouth,James Powell,"Large Iced americano - 2.50, Large Iced latte - 2.85, Large Iced americano - 2.50",7.85,CARD,8522131318510795
18/12/2024 14:16,Bournemouth,Ryan Weinstein,Large Speciality Tea - English breakfast - 1.60,1.6,CASH,
18/12/2024 14:17,Bournemouth,Thomas Nash,"Large Flavoured latte - Caramel - 2.85, Regular Flavoured latte - Caramel - 2.55, Regular Hot chocolate - 2.20, Regular Hot chocolate - 2.20, Regular Speciality Tea - English breakfast - 1.30, Large Flavoured latte - Caramel - 2.85",13.95,CARD,3218741390376344
18/12/2024 14:18,Bournemouth,Randall Townsend,"Large Iced americano - 2.50, Large Hot chocolate - 2.90, Regular Hot chocolate - 2.20, Large Hot chocolate - 2.90",10.5,CARD,4292588558961045
18/12/2024 14:19,Bournemouth,Lyn Shuler,"Large Speciality Tea - English breakfast - 1.60, Large Flavoured iced latte - Hazelnut - 3.25",4.85,CASH,
18/12/2024 14:20,Bournemouth,John Randall,"Large Flavoured hot chocolate - Vanilla - 2.90, Large Flavoured hot chocolate - Vanilla - 2.90",5.8,CARD,4951843431245242
18/12/2024 14:20,Bournemouth,Margaret Morrow,"Large Hot chocolate - 2.90, Large Iced americano - 2.50, Regular Iced latte - 2.35, Large Hot chocolate - 2.90",10.65,CASH,
18/12/2024 14:21,Bournemouth,Warren Dye,"Regular Flavoured latte - Caramel - 2.55, Regular Speciality Tea - English breakfast - 1.30, Large Iced latte - 2.85",6.7,CARD,4477601846046147
18/12/2024 14:22,Bournemouth,Amos Defreitas,Large Flavoured hot chocolate - Vanilla - 2.90,2.9,CASH,
18/12/2024 14:23,Bournemouth,Donald Gonzales,"Regular Flavoured hot chocolate - Vanilla - 2.60, Large Hot chocolate - 2.90, Regular Flavoured latte - Caramel - 2.55, Regular Iced latte - 2.35",10.4,CARD,4387766405230725
18/12/2024 14:24,Bournemouth,Patrick Holzinger,Large Flavoured latte - Caramel - 2.85,2.85,CARD,9086945579003135
18/12/2024 14:24,Bournemouth,Lisa Wilson,Large Speciality Tea - English breakfast - 1.60,1.6,CARD,4681221304295931
18/12/2024 14:25,Bournemouth,Larue Mileski,"Large Flavoured iced latte - Hazelnut - 3.25, Regular Flavoured hot chocolate - Vanilla - 2.60, Large Iced americano - 2.50, Regular Flavoured latte - Caramel - 2.55",10.9,CASH,
18/12/2024 14:26,Bournemouth,David Howe,Large Flavoured hot chocolate - Vanilla - 2.90,2.9,CASH,
18/12/2024 14:27,Bournemouth,Glenn Wilson,"Regular Flavoured latte - Caramel - 2.55, Large Flavoured latte - Caramel - 2.85, Regular Red Label tea - 1.20",6.6,CARD,6192189665510505
18/12/2024 14:28,Bournemouth,Harold Matchett,"Large Iced latte - 2.85, Regular Flavoured latte - Caramel - 2.55, Large Flavoured latte - Caramel - 2.85, Large Flavoured hot chocolate - Vanilla - 2.90, Large Flavoured iced latte - Hazelnut - 3.25",14.4,CASH,
18/12/2024 14:28,Bournemouth,Jennie Duncklee,"Regular Flavoured latte - Caramel - 2.55, Large Flavoured hot chocolate - Vanilla - 2.90, Large Flavoured iced latte - Hazelnut - 3.25",8.7,CARD,1451584805476423
18/12/2024 14:29,Bournemouth,James Crosland,"Large Flavoured latte - Caramel - 2.85, Regular Flavoured latte - Caramel - 2.55, Large Speciality Tea - English breakfast - 1.60",7.0,CARD,5655843545997859
18/12/2024 14:30,Bournemouth,John Knutson,"Large Iced latte - 2.85, Large Hot chocolate - 2.90, Regular Iced latte - 2.35, Regular Flavoured iced latte - Hazelnut - 2.75",10.85,CASH,
18/12/2024 14:31,Bournemouth,Juan Mccoy,"Large Flavoured hot chocolate - Vanilla - 2.90, Regular Iced americano - 2.15, Regular Flavoured iced latte - Hazelnut - 2.75",7.8,CASH,
18/12/2024 14:32,Bournemouth,Dale Armendariz,"Regular Speciality Tea - English breakfast - 1.30, Large Iced latte - 2.85, Large Hot chocolate - 2.90, Large Iced americano - 2.50, Large Hot chocolate - 2.90",12.45,CARD,3465444688917288
18/12/2024 14:32,Bournemouth,Socorro Stiltner,Large Iced americano - 2.50,2.5,CASH,
18/12/2024 14:33,Bournemouth,Virginia Jordan,"Regular Hot chocolate - 2.20, Large Flavoured latte - Caramel - 2.85, Regular Flavoured latte - Caramel - 2.55, Regular Iced latte - 2.35, Large Hot chocolate - 2.90",12.85,CASH,
18/12/2024 14:34,Bournemouth,Cynthia Banks,"Large Iced latte - 2.85, Regular Flavoured latte - Caramel - 2.55, Large Flavoured iced latte - Hazelnut - 3.25",8.65,CARD,3828716291792356
18/12/2024 14:35,Bournemouth,Olivia Gray,"Large Iced americano - 2.50, Regular Hot chocolate - 2.20, Regular Red Label tea - 1.20",5.9,CASH,
18/12/2024 14:36,Bournemouth,Iris Bogdan,Large Flavoured latte - Caramel - 2.85,2.85,CARD,8987475342799680
18/12/2024 14:36,Bournemouth,Drew Guthrie,"Large Iced latte - 2.85, Large Speciality Tea - English breakfast - 1.60",4.45,CARD,4301124123269174
18/12/2024 14:37,Bournemouth,Scot Holcombe,Regular Speciality Tea - English breakfast - 1.30,1.3,CASH,
18/12/2024 14:38,Bournemouth,Bryan Waggner,Regular Flavoured hot chocolate - Vanilla - 2.60,2.6,CARD,3534922677998992
18/12/2024 14:39,Bournemouth,Ada Corbin,Regular Flavoured iced latte - Hazelnut - 2.75,2.75,CARD,5533683673271880
18/12/2024 14:40,Bournemouth,Madge Wiltshire,"Large Iced americano - 2.50, Large Iced latte - 2.85, Large Iced latte - 2.85, Regular Hot chocolate - 2.20, Large Iced latte - 2.85, Regular Flavoured latte - Caramel - 2.55",15.8,CARD,5893029741566524
18/12/2024 14:40,Bournemouth,Kathy Brown,Large Iced latte - 2.85,2.85,CASH,
18/12/2024 14:41,Bournemouth,Kathryn Hixson,Large Speciality Tea - English breakfast - 1.60,1.6,CASH,
18/12/2024 14:42,Bournemouth,Mary Foster,"Regular Red Label tea - 1.20, Large Flavoured hot chocolate - Vanilla - 2.90",4.1,CARD,6293503109793217
18/12/2024 14:43,Bournemouth,Lindsey Bragg,"Regular Red Label tea - 1.20, Large Flavoured iced latte - Hazelnut - 3.25",4.45,CARD,8925374976511479
18/12/2024 14:44,Bournemouth,Steven Hansen,"Regular Flavoured iced latte - Hazelnut - 2.75, Large Flavoured latte - Caramel - 2.85, Regular Hot chocolate - 2.20, Large Flavoured latte - Caramel - 2.85",10.65,CARD,5733998892168909
18/12/2024 14:44,Bournemouth,Christine Griffin,Large Iced americano - 2.50,2.5,CARD,2051656426838553
18/12/2024 14:45,Bournemouth,Paul Dixon,Large Iced americano - 2.50,2.5,CASH,
18/12/2024 14:46,Bournemouth,Joan Belcher,"Regular Iced latte - 2.35, Regular Iced americano - 2.15",4.5,CARD,5197630028717936
18/12/2024 14:47,Bournemouth,Shannon Reily,"Regular Iced latte - 2.35, Regular Flavoured latte - Caramel - 2.55, Regular Flavoured hot chocolate - Vanilla - 2.60",7.5,CARD,3751224175976840
18/12/2024 14:48,Bournemouth,Rebecca Jones,"Large Hot chocolate - 2.90, Regular Iced latte - 2.35",5.25,CARD,9434285198859717
18/12/2024 14:48,Bournemouth,Virginia Hinojosa,Large Iced americano - 2.50,2.5,CARD,9231497973202792
18/12/2024 14:49,Bournemouth,Ida Morton,"Large Flavoured iced latte - Hazelnut - 3.25, Large Speciality Tea - English breakfast - 1.60, Regular Iced americano - 2.15",7.0,CARD,9168056100621231
18/12/2024 14:50,Bournemouth,Howard Gibeau,"Regular Flavoured hot chocolate - Vanilla - 2.60, Regular Red Label tea - 1.20, Regular Red Label tea - 1.20, Regular Iced americano - 2.15, Regular Speciality Tea - English breakfast - 1.30, Large Speciality Tea - English breakfast - 1.60",10.05,CARD,1293675450738535
18/12/2024 14:51,Bournemouth,Todd Miller,"Large Hot chocolate - 2.90, Large Flavoured iced latte - Hazelnut - 3.25, Regular Flavoured latte - Caramel - 2.55",8.7,CARD,6836337850921455
18/12/2024 14:52,Bournemouth,Michael Landrum,"Large Hot chocolate - 2.90, Regular Flavoured latte - Caramel - 2.55",5.45,CARD,9227773026242774
18/12/2024 14:52,Bournemouth,Sondra Spencer,"Regular Red Label tea - 1.20, Regular Flavoured latte - Caramel - 2.55, Regular Flavoured latte - Caramel - 2.55, Large Hot chocolate - 2.90",9.2,CARD,2297906122116683
18/12/2024 14:53,Bournemouth,Ramona Smolka,"Regular Flavoured latte - Caramel - 2.55, Regular Flavoured iced latte - Hazelnut - 2.75",5.3,CARD,4343830702083511
18/12/2024 14:54,Bournemouth,Kerry Nunez,"Large Flavoured latte - Caramel - 2.85, Large Iced americano - 2.50, Large Flavoured latte - Caramel - 2.85",8.2,CASH,
18/12/2024 14:55,Bournemouth,Rose Byrd,"Large Iced americano - 2.50, Regular Iced latte - 2.35, Regular Speciality Tea - English breakfast - 1.30",6.15,CARD,4253752077048707
18/12/2024 14:56,Bournemouth,Howard Short,"Large Iced latte - 2.85, Large Iced americano - 2.50",5.35,CARD,4305382005611858
18/12/2024 14:56,Bournemouth,Lisa Weikel,"Large Speciality Tea - English breakfast - 1.60, Regular Hot chocolate - 2.20",3.8,CARD,9749975093899278
18/12/2024 14:57,Bournemouth,Betty Suiter,"Regular Iced americano - 2.15, Large Flavoured latte - Caramel - 2.85",5.0,CASH,
18/12/2024 14:58,Bournemouth,Amy Gibson,Regular Flavoured latte - Caramel - 2.55,2.55,CARD,2870369513185124
18/12/2024 14:59,Bournemouth,Chris Trabert,"Regular Hot chocolate - 2.20, Regular Flavoured latte - Caramel - 2.55, Regular Iced latte - 2.35, Large Iced americano - 2.50, Regular Iced latte - 2.35",11.95,CARD,8292543708358312
18/12/2024 15:00,Bournemouth,Leah Nutter,"Large Hot chocolate - 2.90, Large Iced latte - 2.85",5.75,CARD,4587801427454639
18/12/2024 15:01,Bournemouth,Karl Thompson,"Large Red Label tea - 1.80, Regular Iced americano - 2.15",3.95,CARD,5535434523432719
18/12/2024 15:02,Bournemouth,Joshua Howley,Regular Hot chocolate - 2.20,2.2,CARD,1337394736808030
18/12/2024 15:04,Bournemouth,Gerald Fox,"Large Flavoured hot chocolate - Vanilla - 2.90, Large Iced latte - 2.85, Regular Flavoured latte - Caramel - 2.55",8.3,CARD,4528782520779041
18/12/2024 15:05,Bournemouth,Rita Thompson,Large Iced latte - 2.85,2.85,CASH,
18/12/2024 15:07,Bournemouth,Solomon Carter,Regular Iced latte - 2.35,2.35,CARD,1788022445198150
18/12/2024 15:08,Bournemouth,Jay Clark,"Large Speciality Tea - English breakfast - 1.60, Regular Speciality Tea - English breakfast - 1.30",2.9,CASH,
18/12/2024 15:09,Bournemouth,Nicholas Shaw,"Large Flavoured latte - Caramel - 2.85, Large Speciality Tea - English breakfast - 1.60, Regular Flavoured latte - Caramel - 2.55",7.0,CARD,4971363125457185
18/12/2024 15:11,Bournemouth,Kay Baker,"Large Iced latte - 2.85, Large Flavoured latte - Caramel - 2.85, Regular Hot chocolate - 2.20",7.9,CARD,4157141526868657
18/12/2024 15:12,Bournemouth,Virginia Vance,Large Iced americano - 2.50,2.5,CASH,
18/12/2024 15:14,Bournemouth,Christina Sullivan,"Large Hot chocolate - 2.90, Large Flavoured hot chocolate - Vanilla - 2.90, Regular Flavoured latte - Caramel - 2.55, Regular Flavoured hot chocolate - Vanilla - 2.60",10.95,CARD,7660619383246260
18/12/2024 15:15,Bournemouth,Joseph Poole,Large Speciality Tea - English breakfast - 1.60,1.6,CARD,8637345687949164
18/12/2024 15:17,Bournemouth,Robert Molina,"Regular Red Label tea - 1.20, Large Iced americano - 2.50, Large Flavoured iced latte - Hazelnut - 3.25, Regular Hot chocolate - 2.20, Large Flavoured hot chocolate - Vanilla - 2.90",12.05,CARD,4681550806290180
18/12/2024 15:18,Bournemouth,Michael Whitman,"Regular Red Label tea - 1.20, Regular Speciality Tea - English breakfast - 1.30, Large Iced americano - 2.50",5.0,CASH,
18/12/2024 15:19,Bournemouth,Dorothy Sharp,"Regular Flavoured latte - Caramel - 2.55, Regular Iced americano - 2.15, Large Flavoured latte - Caramel - 2.85",7.55,CASH,
18/12/2024 15:21,Bournemouth,Frank Rojas,Regular Speciality Tea - English breakfast - 1.30,1.3,CASH,
18/12/2024 15:22,Bournemouth,Hugo Barnwell,"Large Flavoured latte - Caramel - 2.85, Large Iced latte - 2.85",5.7,CASH,
18/12/2024 15:24,Bournemouth,Jimmie Switzer,"Regular Red Label tea - 1.20, Regular Flavoured iced latte - Hazelnut - 2.75",3.95,CARD,8413722262478206
18/12/2024 15:25,Bournemouth,Greg Wiegand,"Regular Red Label tea - 1.20, Regular Hot chocolate - 2.20, Regular Red Label tea - 1.20, Large Speciality Tea - English breakfast - 1.60, Regular Speciality Tea - English breakfast - 1.30, Regular Flavoured latte - Caramel - 2.55",10.05,CARD,1161050983118459
18/12/2024 15:26,Bournemouth,Jennifer Johnson,"Regular Flavoured iced latte - Hazelnut - 2.75, Regular Flavoured latte - Caramel - 2.55, Large Iced americano - 2.50, Regular Hot chocolate - 2.20",10.0,CARD,8174364031827936
18/12/2024 15:28,Bournemouth,Sharon Harvey,"Regular Iced latte - 2.35, Large Flavoured latte - Caramel - 2.85",5.2,CASH,
18/12/2024 15:29,Bournemouth,Royal Lucero,"Regular Flavoured hot chocolate - Vanilla - 2.60, Large Flavoured hot chocolate - Vanilla - 2.90, Regular Speciality Tea - English breakfast - 1.30",6.8,CARD,7879825542268486
18/12/2024 15:31,Bournemouth,Cheryl Schlenz,"Large Flavoured latte - Caramel - 2.85, Regular Speciality Tea - English breakfast - 1.30, Regular Flavoured iced latte - Hazelnut - 2.75, Regular Red Label tea - 1.20",8.1,CASH,
18/12/2024 15:32,Bournemouth,Cindy Walker,"Large Iced americano - 2.50, Large Flavoured latte - Caramel - 2.85, Large Flavoured iced latte - Hazelnut - 3.25",8.6,CASH,
18/12/2024 15:34,Bournemouth,Anna Bryant,"Large Speciality Tea - English breakfast - 1.60, Large Iced latte - 2.85",4.45,CARD,7743098510278960
18/12/2024 15:35,Bournemouth,Ronald Tarpley,Large Flavoured latte - Caramel - 2.85,2.85,CASH,
18/12/2024 15:36,Bournemouth,Nicholas Holland,"Regular Hot chocolate - 2.20, Regular Red Label tea - 1.20, Regular Flavoured iced latte - Hazelnut - 2.75, Regular Speciality Tea - English breakfast - 1.30",7.45,CARD,9633845466355839
18/12/2024 15:38,Bournemouth,Nathaniel Robison,"Large Iced americano - 2.50, Large Flavoured hot chocolate - Vanilla - 2.90, Large Speciality Tea - English breakfast - 1.60",7.0,CARD,1896275267457779
18/12/2024 15:39,Bournemouth,Jason Destefano,"Large Iced latte - 2.85, Large Speciality Tea - English breakfast - 1.60, Regular Flavoured hot chocolate - Vanilla - 2.60",7.05,CARD,6741059329100205
18/12/2024 15:41,Bournemouth,James Burns,"Regular Iced latte - 2.35, Large Iced americano - 2.50, Regular Iced americano - 2.15, Regular Iced latte - 2.35",9.35,CARD,1775273894585924
18/12/2024 15:42,Bournemouth,Arthur Boyer,"Large Flavoured latte - Caramel - 2.85, Large Flavoured hot chocolate - Vanilla - 2.90, Regular Iced latte - 2.35, Regular Speciality Tea - English breakfast - 1.30, Regular Flavoured iced latte - Hazelnut - 2.75",12.15,CARD,5327816842317619
18/12/2024 15:43,Bournemouth,Florence Carrier,"Large Hot chocolate - 2.90, Large Iced americano - 2.50, Regular Flavoured iced latte - Hazelnut - 2.75",8.15,CASH,
18/12/2024 15:45,Bournemouth,James Coats,"Regular Hot chocolate - 2.20, Regular Flavoured latte - Caramel - 2.55, Regular Flavoured hot chocolate - Vanilla - 2.60, Regular Hot chocolate - 2.20",9.55,CASH,
18/12/2024 15:46,Bournemouth,Lisa Hayes,"Regular Flavoured hot chocolate - Vanilla - 2.60, Large Flavoured latte - Caramel - 2.85, Large Hot chocolate - 2.90, Regular Iced americano - 2.15, Regular Iced americano - 2.15",12.65,CARD,3492095233418634
18/12/2024 15:48,Bournemouth,Linda Crary,"Regular Flavoured latte - Caramel - 2.55, Large Red Label tea - 1.80, Regular Hot chocolate - 2.20, Large Flavoured iced latte - Hazelnut - 3.25, Regular Iced latte - 2.35",12.15,CARD,3049424139317873
18/12/2024 15:49,Bournemouth,David Walters,Large Iced americano - 2.50,2.5,CARD,5392688956161135
18/12/2024 15:51,Bournemouth,Maria Ashton,Large Speciality Tea - English breakfast - 1.60,1.6,CARD,8187073443050775
18/12/2024 15:52,Bournemouth,Hyon Baggett,"Large Flavoured latte - Caramel - 2.85, Large Flavoured iced latte - Hazelnut - 3.25, Regular Iced americano - 2.15, Large Flavoured latte - Caramel - 2.85, Regular Red Label tea - 1.20",12.3,CASH,
18/12/2024 15:53,Bournemouth,Esther Harris,"Large Flavoured latte - Caramel - 2.85, Regular Flavoured hot chocolate - Vanilla - 2.60, Regular Speciality Tea - English breakfast - 1.30, Regular Flavoured latte - Caramel - 2.55",9.3,CASH,
18/12/2024 15:55,Bournemouth,Angeline Moreno,"Regular Iced americano - 2.15, Large Iced americano - 2.50, Regular Flavoured hot chocolate - Vanilla - 2.60, Regular Flavoured hot chocolate - Vanilla - 2.60, Large Flavoured latte - Caramel - 2.85",12.7,CARD,3426554489382730
18/12/2024 15:56,Bournemouth,Gilbert Jimenez,"Regular Flavoured iced latte - Hazelnut - 2.75, Regular Flavoured latte - Caramel - 2.55, Large Flavoured latte - Caramel - 2.85",8.15,CASH,
18/12/2024 15:58,Bournemouth,Sheila Clark,"Regular Iced latte - 2.35, Large Hot chocolate - 2.90",5.25,CARD,9907870316164082
18/12/2024 15:59,Bournemouth,Kenya Robertson,"Regular Speciality Tea - English breakfast - 1.30, Large Iced americano - 2.50, Large Iced latte - 2.85",6.65,CARD,1884481434497987
18/12/2024 16:00,Bournemouth,Kenneth Gilbert,Large Speciality Tea - English breakfast - 1.60,1.6,CARD,7559307893551601
18/12/2024 16:02,Bournemouth,Pamela Platt,"Regular Hot chocolate - 2.20, Large Iced americano - 2.50",4.7,CARD,9191804725441036
18/12/2024 16:04,Bournemouth,Irma Rice,"Regular Speciality Tea - English breakfast - 1.30, Large Flavoured iced latte - Hazelnut - 3.25",4.55,CASH,
18/12/2024 16:06,Bournemouth,Thomas Callahan,"Regular Flavoured hot chocolate - Vanilla - 2.60, Large Speciality Tea - English breakfast - 1.60, Large Iced americano - 2.50, Regular Iced latte - 2.35, Regular Red Label tea - 1.20",10.25,CARD,7452530304650967
18/12/2024 16:08,Bournemouth,Wilfred Crain,"Large Iced latte - 2.85, Large Red Label tea - 1.80, Large Iced latte - 2.85",7.5,CARD,1553439031459468
18/12/2024 16:10,Bournemouth,Cindy Kwiatkowski,"Regular Red Label tea - 1.20, Large Red Label tea - 1.80",3.0,CARD,3088786842267487
18/12/2024 16:12,Bournemouth,Jennifer Burget,"Large Hot chocolate - 2.90, Large Hot chocolate - 2.90",5.8,CARD,6938444664131950
18/12/2024 16:14,Bournemouth,John Stephen,"Regular Iced americano - 2.15, Large Flavoured latte - Caramel - 2.85",5.0,CARD,7499232763158305
18/12/2024 16:16,Bournemouth,Dale Byrd,"Large Flavoured latte - Caramel - 2.85, Regular Iced americano - 2.15, Regular Speciality Tea - English breakfast - 1.30",6.3,CARD,5320260481881008
18/12/2024 16:18,Bournemouth,Brittany Jones,"Regular Red Label tea - 1.20, Large Iced americano - 2.50, Regular Iced americano - 2.15",5.85,CARD,2176389677308326
18/12/2024 16:20,Bournemouth,Arnetta Berner,Large Speciality Tea - English breakfast - 1.60,1.6,CASH,
18/12/2024 16:22,Bournemouth,Darla Graham,Regular Iced latte - 2.35,2.35,CARD,4695743431125029
18/12/2024 16:24,Bournemouth,Ralph Voves,"Regular Iced latte - 2.35, Large Red Label tea - 1.80, Regular Iced americano - 2.15, Regular Flavoured iced latte - Hazelnut - 2.75",9.05,CARD,9865905029592293
18/12/2024 16:26,Bournemouth,Emmett Belkowski,"Large Hot chocolate - 2.90, Large Iced latte - 2.85",5.75,CARD,3556733858688470
18/12/2024 16:28,Bournemouth,Gloria Rembert,"Large Iced latte - 2.85, Large Flavoured latte - Caramel - 2.85",5.7,CARD,2508493718526664
18/12/2024 16:30,Bournemouth,Anthony Jones,"Regular Red Label tea - 1.20, Regular Speciality Tea - English breakfast - 1.30",2.5,CASH,
18/12/2024 16:32,Bournemouth,Charles Meek,"Large Iced americano - 2.50, Large Hot chocolate - 2.90",5.4,CARD,8175954513367789
18/12/2024 16:34,Bournemouth,Frances Moss,"Regular Hot chocolate - 2.20, Large Iced latte - 2.85",5.05,CARD,8112257072991695
18/12/2024 16:36,Bournemouth,Burt Trent,Regular Hot chocolate - 2.20,2.2,CARD,6169408876377485
18/12/2024 16:38,Bournemouth,Lisa Humble,"Regular Iced americano - 2.15, Regular Iced americano - 2.15, Large Iced latte - 2.85, Regular Iced latte - 2.35",9.5,CARD,1865156554777258
18/12/2024 16:40,Bournemouth,Wilbur Cummings,"Regular Hot chocolate - 2.20, Large Flavoured latte - Caramel - 2.85, Regular Speciality Tea - English breakfast - 1.30, Regular Flavoured latte - Caramel - 2.55",8.9,CARD,2457494691110778
18/12/2024 16:42,Bournemouth,Alethia Kesner,"Large Flavoured iced latte - Hazelnut - 3.25, Regular Iced latte - 2.35, Large Flavoured latte - Caramel - 2.85",8.45,CASH,
18/12/2024 16:44,Bournemouth,Christine Fritsch,"Large Hot chocolate - 2.90, Large Hot chocolate - 2.90, Large Flavoured latte - Caramel - 2.85, Regular Speciality Tea - English breakfast - 1.30",9.95,CASH,
18/12/2024 16:46,Bournemouth,Corey Walker,"Regular Speciality Tea - English breakfast - 1.30, Large Speciality Tea - English breakfast - 1.60, Regular Red Label tea - 1.20",4.1,CARD,4734967047255601
18/12/2024 16:48,Bournemouth,Niki Curtis,"Regular Iced americano - 2.15, Regular Flavoured hot chocolate - Vanilla - 2.60",4.75,CARD,2904842899552517
18/12/2024 16:50,Bournemouth,George Harris,"Regular Hot chocolate - 2.20, Regular Speciality Tea - English breakfast - 1.30",3.5,CASH,
18/12/2024 16:52,Bournemouth,Teresa Littleton,"Regular Hot chocolate - 2.20, Large Flavoured iced latte - Hazelnut - 3.25, Large Speciality Tea - English breakfast - 1.60",7.05,CARD,1966590652121786
18/12/2024 16:54,Bournemouth,Ronald Nava,"Large Iced latte - 2.85, Regular Red Label tea - 1.20, Regular Flavoured hot chocolate - Vanilla - 2.60",6.65,CARD,8929939194699668
18/12/2024 16:56,Bournemouth,Richard Smith,Regular Hot chocolate - 2.20,2.2,CARD,8536323122163982
18/12/2024 16:58,Bournemouth,Eric Brass,"Large Flavoured hot chocolate - Vanilla - 2.90, Regular Hot chocolate - 2.20, Regular Flavoured iced latte - Hazelnut - 2.75, Large Iced latte - 2.85, Regular Hot chocolate - 2.20",12.9,CARD,4524802979901095
18/12/2024 17:00,Bournemouth,Glenda Buchanan,"Large Flavoured latte - Caramel - 2.85, Large Iced americano - 2.50, Large Speciality Tea - English breakfast - 1.60, Large Speciality Tea - English breakfast - 1.60, Large Hot chocolate - 2.90",11.45,CARD,4607697793728014
18/12/2024 17:03,Bournemouth,Rosemarie Simpson,Large Flavoured hot chocolate - Vanilla - 2.90,2.9,CARD,9803482055031501
18/12/2024 17:06,Bournemouth,Heather Yount,"Large Flavoured latte - Caramel - 2.85, Regular Iced americano - 2.15, Large Hot chocolate - 2.90, Regular Hot chocolate - 2.20, Large Flavoured iced latte - Hazelnut - 3.25, Large Hot chocolate - 2.90",16.25,CARD,2152577032772997
18/12/2024 17:08,Bournemouth,Robert Davis,"Regular Flavoured iced latte - Hazelnut - 2.75, Regular Red Label tea - 1.20",3.95,CARD,4483291629213676
18/12/2024 17:11,Bournemouth,Darryl Scribner,"Regular Flavoured latte - Caramel - 2.55, Large Hot chocolate - 2.90, Regular Flavoured hot chocolate - Vanilla - 2.60",8.05,CARD,8251997161569385
18/12/2024 17:13,Bournemouth,Priscilla Homer,Large Iced latte - 2.85,2.85,CARD,3713346708568990
18/12/2024 17:16,Bournemouth,Daniel Dollard,"Large Hot chocolate - 2.90, Regular Flavoured hot chocolate - Vanilla - 2.60",5.5,CASH,
18/12/2024 17:19,Bournemouth,Duane Mcmullen,Large Hot chocolate - 2.90,2.9,CARD,3776872568322107
18/12/2024 17:21,Bournemouth,Jacob Fassett,Large Iced americano - 2.50,2.5,CASH,
18/12/2024 17:24,Bournemouth,Terri Elrod,"Large Speciality Tea - English breakfast - 1.60, Regular Flavoured hot chocolate - Vanilla - 2.60, Large Speciality Tea - English breakfast - 1.60",5.8,CARD,7058363155572101
18/12/2024 17:26,Bournemouth,Carolyn Parker,"Large Flavoured latte - Caramel - 2.85, Large Iced americano - 2.50, Large Flavoured latte - Caramel - 2.85, Large Hot chocolate - 2.90",11.1,CARD,3576719870119595
18/12/2024 17:29,Bournemouth,Stephanie Dardar,"Regular Red Label tea - 1.20, Regular Hot chocolate - 2.20, Large Flavoured iced latte - Hazelnut - 3.25",6.65,CASH,
18/12/2024 17:32,Bournemouth,Heather Miller,"Regular Iced americano - 2.15, Large Speciality Tea - English breakfast - 1.60",3.75,CARD,5532527424009111
18/12/2024 17:34,Bournemouth,Gabriel Allen,Regular Hot chocolate - 2.20,2.2,CASH,
18/12/2024 17:37,Bournemouth,Brent Lay,"Regular Flavoured hot chocolate - Vanilla - 2.60, Large Flavoured latte - Caramel - 2.85, Regular Flavoured latte - Caramel - 2.55, Large Flavoured latte - Caramel - 2.85, Regular Flavoured hot chocolate - Vanilla - 2.60",13.45,CARD,4418365495306892
18/12/2024 17:39,Bournemouth,Carol Johnson,"Large Speciality Tea - English breakfast - 1.60, Large Hot chocolate - 2.90",4.5,CARD,2579229712202232
18/12/2024 17:42,Bournemouth,Mario Blair,"Regular Flavoured latte - Caramel - 2.55, Regular Flavoured hot chocolate - Vanilla - 2.60, Large Red Label tea - 1.80",6.95,CARD,3062204541366118
18/12/2024 17:45,Bournemouth,Mary Velasco,"Large Hot chocolate - 2.90, Regular Flavoured iced latte - Hazelnut - 2.75, Large Flavoured latte - Caramel - 2.85, Large Iced latte - 2.85, Regular Iced latte - 2.35",13.7,CARD,7312022864286744
18/12/2024 17:47,Bournemouth,Laurence Gregory,Regular Iced latte - 2.35,2.35,CARD,9602978934812718
18/12/2024 17:50,Bournemouth,Daniel Smith,"Regular Iced latte - 2.35, Regular Speciality Tea - English breakfast - 1.30, Regular Flavoured latte - Caramel - 2.55, Large Flavoured iced latte - Hazelnut - 3.25",9.45,CARD,2637759179089436
18/12/2024 17:52,Bournemouth,Hugo Croyle,Large Flavoured latte - Caramel - 2.85,2.85,CASH,
18/12/2024 17:55,Bournemouth,James Chirino,Regular Iced americano - 2.15,2.15,CARD,3912397935913372
18/12/2024 17:58,Bournemouth,Patrick Ackley,"Regular Flavoured iced latte - Hazelnut - 2.75, Regular Hot chocolate - 2.20",4.95,CARD,4218283717148736
18/12/2024 18:00,Bournemouth,Rose Baker,Large Iced latte - 2.85,2.85,CARD,1872305788046671
18/12/2024 18:02,Bournemouth,Anton Mcelvaine,Large Flavoured hot chocolate - Vanilla - 2.90,2.9,CARD,5645407658369557
18/12/2024 18:03,Bournemouth,Luigi Lambert,"Large Flavoured latte - Caramel - 2.85, Large Flavoured hot chocolate - Vanilla - 2.90, Large Flavoured hot chocolate - Vanilla - 2.90",8.65,CARD,4264970444030120
18/12/2024 18:04,Bournemouth,Kelly Pitts,Large Hot chocolate - 2.90,2.9,CARD,5760413103498142
18/12/2024 18:05,Bournemouth,Roger Doherty,Large Iced americano - 2.50,2.5,CARD,4274712569980540
18/12/2024 18:07,Bournemouth,Michael Binion,Regular Iced latte - 2.35,2.35,CASH,
18/12/2024 18:08,Bournemouth,Joshua Jefferson,"Large Iced americano - 2.50, Regular Flavoured latte - Caramel - 2.55, Large Iced americano - 2.50, Large Iced americano - 2.50",10.05,CARD,6142641391387359
18/12/2024 18:09,Bournemouth,Cheri Herbert,Large Speciality Tea - English breakfast - 1.60,1.6,CARD,2109103224160041
18/12/2024 18:10,Bournemouth,Bernice Wallace,Regular Iced latte - 2.35,2.35,CASH,
18/12/2024 18:12,Bournemouth,Thelma Anderson,"Large Speciality Tea - English breakfast - 1.60, Large Speciality Tea - English breakfast - 1.60",3.2,CARD,5193104453950460
18/12/2024 18:13,Bournemouth,Rosemary Johnson,"Large Speciality Tea - English breakfast - 1.60, Regular Flavoured iced latte - Hazelnut - 2.75",4.35,CARD,4371910736196390
18/12/2024 18:14,Bournemouth,Richard Ward,"Large Speciality Tea - English breakfast - 1.60, Large Iced americano - 2.50",4.1,CARD,6566462626568104
18/12/2024 18:15,Bournemouth,Heather Bartsch,Regular Hot chocolate - 2.20,2.2,CARD,9052509865868860
18/12/2024 18:17,Bournemouth,Jason Kadis,"Regular Flavoured latte - Caramel - 2.55, Large Iced latte - 2.85",5.4,CASH,
18/12/2024 18:18,Bournemouth,Janice Wilkerson,"Regular Flavoured iced latte - Hazelnut - 2.75, Regular Flavoured hot chocolate - Vanilla - 2.60",5.35,CARD,9098805540455925
18/12/2024 18:19,Bournemouth,David Steen,"Regular Speciality Tea - English breakfast - 1.30, Regular Speciality Tea - English breakfast - 1.30, Regular Flavoured hot chocolate - Vanilla - 2.60",5.2,CARD,7929417124123959
18/12/2024 18:20,Bournemouth,Ana Larsen,Large Hot chocolate - 2.90,2.9,CASH,
18/12/2024 18:22,Bournemouth,Reena Crafton,"Large Iced americano - 2.50, Large Iced latte - 2.85",5.35,CASH,
18/12/2024 18:23,Bournemouth,Darren Mccall,"Regular Red Label tea - 1.20, Large Hot chocolate - 2.90",4.1,CARD,9044753915699560
18/12/2024 18:24,Bournemouth,Richard Wood,"Regular Flavoured latte - Caramel - 2.55, Large Speciality Tea - English breakfast - 1.60",4.15,CARD,8120129740243788
18/12/2024 18:25,Bournemouth,Charles Bettencourt,"Regular Flavoured hot chocolate - Vanilla - 2.60, Regular Red Label tea - 1.20, Regular Speciality Tea - English breakfast - 1.30",5.1,CARD,8836315427136608
18/12/2024 18:27,Bournemouth,Sabrina Mitchell,"Regular Red Label tea - 1.20, Regular Iced americano - 2.15, Large Flavoured iced latte - Hazelnut - 3.25",6.6,CARD,5021213562759033
18/12/2024 18:28,Bournemouth,Irene Roberson,"Regular Flavoured latte - Caramel - 2.55, Regular Flavoured iced latte - Hazelnut - 2.75, Regular Iced americano - 2.15",7.45,CARD,1981202560710043
18/12/2024 18:29,Bournemouth,Mary Thompson,Large Flavoured iced latte - Hazelnut - 3.25,3.25,CARD,1600203624462240
18/12/2024 18:30,Bournemouth,Angie Hurse,"Large Speciality Tea - English breakfast - 1.60, Large Red Label tea - 1.80, Regular Speciality Tea - English breakfast - 1.30, Regular Speciality Tea - English breakfast - 1.30, Regular Flavoured latte - Caramel - 2.55, Large Iced americano - 2.50",11.05,CARD,7917052069172848
18/12/2024 18:32,Bournemouth,Jose Davis,"Large Red Label tea - 1.80, Large Red Label tea - 1.80, Large Flavoured latte - Caramel - 2.85, Regular Iced americano - 2.15",8.6,CARD,9804477588973956
18/12/2024 18:33,Bournemouth,Jo Hyman,Regular Flavoured latte - Caramel - 2.55,2.55,CARD,4997523121882072
18/12/2024 18:34,Bournemouth,Juan Appel,"Large Iced latte - 2.85, Regular Red Label tea - 1.20",4.05,CASH,
18/12/2024 18:35,Bournemouth,Michael Fields,"Regular Iced americano - 2.15, Large Iced americano - 2.50, Large Hot chocolate - 2.90",7.55,CARD,4207846663059710
18/12/2024 18:37,Bournemouth,Gail Mcauliffe,"Regular Flavoured latte - Caramel - 2.55, Regular Speciality Tea - English breakfast - 1.30, Large Speciality Tea - English breakfast - 1.60, Large Flavoured latte - Caramel - 2.85, Large Flavoured hot chocolate - Vanilla - 2.90",11.2,CARD,8218893197285617
18/12/2024 18:38,Bournemouth,Jimmy Ohara,"Large Iced americano - 2.50, Regular Speciality Tea - English breakfast - 1.30, Large Iced latte - 2.85, Regular Flavoured iced latte - Hazelnut - 2.75",9.4,CASH,
18/12/2024 18:39,Bournemouth,Gary Roberts,Regular Flavoured hot chocolate - Vanilla - 2.60,2.6,CARD,9163295209744015
18/12/2024 18:40,Bournemouth,Courtney Mann,"Large Flavoured hot chocolate - Vanilla - 2.90, Regular Speciality Tea - English breakfast - 1.30, Regular Speciality Tea - English breakfast - 1.30, Large Speciality Tea - English breakfast - 1.60, Large Speciality Tea - English breakfast - 1.60",8.7,CASH,
18/12/2024 18:42,Bournemouth,Debra Madrid,"Regular Flavoured latte - Caramel - 2.55, Regular Iced latte - 2.35, Regular Flavoured latte - Caramel - 2.55",7.45,CARD,7442386744503442
18/12/2024 18:43,Bournemouth,Isabelle Hoskins,Regular Flavoured iced latte - Hazelnut - 2.75,2.75,CARD,2753103468131527
18/12/2024 18:44,Bournemouth,Joseph Wallace,Regular Flavoured latte - Caramel - 2.55,2.55,CARD,6397482627732509
18/12/2024 18:45,Bournemouth,Lynn Palazzi,"Large Speciality Tea - English breakfast - 1.60, Regular Iced americano - 2.15",3.75,CARD,2801171760423097
18/12/2024 18:47,Bournemouth,Raul Perez,"Large Flavoured iced latte - Hazelnut - 3.25, Regular Red Label tea - 1.20",4.45,CASH,
18/12/2024 18:48,Bournemouth,Joy Bopp,"Regular Iced americano - 2.15, Regular Speciality Tea - English breakfast - 1.30, Regular Hot chocolate - 2.20, Large Speciality Tea - English breakfast - 1.60",7.25,CARD,9510911164084861
18/12/2024 18:49,Bournemouth,Dorothy Wheeler,Regular Flavoured hot chocolate - Vanilla - 2.60,2.6,CARD,7002784960297190
18/12/2024 18:50,Bournemouth,Georgina Sanders,"Large Iced americano - 2.50, Regular Speciality Tea - English breakfast - 1.30, Large Hot chocolate - 2.90, Regular Speciality Tea - English breakfast - 1.30",8.0,CARD,1415856510747972
18/12/2024 18:52,Bournemouth,Addie Whitehair,"Large Flavoured hot chocolate - Vanilla - 2.90, Regular Hot chocolate - 2.20, Regular Speciality Tea - English breakfast - 1.30",6.4,CARD,5549431552063098
18/12/2024 18:53,Bournemouth,Thomas Seifert,"Large Red Label tea - 1.80, Large Flavoured latte - Caramel - 2.85",4.65,CASH,
18/12/2024 18:54,Bournemouth,Shirley Collins,"Large Iced americano - 2.50, Large Speciality Tea - English breakfast - 1.60, Large Flavoured hot chocolate - Vanilla - 2.90, Regular Flavoured latte - Caramel - 2.55, Large Iced americano - 2.50",12.05,CARD,4560837217491818
18/12/2024 18:55,Bournemouth,Harold Galloway,"Large Speciality Tea - English breakfast - 1.60, Regular Flavoured latte - Caramel - 2.55",4.15,CARD,5496342467950433
18/12/2024 18:57,Bournemouth,Joseph Freeman,"Large Hot chocolate - 2.90, Regular Hot chocolate - 2.20, Regular Flavoured hot chocolate - Vanilla - 2.60, Large Iced americano - 2.50, Large Hot chocolate - 2.90",13.1,CARD,1924466377352055
18/12/2024 18:58,Bournemouth,Gertrude Powell,"Regular Hot chocolate - 2.20, Regular Hot chocolate - 2.20, Large Iced americano - 2.50",6.9,CARD,2396862818598977
18/12/2024 18:59,Bournemouth,Greg Dossantos,"Regular Speciality Tea - English breakfast - 1.30, Large Flavoured iced latte - Hazelnut - 3.25",4.55,CASH,
18/12/2024 19:00,Bournemouth,Sheila Snerling,Large Hot chocolate - 2.90,2.9,CASH,
18/12/2024 19:03,Bournemouth,Henry Ventura,"Regular Speciality Tea - English breakfast - 1.30, Regular Speciality Tea - English breakfast - 1.30, Large Hot chocolate - 2.90",5.5,CARD,4754342947260494
18/12/2024 19:05,Bournemouth,Odette Ervin,"Large Flavoured latte - Caramel - 2.85, Large Hot chocolate - 2.90",5.75,CARD,9723029299413398
18/12/2024 19:08,Bournemouth,Marie Campbell,"Large Hot chocolate - 2.90, Large Iced americano - 2.50, Regular Iced latte - 2.35, Regular Red Label tea - 1.20, Large Flavoured hot chocolate - Vanilla - 2.90",11.85,CARD,8660418311896979
18/12/2024 19:11,Bournemouth,Georgene Woods,Regular Hot chocolate - 2.20,2.2,CARD,2862094089502660
18/12/2024 19:13,Bournemouth,Roberta Doyel,"Regular Iced americano - 2.15, Large Flavoured hot chocolate - Vanilla - 2.90, Large Iced americano - 2.50, Regular Red Label tea - 1.20",8.75,CARD,2911860796312527
18/12/2024 19:16,Bournemouth,Gloria Mcrae,"Large Flavoured hot chocolate - Vanilla - 2.90, Regular Hot chocolate - 2.20",5.1,CARD,9651759094253695
18/12/2024 19:18,Bournemouth,Michael Hoggan,"Large Flavoured latte - Caramel - 2.85, Large Flavoured latte - Caramel - 2.85",5.7,CARD,2417100122304740
18/12/2024 19:21,Bournemouth,Dana Williams,"Large Flavoured hot chocolate - Vanilla - 2.90, Large Flavoured latte - Caramel - 2.85",5.75,CASH,
18/12/2024 19:24,Bournemouth,Rita Davis,Regular Iced americano - 2.15,2.15,CASH,
18/12/2024 19:26,Bournemouth,Tabitha Boocks,Regular Flavoured hot chocolate - Vanilla - 2.60,2.6,CASH,
18/12/2024 19:29,Bournemouth,Dorothy Zuckerman,"Large Flavoured latte - Caramel - 2.85, Large Hot chocolate - 2.90",5.75,CARD,9415637535946903
18/12/2024 19:31,Bournemouth,Mary Corry,"Large Iced americano - 2.50, Regular Hot chocolate - 2.20",4.7,CASH,
18/12/2024 19:34,Bournemouth,Michael Hunstad,"Large Flavoured hot chocolate - Vanilla - 2.90, Regular Iced americano - 2.15, Regular Flavoured iced latte - Hazelnut - 2.75",7.8,CARD,3068877045743919
18/12/2024 19:37,Bournemouth,Margaret Hale,Regular Red Label tea - 1.20,1.2,CARD,7444180465137024
18/12/2024 19:39,Bournemouth,Maria Williams,"Large Flavoured iced latte - Hazelnut - 3.25, Large Flavoured latte - Caramel - 2.85",6.1,CARD,4371782672228268
18/12/2024 19:42,Bournemouth,Richard Furman,"Regular Iced latte - 2.35, Large Red Label tea - 1.80",4.15,CASH,
18/12/2024 19:44,Bournemouth,James Garcia,"Regular Flavoured hot chocolate - Vanilla - 2.60, Large Speciality Tea - English breakfast - 1.60",4.2,CARD,1935533405342553
18/12/2024 19:47,Bournemouth,Betty Rodriguez,"Regular Flavoured hot chocolate - Vanilla - 2.60, Regular Red Label tea - 1.20",3.8,CARD,3743727424309327
18/12/2024 19:50,Bournemouth,Fred Hyldahl,Large Flavoured iced latte - Hazelnut - 3.25,3.25,CARD,3026674947178128
18/12/2024 19:52,Bournemouth,Alexa Golden,"Regular Iced americano - 2.15, Large Flavoured iced latte - Hazelnut - 3.25, Regular Flavoured latte - Caramel - 2.55",7.95,CARD,4559437356466707
18/12/2024 19:55,Bournemouth,Linda Mercer,"Large Iced americano - 2.50, Regular Flavoured latte - Caramel - 2.55, Regular Iced latte - 2.35",7.4,CARD,7071844161130769
18/12/2024 19:57,Bournemouth,Timothy Curtis,"Large Red Label tea - 1.80, Regular Red Label tea - 1.20, Large Iced latte - 2.85, Regular Hot chocolate - 2.20",8.05,CASH,
18/12/2024 20:00,Bournemouth,Helen Leeman,Regular Speciality Tea - English breakfast - 1.30,1.3,CARD,8291883932609799
18/12/2024 20:02,Bournemouth,Frances Bernier,"Large Hot chocolate - 2.90, Regular Speciality Tea - English breakfast - 1.30",4.2,CARD,7811483003674826
18/12/2024 20:03,Bournemouth,Michael Allred,"Regular Iced latte - 2.35, Large Red Label tea - 1.80",4.15,CASH,
18/12/2024 20:05,Bournemouth,Paulette Ackles,"Large Speciality Tea - English breakfast - 1.60, Large Iced latte - 2.85",4.45,CARD,8636948972780379
18/12/2024 20:06,Bournemouth,Carl Morris,"Large Iced latte - 2.85, Large Iced latte - 2.85, Regular Hot chocolate - 2.20",7.9,CARD,9450902339616978
18/12/2024 20:08,Bournemouth,Nicholas Richter,"Regular Speciality Tea - English breakfast - 1.30, Large Iced americano - 2.50, Regular Iced latte - 2.35",6.15,CARD,9482539211567150
18/12/2024 20:09,Bournemouth,Esther Lepine,Large Flavoured latte - Caramel - 2.85,2.85,CARD,8574911562741816
18/12/2024 20:11,Bournemouth,Joey Whalen,Large Flavoured iced latte - Hazelnut - 3.25,3.25,CARD,8552504926784318
18/12/2024 20:13,Bournemouth,Irene Oquinn,"Regular Flavoured hot chocolate - Vanilla - 2.60, Regular Flavoured hot chocolate - Vanilla - 2.60, Large Iced americano - 2.50, Regular Hot chocolate - 2.20, Regular Hot chocolate - 2.20, Large Speciality Tea - English breakfast - 1.60",13.7,CARD,1541421827143839
18/12/2024 20:14,Bournemouth,Barbara Wojcik,Regular Iced americano - 2.15,2.15,CARD,3954682472093535
18/12/2024 20:16,Bournemouth,Blanca Dameron,"Regular Iced latte - 2.35, Regular Flavoured hot chocolate - Vanilla - 2.60, Regular Iced latte - 2.35, Regular Flavoured latte - Caramel - 2.55",9.85,CARD,1410216708887468
18/12/2024 20:17,Bournemouth,Lakeisha Creamer,Regular Hot chocolate - 2.20,2.2,CASH,
18/12/2024 20:19,Bournemouth,Nicole Smith,"Regular Iced americano - 2.15, Large Speciality Tea - English breakfast - 1.60",3.75,CARD,5206608328457543
18/12/2024 20:20,Bournemouth,Marshall Paulk,"Regular Flavoured iced latte - Hazelnut - 2.75, Large Flavoured latte - Caramel - 2.85, Regular Flavoured latte - Caramel - 2.55, Large Flavoured latte - Caramel - 2.85, Regular Speciality Tea - English breakfast - 1.30",12.3,CARD,3188112253767297
18/12/2024 20:22,Bournemouth,Richard Gaither,Large Red Label tea - 1.80,1.8,CARD,9477234598244832
18/12/2024 20:24,Bournemouth,Michael Withrow,"Large Iced americano - 2.50, Regular Hot chocolate - 2.20",4.7,CARD,2404344557689539
18/12/2024 20:25,Bournemouth,Elaine Allen,Regular Flavoured hot chocolate - Vanilla - 2.60,2.6,CARD,1852071950795175
18/12/2024 20:27,Bournemouth,Christina Taylor,"Regular Red Label tea - 1.20, Regular Iced latte - 2.35",3.55,CARD,6947318495690739
18/12/2024 20:28,Bournemouth,Zachary Brasfield,"Large Flavoured iced latte - Hazelnut - 3.25, Large Flavoured iced latte - Hazelnut - 3.25, Regular Speciality Tea - English breakfast - 1.30, Regular Iced americano - 2.15",9.95,CARD,4696862543142310
18/12/2024 20:30,Bournemouth,Lois Bagger,"Large Flavoured hot chocolate - Vanilla - 2.90, Large Hot chocolate - 2.90",5.8,CASH,
18/12/2024 20:31,Bournemouth,Richard Truong,"Regular Red Label tea - 1.20, Large Iced americano - 2.50, Regular Red Label tea - 1.20",4.9,CARD,6115157737368322
18/12/2024 20:33,Bournemouth,Doris Costales,"Regular Red Label tea - 1.20, Regular Flavoured hot chocolate - Vanilla - 2.60",3.8,CARD,6871881335070247
18/12/2024 20:35,Bournemouth,Harold Strauch,"Regular Flavoured hot chocolate - Vanilla - 2.60, Regular Iced latte - 2.35, Regular Flavoured hot chocolate - Vanilla - 2.60, Large Flavoured latte - Caramel - 2.85, Regular Flavoured hot chocolate - Vanilla - 2.60",13.0,CASH,
18/12/2024 20:36,Bournemouth,Vicki Maestas,Regular Flavoured hot chocolate - Vanilla - 2.60,2.6,CARD,6672791909587246
18/12/2024 20:38,Bournemouth,James Plummer,Large Flavoured iced latte - Hazelnut - 3.25,3.25,CASH,
18/12/2024 20:39,Bournemouth,Charlotte Ellis,"Large Flavoured latte - Caramel - 2.85, Large Flavoured latte - Caramel - 2.85",5.7,CASH,
18/12/2024 20:41,Bournemouth,Joseph Lin,Large Iced latte - 2.85,2.85,CARD,9010525361870453
18/12/2024 20:42,Bournemouth,Jermaine Clarke,"Regular Iced americano - 2.15, Regular Flavoured hot chocolate - Vanilla - 2.60, Regular Flavoured latte - Caramel - 2.55",7.3,CARD,2685807913458382
18/12/2024 20:44,Bournemouth,Alonzo Leung,"Large Iced americano - 2.50, Large Hot chocolate - 2.90, Regular Speciality Tea - English breakfast - 1.30",6.7,CARD,3148503109634007
18/12/2024 20:46,Bournemouth,Stacy Campbell,"Large Speciality Tea - English breakfast - 1.60, Large Flavoured latte - Caramel - 2.85, Large Hot chocolate - 2.90",7.35,CARD,7185143767577800
18/12/2024 20:47,Bournemouth,Helen Harris,"Large Hot chocolate - 2.90, Large Flavoured iced latte - Hazelnut - 3.25, Regular Flavoured latte - Caramel - 2.55",8.7,CARD,9288470393826055
18/12/2024 20:49,Bournemouth,James Taylor,"Regular Flavoured iced latte - Hazelnut - 2.75, Large Flavoured latte - Caramel - 2.85",5.6,CASH,
18/12/2024 20:50,Bournemouth,Heather Sanborn,"Large Iced americano - 2.50, Regular Flavoured hot chocolate - Vanilla - 2.60, Regular Hot chocolate - 2.20",7.3,CARD,8778579891460330
18/12/2024 20:52,Bournemouth,Kathryn Kirk,"Large Flavoured hot chocolate - Vanilla - 2.90, Large Flavoured latte - Caramel - 2.85, Large Red Label tea - 1.80",7.55,CARD,4637928607308799
18/12/2024 20:53,Bournemouth,Steven Hicks,"Regular Flavoured hot chocolate - Vanilla - 2.60, Regular Flavoured hot chocolate - Vanilla - 2.60",5.2,CARD,3489268189244648
18/12/2024 20:55,Bournemouth,Jacque Walker,"Large Flavoured latte - Caramel - 2.85, Large Speciality Tea - English breakfast - 1.60, Regular Flavoured hot chocolate - Vanilla - 2.60, Regular Flavoured latte - Caramel - 2.55",9.6,CARD,1499316465499293
18/12/2024 20:56,Bournemouth,James Thomas,"Large Iced latte - 2.85, Large Hot chocolate - 2.90",5.75,CASH,
18/12/2024 20:58,Bournemouth,Geneva Anderson,Regular Flavoured hot chocolate - Vanilla - 2.60,2.6,CARD,3907997673699945
