18/12/2024 08:00,Bradford,Sabrina Davenport,Large Americano - 2.25,2.25,CARD,5030831920432369
18/12/2024 08:00,Bradford,Indira Tyer,"Regular Chai latte - 2.30, Regular Filter coffee - 1.50, Regular Flavoured hot chocolate - Caramel - 2.60",6.4,CASH,
18/12/2024 08:01,Bradford,Darlene Kolesar,Regular Chai latte - 2.30,2.3,CARD,8669583770264612
18/12/2024 08:02,Bradford,Patricia Foote,Regular Smoothies - Glowing Greens - 2.00,2.0,CARD,1218609594023746
18/12/2024 08:03,Bradford,Guillermo Kelly,"Large Flavoured hot chocolate - Caramel - 2.90, Regular Flavoured hot chocolate - Caramel - 2.60, Large Chai latte - 2.60",8.1,CARD,9676346313664956
18/12/2024 08:04,Bradford,Edward Welch,"Regular Chai latte - 2.30, Regular Flavoured iced latte - Caramel - 2.75, Large Flavoured hot chocolate - Caramel - 2.90, Regular Flavoured iced latte - Caramel - 2.75",10.7,CARD,8615335262372169
18/12/2024 08:05,Bradford,Patricia Miller,"Regular Chai latte - 2.30, Large Flavoured iced latte - Caramel - 3.25, Large Speciality Tea - Earl Grey - 1.60, Large Glass of milk - 1.10, Large Flavoured iced latte - Caramel - 3.25",11.5,CASH,
18/12/2024 08:06,Bradford,Donald Barker,"Regular Filter coffee - 1.50, Large Filter coffee - 1.80, Regular Filter coffee - 1.50, Regular Chai latte - 2.30, Regular Chai latte - 2.30",9.4,CARD,7326988128600443
18/12/2024 08:07,Bradford,Alice Hoang,"Large Glass of milk - 1.10, Regular Americano - 1.95, Large Smoothies - Glowing Greens - 2.50, Regular Glass of milk - 0.70, Large Speciality Tea - Earl Grey - 1.60, Regular Flavoured iced latte - Caramel - 2.75",10.6,CASH,
18/12/2024 08:08,Bradford,Wade Lavender,"Regular Flavoured iced latte - Caramel - 2.75, Regular Filter coffee - 1.50, Regular Smoothies - Glowing Greens - 2.00, Regular Glass of milk - 0.70",6.95,CASH,
18/12/2024 08:09,Bradford,Allen Davis,"Regular Flavoured iced latte - Caramel - 2.75, Large Flavoured iced latte - Caramel - 3.25, Regular Chai latte - 2.30, Regular Flavoured latte - Vanilla - 2.55",10.85,CASH,
18/12/2024 08:10,Bradford,Kenneth Hoover,Regular Glass of milk - 0.70,0.7,CASH,
18/12/2024 08:11,Bradford,Sarah Costain,Regular Glass of milk - 0.70,0.7,CARD,1981125377677066
18/12/2024 08:12,Bradford,Fred Griffin,Large Americano - 2.25,2.25,CASH,
18/12/2024 08:13,Bradford,Floyd Smith,"Regular Glass of milk - 0.70, Regular Glass of milk - 0.70",1.4,CASH,
18/12/2024 08:14,Bradford,Eric Davis,Regular Chai latte - 2.30,2.3,CARD,8598087809970872
18/12/2024 08:15,Bradford,Jonathan Weinstein,"Large Americano - 2.25, Large Flavoured latte - Vanilla - 2.85, Regular Flavoured latte - Vanilla - 2.55, Large Chai latte - 2.60, Large Flavoured hot chocolate - Caramel - 2.90",13.15,CARD,7952059732128802
18/12/2024 08:16,Bradford,Jon Miller,"Regular Americano - 1.95, Regular Filter coffee - 1.50",3.45,CARD,7606503065472782
18/12/2024 08:17,Bradford,Sean Lingo,"Regular Filter coffee - 1.50, Regular Smoothies - Glowing Greens - 2.00, Large Americano - 2.25",5.75,CARD,6141350086066377
18/12/2024 08:18,Bradford,Julie Koral,"Regular Filter coffee - 1.50, Large Flavoured iced latte - Caramel - 3.25, Regular Filter coffee - 1.50, Regular Chai latte - 2.30, Large Chai latte - 2.60, Regular Flavoured hot chocolate - Caramel - 2.60",13.75,CASH,
18/12/2024 08:19,Bradford,Natasha Mcallister,Regular Glass of milk - 0.70,0.7,CASH,
18/12/2024 08:20,Bradford,Sara Ocasio,"Regular Smoothies - Glowing Greens - 2.00, Regular Flavoured iced latte - Caramel - 2.75",4.75,CASH,
18/12/2024 08:21,Bradford,Geneva Spratley,"Regular Smoothies - Glowing Greens - 2.00, Regular Americano - 1.95",3.95,CARD,5481711245322672
18/12/2024 08:22,Bradford,Jesusita Hornback,Regular Flavoured hot chocolate - Caramel - 2.60,2.6,CARD,6104905493984563
18/12/2024 08:23,Bradford,Su Hoffman,"Regular Speciality Tea - Earl Grey - 1.30, Regular Americano - 1.95, Large Flavoured latte - Vanilla - 2.85, Regular Glass of milk - 0.70",6.8,CASH,
18/12/2024 08:24,Bradford,Christopher Harrison,"Regular Smoothies - Glowing Greens - 2.00, Regular Speciality Tea - Earl Grey - 1.30",3.3,CARD,4602853347189459
18/12/2024 08:25,Bradford,Charleen Gallegos,"Regular Filter coffee - 1.50, Large Flavoured iced latte - Caramel - 3.25, Large Flavoured iced latte - Caramel - 3.25",8.0,CARD,3482766015237582
18/12/2024 08:26,Bradford,Claire Kang,"Regular Chai latte - 2.30, Regular Glass of milk - 0.70, Large Americano - 2.25",5.25,CARD,1499629656208687
18/12/2024 08:27,Bradford,Dorothy Shaffer,Large Glass of milk - 1.10,1.1,CARD,1433615232653034
18/12/2024 08:28,Bradford,Justin Waynick,"Large Flavoured latte - Vanilla - 2.85, Regular Americano - 1.95, Regular Americano - 1.95",6.75,CARD,6562418793958256
18/12/2024 08:29,Bradford,Jason Parker,Large Americano - 2.25,2.25,CARD,1393793602842897
18/12/2024 08:29,Bradford,Sheree Johnson,Large Flavoured iced latte - Caramel - 3.25,3.25,CARD,1091438136429035
18/12/2024 08:30,Bradford,Shannon Mestas,"Large Glass of milk - 1.10, Regular Flavoured iced latte - Caramel - 2.75",3.85,CASH,
18/12/2024 08:31,Bradford,Mona Johnson,"Regular Flavoured hot chocolate - Caramel - 2.60, Regular Chai latte - 2.30, Large Flavoured hot chocolate - Caramel - 2.90, Large Chai latte - 2.60, Large Glass of milk - 1.10",11.5,CARD,5708424451065509
18/12/2024 08:32,Bradford,Betty Baggett,Regular Americano - 1.95,1.95,CASH,
18/12/2024 08:33,Bradford,Charles Romano,"Regular Glass of milk - 0.70, Regular Americano - 1.95",2.65,CARD,4984095451370559
18/12/2024 08:34,Bradford,Nathan Elliott,"Large Chai latte - 2.60, Large Americano - 2.25, Large Filter coffee - 1.80",6.65,CARD,1883464857226121
18/12/2024 08:35,Bradford,Deborah White,Regular Chai latte - 2.30,2.3,CARD,2199515777648891
18/12/2024 08:36,Bradford,Henry Caldwell,"Large Flavoured latte - Vanilla - 2.85, Regular Smoothies - Glowing Greens - 2.00",4.85,CARD,5593916705272383
18/12/2024 08:37,Bradford,Robert Ruiz,"Regular Smoothies - Glowing Greens - 2.00, Regular Flavoured iced latte - Caramel - 2.75",4.75,CARD,3220829129760140
18/12/2024 08:38,Bradford,Lindsey Watson,"Large Smoothies - Glowing Greens - 2.50, Large Flavoured iced latte - Caramel - 3.25",5.75,CARD,6358213716750263
18/12/2024 08:39,Bradford,Charlotte Berringer,"Regular Flavoured latte - Vanilla - 2.55, Large Smoothies - Glowing Greens - 2.50",5.05,CARD,1321738057143936
18/12/2024 08:40,Bradford,Zula Hamberg,"Large Smoothies - Glowing Greens - 2.50, Large Smoothies - Glowing Greens - 2.50",5.0,CARD,8935852517389602
18/12/2024 08:41,Bradford,Linda Cuevas,"Regular Americano - 1.95, Regular Flavoured iced latte - Caramel - 2.75",4.7,CARD,8087482148726454
18/12/2024 08:42,Bradford,Christina Hall,"Regular Glass of milk - 0.70, Large Speciality Tea - Earl Grey - 1.60, Regular Flavoured hot chocolate - Caramel - 2.60",4.9,CARD,8867648208934174
18/12/2024 08:43,Bradford,George Rathbum,"Large Smoothies - Glowing Greens - 2.50, Regular Flavoured hot chocolate - Caramel - 2.60",5.1,CARD,4329037575188605
18/12/2024 08:44,Bradford,Diane Haynes,Regular Filter coffee - 1.50,1.5,CASH,
18/12/2024 08:45,Bradford,Megan Fitzgerald,"Large Flavoured latte - Vanilla - 2.85, Large Glass of milk - 1.10",3.95,CARD,4272619500008566
18/12/2024 08:46,Bradford,Donald Welsh,"Regular Flavoured latte - Vanilla - 2.55, Regular Americano - 1.95, Large Speciality Tea - Earl Grey - 1.60, Regular Filter coffee - 1.50, Large Chai latte - 2.60",10.2,CARD,2881606386782646
18/12/2024 08:47,Bradford,Ralph Gonzales,"Regular Flavoured hot chocolate - Caramel - 2.60, Large Glass of milk - 1.10",3.7,CARD,8621429139538402
18/12/2024 08:48,Bradford,Douglas Mcdowell,Large Americano - 2.25,2.25,CASH,
18/12/2024 08:49,Bradford,Gladys Pedigo,"Large Flavoured hot chocolate - Caramel - 2.90, Large Flavoured hot chocolate - Caramel - 2.90",5.8,CASH,
18/12/2024 08:50,Bradford,Monica Harter,"Regular Flavoured hot chocolate - Caramel - 2.60, Regular Glass of milk - 0.70, Large Glass of milk - 1.10, Large Filter coffee - 1.80, Large Smoothies - Glowing Greens - 2.50, Regular Flavoured hot chocolate - Caramel - 2.60",11.3,CARD,6049292454199754
18/12/2024 08:51,Bradford,Ruth Santos,"Large Smoothies - Glowing Greens - 2.50, Large Smoothies - Glowing Greens - 2.50",5.0,CARD,7140121868674295
18/12/2024 08:52,Bradford,Mary Nincehelsor,"Regular Americano - 1.95, Large Chai latte - 2.60, Large Flavoured hot chocolate - Caramel - 2.90, Large Speciality Tea - Earl Grey - 1.60",9.05,CARD,2739533477548017
18/12/2024 08:53,Bradford,Norman Schubert,"Large Chai latte - 2.60, Regular Smoothies - Glowing Greens - 2.00, Regular Flavoured hot chocolate - Caramel - 2.60, Regular Flavoured hot chocolate - Caramel - 2.60",9.8,CARD,1135311773639025
18/12/2024 08:54,Bradford,Richard Ruda,Regular Smoothies - Glowing Greens - 2.00,2.0,CARD,2185710366346578
18/12/2024 08:55,Bradford,James Zenker,"Regular Americano - 1.95, Large Flavoured latte - Vanilla - 2.85, Regular Chai latte - 2.30, Large Chai latte - 2.60",9.7,CARD,2491402817095649
18/12/2024 08:56,Bradford,Susan Lackey,"Large Smoothies - Glowing Greens - 2.50, Large Flavoured latte - Vanilla - 2.85, Regular Chai latte - 2.30",7.65,CARD,7385230975392118
18/12/2024 08:57,Bradford,Joyce Serio,Large Flavoured iced latte - Caramel - 3.25,3.25,CARD,3820489915154431
18/12/2024 08:58,Bradford,Branden Sims,"Regular Glass of milk - 0.70, Large Filter coffee - 1.80, Large Flavoured hot chocolate - Caramel - 2.90, Large Smoothies - Glowing Greens - 2.50, Large Chai latte - 2.60",10.5,CARD,5664187461138070
18/12/2024 08:58,Bradford,Michelle Mcgilvray,"Large Filter coffee - 1.80, Large Flavoured iced latte - Caramel - 3.25, Large Filter coffee - 1.80, Large Americano - 2.25, Regular Filter coffee - 1.50, Regular Glass of milk - 0.70",11.3,CARD,8270973763431931
18/12/2024 08:59,Bradford,Bruce Noah,"Regular Smoothies - Glowing Greens - 2.00, Large Flavoured hot chocolate - Caramel - 2.90, Large Flavoured latte - Vanilla - 2.85",7.75,CARD,1697089291367953
18/12/2024 09:00,Bradford,April Glenn,Regular Speciality Tea - Earl Grey - 1.30,1.3,CARD,5809749123489796
18/12/2024 09:03,Bradford,Joann Fettig,"Large Americano - 2.25, Regular Smoothies - Glowing Greens - 2.00, Large Filter coffee - 1.80",6.05,CASH,
18/12/2024 09:06,Bradford,Johnny Dowden,"Large Flavoured iced latte - Caramel - 3.25, Regular Chai latte - 2.30, Large Flavoured latte - Vanilla - 2.85, Regular Americano - 1.95, Regular Americano - 1.95",12.3,CARD,8488689665811227
18/12/2024 09:09,Bradford,Robert Barragan,"Large Chai latte - 2.60, Regular Smoothies - Glowing Greens - 2.00",4.6,CARD,5183657972006640
18/12/2024 09:11,Bradford,Alice Drake,Large Flavoured iced latte - Caramel - 3.25,3.25,CARD,6207593858379608
18/12/2024 09:14,Bradford,Timothy Agan,Large Filter coffee - 1.80,1.8,CARD,5445309366111788
18/12/2024 09:17,Bradford,Alice Arneecher,"Regular Speciality Tea - Earl Grey - 1.30, Regular Chai latte - 2.30, Large Americano - 2.25, Regular Smoothies - Glowing Greens - 2.00",7.85,CARD,8530636110347775
18/12/2024 09:19,Bradford,Ericka Delisle,"Large Flavoured iced latte - Caramel - 3.25, Regular Glass of milk - 0.70, Large Filter coffee - 1.80, Large Chai latte - 2.60",8.35,CARD,2723111170163550
18/12/2024 09:22,Bradford,Leota Marzinske,Regular Flavoured iced latte - Caramel - 2.75,2.75,CARD,4922734181310539
18/12/2024 09:25,Bradford,Aaron Swayzer,"Regular Smoothies - Glowing Greens - 2.00, Regular Americano - 1.95",3.95,CARD,8954179823021220
18/12/2024 09:28,Bradford,Mike Smith,Large Flavoured latte - Vanilla - 2.85,2.85,CARD,6801767225577368
18/12/2024 09:30,Bradford,Keith Young,"Regular Chai latte - 2.30, Regular Flavoured iced latte - Caramel - 2.75, Large Flavoured iced latte - Caramel - 3.25",8.3,CARD,9963005577670455
18/12/2024 09:33,Bradford,Mildred Bradstreet,"Large Filter coffee - 1.80, Regular Flavoured hot chocolate - Caramel - 2.60",4.4,CASH,
18/12/2024 09:36,Bradford,Chastity Jones,"Regular Flavoured hot chocolate - Caramel - 2.60, Large Chai latte - 2.60, Large Smoothies - Glowing Greens - 2.50",7.7,CASH,
18/12/2024 09:38,Bradford,Tina Armagost,"Regular Americano - 1.95, Large Speciality Tea - Earl Grey - 1.60, Large Chai latte - 2.60, Large Chai latte - 2.60, Large Flavoured latte - Vanilla - 2.85",11.6,CARD,7000444983796239
18/12/2024 09:41,Bradford,Amy Kader,Regular Flavoured latte - Vanilla - 2.55,2.55,CARD,1322194797122517
18/12/2024 09:44,Bradford,Chastity Bennett,"Regular Chai latte - 2.30, Regular Smoothies - Glowing Greens - 2.00, Regular Chai latte - 2.30, Regular Flavoured iced latte - Caramel - 2.75, Regular Chai latte - 2.30",11.65,CARD,8126274286453042
18/12/2024 09:47,Bradford,Theresa Torres,"Regular Flavoured iced latte - Caramel - 2.75, Large Americano - 2.25",5.0,CARD,6006433587154752
18/12/2024 09:49,Bradford,George Manciel,"Regular Flavoured iced latte - Caramel - 2.75, Regular Flavoured iced latte - Caramel - 2.75, Regular Smoothies - Glowing Greens - 2.00, Large Chai latte - 2.60, Regular Flavoured hot chocolate - Caramel - 2.60, Regular Filter coffee - 1.50",14.2,CARD,5560743389363036
18/12/2024 09:52,Bradford,John Biancuzzo,"Regular Americano - 1.95, Large Americano - 2.25",4.2,CARD,3212195935542534
18/12/2024 09:55,Bradford,Juan Hobby,Large Flavoured hot chocolate - Caramel - 2.90,2.9,CARD,1742053193262424
18/12/2024 09:57,Bradford,William Nelson,"Regular Flavoured latte - Vanilla - 2.55, Regular Glass of milk - 0.70, Large Flavoured hot chocolate - Caramel - 2.90",6.15,CASH,
18/12/2024 10:00,Bradford,Marguerite Ahmed,Regular Flavoured latte - Vanilla - 2.55,2.55,CASH,
18/12/2024 10:04,Bradford,Katherine Reding,"Large Smoothies - Glowing Greens - 2.50, Large Flavoured iced latte - Caramel - 3.25",5.75,CARD,9969281943722193
18/12/2024 10:07,Bradford,Betty Todd,"Large Americano - 2.25, Large Chai latte - 2.60, Large Flavoured hot chocolate - Caramel - 2.90",7.75,CASH,
18/12/2024 10:11,Bradford,Rose Ramirez,"Regular Flavoured iced latte - Caramel - 2.75, Regular Flavoured latte - Vanilla - 2.55, Regular Glass of milk - 0.70",6.0,CARD,1543960193483228
18/12/2024 10:14,Bradford,Jeffrey Haley,Large Glass of milk - 1.10,1.1,CASH,
18/12/2024 10:18,Bradford,Dorothy Carson,"Regular Speciality Tea - Earl Grey - 1.30, Large Flavoured iced latte - Caramel - 3.25",4.55,CARD,2009182449291348
18/12/2024 10:21,Bradford,Joseph Martin,"Regular Flavoured iced latte - Caramel - 2.75, Large Americano - 2.25",5.0,CASH,
18/12/2024 10:25,Bradford,Minnie Privateer,Regular Flavoured hot chocolate - Caramel - 2.60,2.6,CASH,
18/12/2024 10:28,Bradford,Tanya Schwartz,Large Glass of milk - 1.10,1.1,CARD,1210136496390936
18/12/2024 10:32,Bradford,Christina Franklin,"Regular Americano - 1.95, Large Speciality Tea - Earl Grey - 1.60, Large Flavoured latte - Vanilla - 2.85, Large Smoothies - Glowing Greens - 2.50",8.9,CARD,7818740126053502
18/12/2024 10:35,Bradford,Joe Newman,"Large Speciality Tea - Earl Grey - 1.60, Large Americano - 2.25",3.85,CASH,
18/12/2024 10:39,Bradford,Ruthe Johnson,Regular Flavoured hot chocolate - Caramel - 2.60,2.6,CASH,
18/12/2024 10:42,Bradford,Billy Chavez,"Large Filter coffee - 1.80, Large Flavoured iced latte - Caramel - 3.25, Regular Flavoured hot chocolate - Caramel - 2.60, Large Flavoured latte - Vanilla - 2.85, Large Chai latte - 2.60",13.1,CARD,7311365026864102
18/12/2024 10:46,Bradford,Tiffany Clark,"Regular Smoothies - Glowing Greens - 2.00, Large Flavoured iced latte - Caramel - 3.25, Large Glass of milk - 1.10",6.35,CARD,3909191688617163
18/12/2024 10:49,Bradford,Maria Schultz,"Regular Americano - 1.95, Large Flavoured hot chocolate - Caramel - 2.90",4.85,CARD,9772296097097507
18/12/2024 10:53,Bradford,Daniel Delong,"Large Filter coffee - 1.80, Regular Filter coffee - 1.50, Large Flavoured latte - Vanilla - 2.85, Large Flavoured hot chocolate - Caramel - 2.90",9.05,CASH,
18/12/2024 10:56,Bradford,Elizabeth Smith,Regular Speciality Tea - Earl Grey - 1.30,1.3,CARD,7970235489795433
18/12/2024 11:00,Bradford,Mary Holland,"Regular Smoothies - Glowing Greens - 2.00, Regular Americano - 1.95",3.95,CASH,
18/12/2024 11:03,Bradford,Wayne Crosby,"Large Flavoured iced latte - Caramel - 3.25, Large Flavoured latte - Vanilla - 2.85",6.1,CASH,
18/12/2024 11:07,Bradford,Pamela Carter,"Regular Glass of milk - 0.70, Regular Flavoured latte - Vanilla - 2.55, Large Filter coffee - 1.80",5.05,CASH,
18/12/2024 11:10,Bradford,Juan Hyatt,Regular Flavoured hot chocolate - Caramel - 2.60,2.6,CASH,
18/12/2024 11:13,Bradford,Paula Goode,Large Filter coffee - 1.80,1.8,CARD,4448173279348918
18/12/2024 11:17,Bradford,Mary Mcdougal,Large Smoothies - Glowing Greens - 2.50,2.5,CASH,
18/12/2024 11:20,Bradford,Bridget Yates,"Regular Chai latte - 2.30, Large Filter coffee - 1.80, Regular Chai latte - 2.30, Large Flavoured hot chocolate - Caramel - 2.90, Regular Smoothies - Glowing Greens - 2.00, Large Filter coffee - 1.80",13.1,CARD,4726416102250167
18/12/2024 11:23,Bradford,Mary Smock,"Large Chai latte - 2.60, Regular Speciality Tea - Earl Grey - 1.30",3.9,CARD,9867977306334600
18/12/2024 11:27,Bradford,Thelma Pace,"Regular Chai latte - 2.30, Regular Speciality Tea - Earl Grey - 1.30, Regular Speciality Tea - Earl Grey - 1.30, Large Glass of milk - 1.10",6.0,CARD,4881072545252680
18/12/2024 11:30,Bradford,Douglas Curry,"Large Flavoured hot chocolate - Caramel - 2.90, Regular Flavoured iced latte - Caramel - 2.75",5.65,CARD,3101404204096760
18/12/2024 11:33,Bradford,Brian Cook,Regular Speciality Tea - Earl Grey - 1.30,1.3,CASH,
18/12/2024 11:37,Bradford,David Lemieux,"Large Flavoured latte - Vanilla - 2.85, Regular Americano - 1.95",4.8,CASH,
18/12/2024 11:40,Bradford,Willie Betschart,"Regular Flavoured iced latte - Caramel - 2.75, Regular Filter coffee - 1.50, Regular Chai latte - 2.30, Regular Filter coffee - 1.50, Large Flavoured latte - Vanilla - 2.85",10.9,CARD,9347873502159759
18/12/2024 11:43,Bradford,Yong Purnell,"Regular Speciality Tea - Earl Grey - 1.30, Large Smoothies - Glowing Greens - 2.50, Large Flavoured hot chocolate - Caramel - 2.90, Large Speciality Tea - Earl Grey - 1.60",8.3,CASH,
18/12/2024 11:47,Bradford,David Huff,"Large Filter coffee - 1.80, Regular Flavoured iced latte - Caramel - 2.75, Regular Flavoured hot chocolate - Caramel - 2.60",7.15,CARD,8526522469487262
18/12/2024 11:50,Bradford,John Cox,"Large Americano - 2.25, Regular Smoothies - Glowing Greens - 2.00, Large Smoothies - Glowing Greens - 2.50",6.75,CARD,5957284406998704
18/12/2024 11:53,Bradford,Deborah Meyer,"Regular Filter coffee - 1.50, Regular Speciality Tea - Earl Grey - 1.30, Large Speciality Tea - Earl Grey - 1.60, Large Filter coffee - 1.80, Large Flavoured latte - Vanilla - 2.85",9.05,CARD,3739547284887193
18/12/2024 11:57,Bradford,George Terry,"Large Americano - 2.25, Regular Glass of milk - 0.70, Large Chai latte - 2.60, Regular Americano - 1.95",7.5,CARD,1264187117538344
18/12/2024 12:00,Bradford,Twila Davis,"Large Flavoured iced latte - Caramel - 3.25, Large Glass of milk - 1.10",4.35,CARD,8040241843420716
18/12/2024 12:02,Bradford,Willie Suarez,Large Flavoured latte - Vanilla - 2.85,2.85,CARD,9161708986919694
18/12/2024 12:04,Bradford,Steven Perez,"Regular Flavoured hot chocolate - Caramel - 2.60, Regular Chai latte - 2.30, Regular Chai latte - 2.30, Regular Flavoured latte - Vanilla - 2.55",9.75,CARD,7923565819487338
18/12/2024 12:07,Bradford,Lee Montague,"Large Chai latte - 2.60, Regular Flavoured hot chocolate - Caramel - 2.60",5.2,CARD,6805475798998106
18/12/2024 12:09,Bradford,Shelba Ponds,"Large Americano - 2.25, Large Smoothies - Glowing Greens - 2.50",4.75,CARD,8759952250883943
18/12/2024 12:11,Bradford,John Thorne,"Large Speciality Tea - Earl Grey - 1.60, Regular Chai latte - 2.30, Regular Smoothies - Glowing Greens - 2.00, Regular Glass of milk - 0.70, Regular Smoothies - Glowing Greens - 2.00",8.6,CASH,
18/12/2024 12:13,Bradford,Amy Suther,"Large Flavoured iced latte - Caramel - 3.25, Regular Filter coffee - 1.50, Large Flavoured iced latte - Caramel - 3.25",8.0,CARD,2740556341193559
18/12/2024 12:15,Bradford,Lee Griffin,"Regular Chai latte - 2.30, Regular Glass of milk - 0.70",3.0,CARD,5453992877395651
18/12/2024 12:18,Bradford,Pearl Lozoya,Large Flavoured iced latte - Caramel - 3.25,3.25,CARD,9144290802092381
18/12/2024 12:20,Bradford,Hazel Wingate,"Regular Smoothies - Glowing Greens - 2.00, Large Flavoured latte - Vanilla - 2.85",4.85,CASH,
18/12/2024 12:22,Bradford,Jermaine Pitts,"Large Glass of milk - 1.10, Large Smoothies - Glowing Greens - 2.50, Large Smoothies - Glowing Greens - 2.50, Large Filter coffee - 1.80",7.9,CARD,3313989536020136
18/12/2024 12:24,Bradford,Shirley Holzinger,"Regular Flavoured latte - Vanilla - 2.55, Regular Flavoured iced latte - Caramel - 2.75, Regular Americano - 1.95, Regular Flavoured iced latte - Caramel - 2.75, Large Glass of milk - 1.10",11.1,CARD,1302044132267872
18/12/2024 12:27,Bradford,Cynthia Thompson,"Regular Speciality Tea - Earl Grey - 1.30, Large Glass of milk - 1.10",2.4,CARD,4592903486234219
18/12/2024 12:29,Bradford,Olivia Newman,Regular Filter coffee - 1.50,1.5,CARD,7361906586901797
18/12/2024 12:31,Bradford,Douglas Wile,Large Filter coffee - 1.80,1.8,CARD,1563141906085222
18/12/2024 12:33,Bradford,Wesley Hernandez,"Regular Speciality Tea - Earl Grey - 1.30, Regular Americano - 1.95, Large Flavoured latte - Vanilla - 2.85, Regular Flavoured iced latte - Caramel - 2.75",8.85,CASH,
18/12/2024 12:35,Bradford,Hortencia Gantt,Large Flavoured iced latte - Caramel - 3.25,3.25,CASH,
18/12/2024 12:38,Bradford,Bobbie Kennedy,"Regular Americano - 1.95, Regular Flavoured latte - Vanilla - 2.55",4.5,CARD,6085703842245268
18/12/2024 12:40,Bradford,Eric Hesseltine,"Large Glass of milk - 1.10, Regular Flavoured iced latte - Caramel - 2.75",3.85,CASH,
18/12/2024 12:42,Bradford,Annie Gravois,"Large Flavoured iced latte - Caramel - 3.25, Regular Flavoured latte - Vanilla - 2.55, Regular Filter coffee - 1.50",7.3,CARD,3390164728607282
18/12/2024 12:44,Bradford,Joshua Mendez,"Large Speciality Tea - Earl Grey - 1.60, Large Glass of milk - 1.10",2.7,CARD,6999170917885733
18/12/2024 12:47,Bradford,Rosario Ciccone,"Regular Flavoured iced latte - Caramel - 2.75, Regular Speciality Tea - Earl Grey - 1.30, Large Flavoured hot chocolate - Caramel - 2.90, Regular Glass of milk - 0.70, Regular Chai latte - 2.30",9.95,CARD,2420602631724357
18/12/2024 12:49,Bradford,Candy Herrera,"Regular Flavoured iced latte - Caramel - 2.75, Large Speciality Tea - Earl Grey - 1.60",4.35,CARD,7662293930985198
18/12/2024 12:51,Bradford,Annie Ricketts,"Regular Americano - 1.95, Regular Speciality Tea - Earl Grey - 1.30, Regular Flavoured latte - Vanilla - 2.55",5.8,CARD,7655739417294883
18/12/2024 12:53,Bradford,Dianne Schaefer,"Regular Flavoured iced latte - Caramel - 2.75, Large Flavoured latte - Vanilla - 2.85",5.6,CARD,1426729146985349
18/12/2024 12:55,Bradford,Jackie Chennault,Regular Flavoured latte - Vanilla - 2.55,2.55,CASH,
18/12/2024 12:58,Bradford,Fred Reed,"Large Chai latte - 2.60, Large Smoothies - Glowing Greens - 2.50",5.1,CARD,9062715790860891
18/12/2024 13:00,Bradford,Gladys Mayfield,"Regular Flavoured latte - Vanilla - 2.55, Large Flavoured hot chocolate - Caramel - 2.90, Regular Glass of milk - 0.70, Large Flavoured hot chocolate - Caramel - 2.90",9.05,CASH,
18/12/2024 13:04,Bradford,Jesse Block,Regular Flavoured hot chocolate - Caramel - 2.60,2.6,CARD,5740549234208779
18/12/2024 13:08,Bradford,Richard Andrews,"Large Flavoured hot chocolate - Caramel - 2.90, Large Flavoured latte - Vanilla - 2.85",5.75,CARD,2977877962103697
18/12/2024 13:13,Bradford,Patrick Schrader,"Regular Chai latte - 2.30, Large Glass of milk - 1.10, Regular Flavoured hot chocolate - Caramel - 2.60, Regular Flavoured iced latte - Caramel - 2.75",8.75,CASH,
18/12/2024 13:17,Bradford,Wendy Velasquez,"Large Smoothies - Glowing Greens - 2.50, Large Filter coffee - 1.80, Large Flavoured latte - Vanilla - 2.85",7.15,CARD,4200545216262229
18/12/2024 13:21,Bradford,Jason Queen,"Regular Filter coffee - 1.50, Large Speciality Tea - Earl Grey - 1.60",3.1,CARD,7233383931397300
18/12/2024 13:26,Bradford,Irma Pena,"Large Chai latte - 2.60, Regular Chai latte - 2.30, Regular Flavoured iced latte - Caramel - 2.75, Regular Flavoured hot chocolate - Caramel - 2.60, Large Flavoured hot chocolate - Caramel - 2.90",13.15,CASH,
18/12/2024 13:30,Bradford,George Guzman,"Large Speciality Tea - Earl Grey - 1.60, Large Flavoured iced latte - Caramel - 3.25, Regular Chai latte - 2.30, Regular Flavoured iced latte - Caramel - 2.75",9.9,CARD,2500585304968138
18/12/2024 13:34,Bradford,Jessica Hendrick,"Large Flavoured iced latte - Caramel - 3.25, Regular Flavoured latte - Vanilla - 2.55",5.8,CASH,
18/12/2024 13:38,Bradford,Michael Keister,"Large Chai latte - 2.60, Regular Flavoured latte - Vanilla - 2.55",5.15,CARD,3857594190667590
18/12/2024 13:43,Bradford,Madge Stapler,"Regular Flavoured hot chocolate - Caramel - 2.60, Regular Glass of milk - 0.70",3.3,CARD,8059637743510600
18/12/2024 13:47,Bradford,Thomas Buckner,"Regular Flavoured iced latte - Caramel - 2.75, Large Flavoured latte - Vanilla - 2.85",5.6,CARD,5715089211590140
18/12/2024 13:51,Bradford,Joseph Turner,"Regular Flavoured iced latte - Caramel - 2.75, Regular Filter coffee - 1.50",4.25,CARD,9058036363997615
18/12/2024 13:55,Bradford,Frederick Lawrence,Regular Chai latte - 2.30,2.3,CARD,2087518812941917
18/12/2024 14:00,Bradford,Michael Jared,"Large Flavoured latte - Vanilla - 2.85, Regular Smoothies - Glowing Greens - 2.00, Regular Glass of milk - 0.70",5.55,CASH,
18/12/2024 14:01,Bradford,Miguel Arnold,Regular Americano - 1.95,1.95,CARD,9882555477864899
18/12/2024 14:03,Bradford,Leon Englehardt,"Large Filter coffee - 1.80, Large Flavoured iced latte - Caramel - 3.25, Large Flavoured iced latte - Caramel - 3.25, Large Speciality Tea - Earl Grey - 1.60, Large Flavoured hot chocolate - Caramel - 2.90",12.8,CARD,4577831859131459
18/12/2024 14:04,Bradford,Penny Harris,"Regular Americano - 1.95, Large Glass of milk - 1.10, Large Filter coffee - 1.80, Large Speciality Tea - Earl Grey - 1.60, Large Flavoured iced latte - Caramel - 3.25",9.7,CASH,
18/12/2024 14:05,Bradford,Kurt Fleshman,"Regular Flavoured hot chocolate - Caramel - 2.60, Regular Chai latte - 2.30",4.9,CASH,
18/12/2024 14:07,Bradford,Virginia Hawk,"Large Speciality Tea - Earl Grey - 1.60, Regular Speciality Tea - Earl Grey - 1.30",2.9,CASH,
18/12/2024 14:08,Bradford,Carolyn Esparza,"Regular Flavoured iced latte - Caramel - 2.75, Regular Chai latte - 2.30, Large Flavoured latte - Vanilla - 2.85, Large Flavoured hot chocolate - Caramel - 2.90, Regular Flavoured iced latte - Caramel - 2.75",13.55,CARD,2484872313554706
18/12/2024 14:09,Bradford,George Redding,"Large Flavoured latte - Vanilla - 2.85, Large Flavoured hot chocolate - Caramel - 2.90, Large Speciality Tea - Earl Grey - 1.60",7.35,CARD,5244088860626716
18/12/2024 14:11,Bradford,Mario Denman,"Regular Flavoured latte - Vanilla - 2.55, Regular Chai latte - 2.30, Large Flavoured iced latte - Caramel - 3.25",8.1,CARD,1997190042964917
18/12/2024 14:12,Bradford,Molly Watson,Regular Smoothies - Glowing Greens - 2.00,2.0,CASH,
18/12/2024 14:14,Bradford,James Bolt,"Regular Americano - 1.95, Large Glass of milk - 1.10, Regular Chai latte - 2.30",5.35,CARD,3517762951677482
18/12/2024 14:15,Bradford,Mary Hogston,"Large Smoothies - Glowing Greens - 2.50, Large Flavoured iced latte - Caramel - 3.25, Regular Glass of milk - 0.70, Regular Flavoured latte - Vanilla - 2.55, Large Americano - 2.25, Large Flavoured hot chocolate - Caramel - 2.90",14.15,CARD,2796823342640929
18/12/2024 14:16,Bradford,Roger Burgess,"Regular Speciality Tea - Earl Grey - 1.30, Regular Smoothies - Glowing Greens - 2.00, Large Americano - 2.25",5.55,CASH,
18/12/2024 14:18,Bradford,Heather Geary,"Regular Flavoured hot chocolate - Caramel - 2.60, Large Glass of milk - 1.10, Large Filter coffee - 1.80",5.5,CARD,6578214954008215
18/12/2024 14:19,Bradford,Sara Cisneros,"Large Smoothies - Glowing Greens - 2.50, Large Flavoured iced latte - Caramel - 3.25, Regular Filter coffee - 1.50, Large Flavoured hot chocolate - Caramel - 2.90, Regular Filter coffee - 1.50, Large Flavoured iced latte - Caramel - 3.25",14.9,CASH,
18/12/2024 14:21,Bradford,Lawrence Patten,"Regular Filter coffee - 1.50, Large Flavoured hot chocolate - Caramel - 2.90",4.4,CARD,5947579298578717
18/12/2024 14:22,Bradford,Jesus Simon,Large Chai latte - 2.60,2.6,CASH,
18/12/2024 14:23,Bradford,Rosa Timm,Large Chai latte - 2.60,2.6,CARD,4414266533860518
18/12/2024 14:25,Bradford,Rebecca Velasquez,Regular Flavoured latte - Vanilla - 2.55,2.55,CARD,9792609140691920
18/12/2024 14:26,Bradford,Shannon Hargis,"Large Americano - 2.25, Regular Flavoured hot chocolate - Caramel - 2.60, Large Flavoured iced latte - Caramel - 3.25",8.1,CARD,5171625055803994
18/12/2024 14:27,Bradford,Monica Rhim,Large Speciality Tea - Earl Grey - 1.60,1.6,CARD,2623860617166407
18/12/2024 14:29,Bradford,Vickie Kahn,"Large Chai latte - 2.60, Large Americano - 2.25",4.85,CARD,6064050695162380
18/12/2024 14:30,Bradford,Cheryl Faulkner,"Regular Filter coffee - 1.50, Regular Smoothies - Glowing Greens - 2.00, Large Filter coffee - 1.80, Regular Flavoured latte - Vanilla - 2.55",7.85,CARD,6223862128348744
18/12/2024 14:32,Bradford,David Mckenney,Regular Smoothies - Glowing Greens - 2.00,2.0,CASH,
18/12/2024 14:33,Bradford,Anita Sylvester,"Regular Flavoured iced latte - Caramel - 2.75, Large Flavoured hot chocolate - Caramel - 2.90",5.65,CARD,5018397049779207
18/12/2024 14:34,Bradford,Amy Cole,"Large Filter coffee - 1.80, Large Chai latte - 2.60",4.4,CASH,
18/12/2024 14:36,Bradford,Lena Garcia,"Regular Chai latte - 2.30, Regular Speciality Tea - Earl Grey - 1.30, Large Flavoured hot chocolate - Caramel - 2.90, Regular Americano - 1.95, Regular Speciality Tea - Earl Grey - 1.30",9.75,CARD,6502130295513596
18/12/2024 14:37,Bradford,Melissa Tappin,"Large Americano - 2.25, Regular Flavoured iced latte - Caramel - 2.75, Regular Chai latte - 2.30",7.3,CARD,6332930751994904
18/12/2024 14:39,Bradford,Florentina Smith,Large Speciality Tea - Earl Grey - 1.60,1.6,CARD,1950468302662300
18/12/2024 14:40,Bradford,Dale Wei,"Regular Chai latte - 2.30, Large Americano - 2.25, Large Chai latte - 2.60, Large Flavoured hot chocolate - Caramel - 2.90, Large Smoothies - Glowing Greens - 2.50",12.55,CARD,8249374653597986
18/12/2024 14:41,Bradford,Michelle Ammerman,Regular Smoothies - Glowing Greens - 2.00,2.0,CASH,
18/12/2024 14:43,Bradford,Reuben Keely,"Regular Filter coffee - 1.50, Regular Flavoured hot chocolate - Caramel - 2.60",4.1,CARD,7935944266864606
18/12/2024 14:44,Bradford,Derek Wyatt,Regular Flavoured hot chocolate - Caramel - 2.60,2.6,CARD,8917924693705298
18/12/2024 14:45,Bradford,Melinda Volker,"Regular Flavoured hot chocolate - Caramel - 2.60, Regular Flavoured iced latte - Caramel - 2.75, Regular Smoothies - Glowing Greens - 2.00, Large Filter coffee - 1.80",9.15,CASH,
18/12/2024 14:47,Bradford,Pearl Cropley,Large Americano - 2.25,2.25,CARD,8452457303761837
18/12/2024 14:48,Bradford,Darren Debois,"Regular Smoothies - Glowing Greens - 2.00, Large Chai latte - 2.60",4.6,CARD,9962906008001850
18/12/2024 14:50,Bradford,Dorothy Gaither,"Large Chai latte - 2.60, Regular Flavoured iced latte - Caramel - 2.75, Large Glass of milk - 1.10, Regular Filter coffee - 1.50, Regular Chai latte - 2.30",10.25,CASH,
18/12/2024 14:51,Bradford,Billy Laughlin,Regular Americano - 1.95,1.95,CASH,
18/12/2024 14:52,Bradford,Marco Kindig,"Regular Flavoured iced latte - Caramel - 2.75, Large Flavoured iced latte - Caramel - 3.25, Large Chai latte - 2.60",8.6,CARD,6544158169148989
18/12/2024 14:54,Bradford,Dora Scalf,Large Filter coffee - 1.80,1.8,CARD,1291335154825670
18/12/2024 14:55,Bradford,Karen Troutman,"Regular Flavoured latte - Vanilla - 2.55, Large Americano - 2.25",4.8,CARD,8553304772271360
18/12/2024 14:56,Bradford,Herbert Jordan,"Regular Chai latte - 2.30, Large Chai latte - 2.60, Regular Glass of milk - 0.70",5.6,CASH,
18/12/2024 14:58,Bradford,Julia Hartranft,"Large Chai latte - 2.60, Regular Americano - 1.95",4.55,CARD,1916978370997436
18/12/2024 14:59,Bradford,Michael Harrell,"Large Smoothies - Glowing Greens - 2.50, Regular Americano - 1.95, Large Flavoured hot chocolate - Caramel - 2.90, Regular Flavoured iced latte - Caramel - 2.75, Large Flavoured iced latte - Caramel - 3.25",13.35,CARD,8418153400102567
18/12/2024 15:01,Bradford,Carolyn Blackman,"Large Flavoured iced latte - Caramel - 3.25, Large Filter coffee - 1.80",5.05,CARD,3199158837125554
18/12/2024 15:02,Bradford,Rachel Miller,"Regular Americano - 1.95, Regular Chai latte - 2.30",4.25,CARD,6912823763560536
18/12/2024 15:03,Bradford,Joe Scott,"Regular Smoothies - Glowing Greens - 2.00, Large Flavoured hot chocolate - Caramel - 2.90, Large Flavoured latte - Vanilla - 2.85",7.75,CARD,8524291699667761
18/12/2024 15:04,Bradford,Herbert Lopez,"Regular Glass of milk - 0.70, Regular Speciality Tea - Earl Grey - 1.30, Regular Flavoured latte - Vanilla - 2.55, Regular Chai latte - 2.30",6.85,CASH,
18/12/2024 15:06,Bradford,Jason Coward,Large Speciality Tea - Earl Grey - 1.60,1.6,CASH,
18/12/2024 15:07,Bradford,Robert Morales,"Large Speciality Tea - Earl Grey - 1.60, Large Glass of milk - 1.10, Regular Flavoured hot chocolate - Caramel - 2.60",5.3,CARD,8146817820500853
18/12/2024 15:08,Bradford,Jennifer Blaze,"Regular Filter coffee - 1.50, Large Americano - 2.25",3.75,CARD,6754876403494497
18/12/2024 15:09,Bradford,Lisa Huggins,"Large Americano - 2.25, Regular Filter coffee - 1.50, Large Filter coffee - 1.80, Regular Americano - 1.95",7.5,CARD,6465590312803543
18/12/2024 15:11,Bradford,Kate Riddle,"Large Filter coffee - 1.80, Regular Flavoured latte - Vanilla - 2.55",4.35,CARD,9454762414539300
18/12/2024 15:12,Bradford,Kathleen Espinal,"Regular Speciality Tea - Earl Grey - 1.30, Regular Flavoured iced latte - Caramel - 2.75, Large Flavoured iced latte - Caramel - 3.25, Large Flavoured iced latte - Caramel - 3.25",10.55,CASH,
18/12/2024 15:13,Bradford,Jonathan Brown,"Regular Americano - 1.95, Large Flavoured latte - Vanilla - 2.85, Regular Americano - 1.95, Regular Flavoured iced latte - Caramel - 2.75, Regular Flavoured iced latte - Caramel - 2.75",12.25,CARD,9845604649245699
18/12/2024 15:14,Bradford,Edith Randall,"Regular Speciality Tea - Earl Grey - 1.30, Large Americano - 2.25, Regular Americano - 1.95",5.5,CARD,2905156421823588
18/12/2024 15:16,Bradford,Lionel Trevino,"Large Chai latte - 2.60, Large Flavoured latte - Vanilla - 2.85, Large Chai latte - 2.60",8.05,CARD,6193789121216668
18/12/2024 15:17,Bradford,Kevin Tatum,Large Americano - 2.25,2.25,CARD,8054397186402035
18/12/2024 15:18,Bradford,Dianna Matthews,Large Flavoured iced latte - Caramel - 3.25,3.25,CARD,3359832130900407
18/12/2024 15:19,Bradford,Brittany Dickerson,Regular Smoothies - Glowing Greens - 2.00,2.0,CASH,
18/12/2024 15:21,Bradford,Monica Shaffner,Regular Chai latte - 2.30,2.3,CARD,7617112461393045
18/12/2024 15:22,Bradford,Richard Aronoff,"Regular Filter coffee - 1.50, Large Flavoured latte - Vanilla - 2.85, Large Flavoured iced latte - Caramel - 3.25, Large Speciality Tea - Earl Grey - 1.60",9.2,CARD,9452200781472032
18/12/2024 15:23,Bradford,Lisa Scott,"Large Speciality Tea - Earl Grey - 1.60, Large Flavoured iced latte - Caramel - 3.25, Regular Flavoured hot chocolate - Caramel - 2.60",7.45,CARD,1789043037152122
18/12/2024 15:24,Bradford,Wesley Frezzo,"Large Flavoured iced latte - Caramel - 3.25, Large Flavoured hot chocolate - Caramel - 2.90, Large Smoothies - Glowing Greens - 2.50",8.65,CARD,3434689305298329
18/12/2024 15:26,Bradford,Susana Irvine,"Regular Flavoured latte - Vanilla - 2.55, Regular Speciality Tea - Earl Grey - 1.30",3.85,CARD,3583011240387567
18/12/2024 15:27,Bradford,Scott Melendez,"Large Flavoured hot chocolate - Caramel - 2.90, Regular Flavoured iced latte - Caramel - 2.75, Large Flavoured hot chocolate - Caramel - 2.90, Large Americano - 2.25",10.8,CASH,
18/12/2024 15:28,Bradford,Marcos Underwood,"Large Speciality Tea - Earl Grey - 1.60, Regular Flavoured iced latte - Caramel - 2.75, Regular Flavoured hot chocolate - Caramel - 2.60, Large Speciality Tea - Earl Grey - 1.60, Large Flavoured latte - Vanilla - 2.85",11.4,CARD,4657769550936350
18/12/2024 15:29,Bradford,Cathy Johnson,Large Speciality Tea - Earl Grey - 1.60,1.6,CARD,6780790382132033
18/12/2024 15:31,Bradford,Mary Ramirez,"Regular Glass of milk - 0.70, Regular Flavoured iced latte - Caramel - 2.75",3.45,CASH,
18/12/2024 15:32,Bradford,Maria Filgo,"Regular Flavoured hot chocolate - Caramel - 2.60, Regular Speciality Tea - Earl Grey - 1.30, Regular Smoothies - Glowing Greens - 2.00, Regular Flavoured iced latte - Caramel - 2.75",8.65,CASH,
18/12/2024 15:33,Bradford,Kenneth Hackney,"Regular Speciality Tea - Earl Grey - 1.30, Regular Smoothies - Glowing Greens - 2.00, Regular Americano - 1.95, Regular Filter coffee - 1.50",6.75,CARD,1322698756912263
18/12/2024 15:34,Bradford,Tracey Knight,Regular Americano - 1.95,1.95,CARD,3066033629620535
18/12/2024 15:36,Bradford,Ann Portillo,"Regular Chai latte - 2.30, Large Flavoured iced latte - Caramel - 3.25, Large Chai latte - 2.60, Large Chai latte - 2.60",10.75,CASH,
18/12/2024 15:37,Bradford,Gregory Acevedo,"Regular Speciality Tea - Earl Grey - 1.30, Large Flavoured latte - Vanilla - 2.85, Regular Flavoured hot chocolate - Caramel - 2.60",6.75,CARD,9550158625977188
18/12/2024 15:38,Bradford,Whitney Alvarado,Large Speciality Tea - Earl Grey - 1.60,1.6,CASH,
18/12/2024 15:39,Bradford,Scott Wilson,Large Filter coffee - 1.80,1.8,CARD,5944393859983781
18/12/2024 15:41,Bradford,Vickie Thompson,"Large Flavoured hot chocolate - Caramel - 2.90, Large Americano - 2.25",5.15,CASH,
18/12/2024 15:42,Bradford,Demarcus Mitchell,"Large Glass of milk - 1.10, Large Chai latte - 2.60",3.7,CARD,7640590999645669
18/12/2024 15:43,Bradford,Angel Funderburk,"Regular Flavoured hot chocolate - Caramel - 2.60, Regular Flavoured latte - Vanilla - 2.55, Large Smoothies - Glowing Greens - 2.50",7.65,CARD,6248641533599448
18/12/2024 15:44,Bradford,Greg Federick,"Large Smoothies - Glowing Greens - 2.50, Large Americano - 2.25, Large Flavoured latte - Vanilla - 2.85",7.6,CARD,3126809255040422
18/12/2024 15:46,Bradford,Patrick Choate,"Large Speciality Tea - Earl Grey - 1.60, Large Glass of milk - 1.10, Regular Glass of milk - 0.70, Regular Filter coffee - 1.50, Large Flavoured hot chocolate - Caramel - 2.90, Regular Chai latte - 2.30",10.1,CASH,
18/12/2024 15:47,Bradford,William Lewis,"Large Filter coffee - 1.80, Large Flavoured hot chocolate - Caramel - 2.90, Large Americano - 2.25, Regular Smoothies - Glowing Greens - 2.00, Regular Speciality Tea - Earl Grey - 1.30",10.25,CASH,
18/12/2024 15:48,Bradford,Edward Simpkins,"Large Flavoured hot chocolate - Caramel - 2.90, Regular Americano - 1.95, Large Flavoured hot chocolate - Caramel - 2.90, Regular Flavoured hot chocolate - Caramel - 2.60",10.35,CARD,4931599184376571
18/12/2024 15:49,Bradford,Jon Walters,Large Chai latte - 2.60,2.6,CARD,6470899485469808
18/12/2024 15:51,Bradford,David Clopper,"Large Speciality Tea - Earl Grey - 1.60, Regular Speciality Tea - Earl Grey - 1.30, Large Filter coffee - 1.80",4.7,CARD,2228594776148352
18/12/2024 15:52,Bradford,Ruthie Nickelson,Regular Chai latte - 2.30,2.3,CASH,
18/12/2024 15:53,Bradford,Loretta Hicks,"Large Americano - 2.25, Regular Smoothies - Glowing Greens - 2.00, Large Flavoured hot chocolate - Caramel - 2.90, Regular Flavoured hot chocolate - Caramel - 2.60, Regular Speciality Tea - Earl Grey - 1.30",11.05,CARD,8623177598602551
18/12/2024 15:54,Bradford,Heather Baldwin,Large Flavoured hot chocolate - Caramel - 2.90,2.9,CARD,7547333019840076
18/12/2024 15:56,Bradford,Ryan Benck,"Regular Flavoured iced latte - Caramel - 2.75, Regular Americano - 1.95",4.7,CARD,8777335586363723
18/12/2024 15:57,Bradford,Charlotte Phelps,"Large Speciality Tea - Earl Grey - 1.60, Regular Flavoured iced latte - Caramel - 2.75, Large Chai latte - 2.60, Large Flavoured iced latte - Caramel - 3.25, Regular Chai latte - 2.30, Regular Americano - 1.95",14.45,CARD,8209732950652167
18/12/2024 15:58,Bradford,Scott Kirklin,Regular Flavoured iced latte - Caramel - 2.75,2.75,CARD,2328729757287023
18/12/2024 15:59,Bradford,Peter Shasteen,"Large Filter coffee - 1.80, Regular Americano - 1.95, Large Flavoured iced latte - Caramel - 3.25, Large Flavoured iced latte - Caramel - 3.25, Large Flavoured latte - Vanilla - 2.85",13.1,CASH,
18/12/2024 16:01,Bradford,Thomas Vital,"Regular Filter coffee - 1.50, Large Speciality Tea - Earl Grey - 1.60, Large Flavoured hot chocolate - Caramel - 2.90",6.0,CARD,6055790041196557
18/12/2024 16:02,Bradford,Donna Gregory,Large Glass of milk - 1.10,1.1,CARD,3170677188720961
18/12/2024 16:04,Bradford,Maxine Foody,"Large Flavoured latte - Vanilla - 2.85, Large Filter coffee - 1.80, Regular Flavoured iced latte - Caramel - 2.75, Large Americano - 2.25",9.65,CARD,9246213023085889
18/12/2024 16:06,Bradford,Reynaldo Mckenzie,Large Flavoured iced latte - Caramel - 3.25,3.25,CASH,
18/12/2024 16:08,Bradford,Anthony Plaisted,"Regular Filter coffee - 1.50, Large Flavoured hot chocolate - Caramel - 2.90, Regular Speciality Tea - Earl Grey - 1.30",5.7,CARD,9704017184633687
18/12/2024 16:10,Bradford,Michael Imig,"Large Glass of milk - 1.10, Regular Americano - 1.95, Large Flavoured latte - Vanilla - 2.85",5.9,CARD,9585639064112482
18/12/2024 16:12,Bradford,Debra Obrien,Large Americano - 2.25,2.25,CARD,1460961315580951
18/12/2024 16:13,Bradford,Francisca Guerra,"Large Glass of milk - 1.10, Large Americano - 2.25, Regular Smoothies - Glowing Greens - 2.00, Regular Flavoured latte - Vanilla - 2.55",7.9,CASH,
18/12/2024 16:15,Bradford,Philip Lewis,"Large Filter coffee - 1.80, Large Chai latte - 2.60",4.4,CARD,8627449781127696
18/12/2024 16:17,Bradford,Juana Mann,"Large Glass of milk - 1.10, Regular Smoothies - Glowing Greens - 2.00, Regular Smoothies - Glowing Greens - 2.00, Regular Flavoured hot chocolate - Caramel - 2.60",7.7,CASH,
18/12/2024 16:19,Bradford,Maxine Bassett,"Regular Flavoured iced latte - Caramel - 2.75, Regular Flavoured hot chocolate - Caramel - 2.60, Regular Glass of milk - 0.70, Regular Chai latte - 2.30, Regular Flavoured latte - Vanilla - 2.55",10.9,CARD,4333620038607036
18/12/2024 16:21,Bradford,Myron Doyle,Large Flavoured hot chocolate - Caramel - 2.90,2.9,CARD,5569232619001236
18/12/2024 16:22,Bradford,Arturo Lagasse,"Regular Americano - 1.95, Regular Speciality Tea - Earl Grey - 1.30",3.25,CASH,
18/12/2024 16:24,Bradford,Glynis Solis,"Large Speciality Tea - Earl Grey - 1.60, Large Chai latte - 2.60, Large Flavoured iced latte - Caramel - 3.25, Large Flavoured latte - Vanilla - 2.85, Large Chai latte - 2.60",12.9,CASH,
18/12/2024 16:26,Bradford,William Brown,"Regular Speciality Tea - Earl Grey - 1.30, Regular Americano - 1.95",3.25,CASH,
18/12/2024 16:28,Bradford,Michael Miller,"Large Chai latte - 2.60, Regular Chai latte - 2.30",4.9,CASH,
18/12/2024 16:30,Bradford,John Federico,"Large Flavoured hot chocolate - Caramel - 2.90, Regular Smoothies - Glowing Greens - 2.00",4.9,CARD,2811165522493914
18/12/2024 16:32,Bradford,Kelley Mcelhaney,"Regular Flavoured latte - Vanilla - 2.55, Regular Americano - 1.95, Large Filter coffee - 1.80, Regular Americano - 1.95",8.25,CARD,2608837383583321
18/12/2024 16:33,Bradford,Toni Monteros,"Regular Flavoured latte - Vanilla - 2.55, Regular Glass of milk - 0.70, Regular Flavoured hot chocolate - Caramel - 2.60, Large Chai latte - 2.60, Regular Smoothies - Glowing Greens - 2.00",10.45,CARD,4707737693306587
18/12/2024 16:35,Bradford,Patricia Joe,Large Flavoured latte - Vanilla - 2.85,2.85,CARD,5344255862174424
18/12/2024 16:37,Bradford,Marie Harrison,"Regular Flavoured hot chocolate - Caramel - 2.60, Large Flavoured iced latte - Caramel - 3.25",5.85,CARD,9102263639430173
18/12/2024 16:39,Bradford,Esther Wood,"Large Smoothies - Glowing Greens - 2.50, Regular Flavoured iced latte - Caramel - 2.75",5.25,CARD,1749813557630174
18/12/2024 16:41,Bradford,Patrick Spell,"Large Glass of milk - 1.10, Large Flavoured hot chocolate - Caramel - 2.90",4.0,CARD,2152584385598395
18/12/2024 16:42,Bradford,Timothy Frady,"Large Flavoured iced latte - Caramel - 3.25, Large Chai latte - 2.60, Regular Americano - 1.95, Large Flavoured iced latte - Caramel - 3.25, Large Flavoured iced latte - Caramel - 3.25",14.3,CARD,5823254679222234
18/12/2024 16:44,Bradford,Floyd Miller,Large Flavoured latte - Vanilla - 2.85,2.85,CARD,9103340689944652
18/12/2024 16:46,Bradford,Jon Shaw,"Regular Glass of milk - 0.70, Regular Chai latte - 2.30, Large Flavoured iced latte - Caramel - 3.25, Large Flavoured hot chocolate - Caramel - 2.90, Regular Smoothies - Glowing Greens - 2.00",11.15,CARD,7819701870984255
18/12/2024 16:48,Bradford,Philomena Bain,"Regular Flavoured latte - Vanilla - 2.55, Large Speciality Tea - Earl Grey - 1.60",4.15,CARD,5004724261790039
18/12/2024 16:50,Bradford,Frank Watson,"Regular Flavoured hot chocolate - Caramel - 2.60, Regular Speciality Tea - Earl Grey - 1.30, Regular Flavoured hot chocolate - Caramel - 2.60, Large Flavoured hot chocolate - Caramel - 2.90",9.4,CARD,5864290019800239
18/12/2024 16:52,Bradford,Amy Harrison,"Regular Flavoured iced latte - Caramel - 2.75, Regular Glass of milk - 0.70",3.45,CARD,8053084261583230
18/12/2024 16:53,Bradford,Adam Lewis,"Large Filter coffee - 1.80, Regular Speciality Tea - Earl Grey - 1.30, Large Filter coffee - 1.80",4.9,CARD,9961194893229025
18/12/2024 16:55,Bradford,Susan Perez,Regular Flavoured iced latte - Caramel - 2.75,2.75,CARD,7019450826244534
18/12/2024 16:57,Bradford,Charles Licursi,"Regular Chai latte - 2.30, Regular Flavoured iced latte - Caramel - 2.75",5.05,CASH,
18/12/2024 16:59,Bradford,Arthur Cook,"Regular Filter coffee - 1.50, Regular Filter coffee - 1.50, Regular Chai latte - 2.30, Regular Flavoured latte - Vanilla - 2.55, Large Flavoured hot chocolate - Caramel - 2.90, Large Filter coffee - 1.80",12.55,CARD,7595535988329615
18/12/2024 17:01,Bradford,Joe Escobar,Large Flavoured iced latte - Caramel - 3.25,3.25,CARD,5548249836692849
18/12/2024 17:03,Bradford,Noreen Macpartland,"Large Speciality Tea - Earl Grey - 1.60, Regular Flavoured hot chocolate - Caramel - 2.60",4.2,CARD,2735441047007764
18/12/2024 17:05,Bradford,Betty Dorsey,"Regular Flavoured iced latte - Caramel - 2.75, Regular Flavoured iced latte - Caramel - 2.75",5.5,CARD,9228149493161117
18/12/2024 17:07,Bradford,Rhoda Alvarez,"Regular Flavoured hot chocolate - Caramel - 2.60, Large Smoothies - Glowing Greens - 2.50",5.1,CARD,4611422104327974
18/12/2024 17:09,Bradford,Valerie Gonzalez,"Regular Glass of milk - 0.70, Large Speciality Tea - Earl Grey - 1.60, Large Flavoured iced latte - Caramel - 3.25, Regular Chai latte - 2.30",7.85,CARD,3024155797094118
18/12/2024 17:11,Bradford,Javier Orzechowski,"Regular Smoothies - Glowing Greens - 2.00, Regular Speciality Tea - Earl Grey - 1.30, Regular Flavoured latte - Vanilla - 2.55, Regular Chai latte - 2.30, Regular Filter coffee - 1.50",9.65,CASH,
18/12/2024 17:13,Bradford,Tracy Venneri,"Regular Flavoured latte - Vanilla - 2.55, Large Filter coffee - 1.80, Large Flavoured hot chocolate - Caramel - 2.90",7.25,CARD,4842010865212847
18/12/2024 17:15,Bradford,Jeremiah Oglesby,"Large Americano - 2.25, Regular Chai latte - 2.30",4.55,CARD,9112978377843228
18/12/2024 17:17,Bradford,Christopher Deaton,Regular Flavoured hot chocolate - Caramel - 2.60,2.6,CASH,
18/12/2024 17:19,Bradford,Laura Kirby,"Regular Flavoured iced latte - Caramel - 2.75, Large Americano - 2.25, Large Flavoured latte - Vanilla - 2.85, Regular Americano - 1.95, Large Americano - 2.25, Regular Americano - 1.95",14.0,CASH,
18/12/2024 17:21,Bradford,Barbara Greenhouse,"Large Flavoured iced latte - Caramel - 3.25, Regular Chai latte - 2.30, Large Smoothies - Glowing Greens - 2.50",8.05,CARD,3105329449589308
18/12/2024 17:23,Bradford,Norma White,Regular Flavoured hot chocolate - Caramel - 2.60,2.6,CASH,
18/12/2024 17:25,Bradford,Thomas Clark,Regular Speciality Tea - Earl Grey - 1.30,1.3,CASH,
18/12/2024 17:27,Bradford,Ruth Kramer,"Large Flavoured latte - Vanilla - 2.85, Large Smoothies - Glowing Greens - 2.50, Regular Speciality Tea - Earl Grey - 1.30",6.65,CARD,7782415680738383
18/12/2024 17:29,Bradford,Katie Maland,"Regular Americano - 1.95, Regular Americano - 1.95, Large Chai latte - 2.60",6.5,CASH,
18/12/2024 17:31,Bradford,Jerome Burris,"Large Smoothies - Glowing Greens - 2.50, Regular Flavoured hot chocolate - Caramel - 2.60, Regular Flavoured latte - Vanilla - 2.55",7.65,CARD,8618605317651922
18/12/2024 17:33,Bradford,Michelle Whitehead,"Large Speciality Tea - Earl Grey - 1.60, Regular Flavoured iced latte - Caramel - 2.75",4.35,CASH,
18/12/2024 17:35,Bradford,Donna Driggers,Large Americano - 2.25,2.25,CASH,
18/12/2024 17:37,Bradford,William Williamson,"Large Smoothies - Glowing Greens - 2.50, Regular Flavoured iced latte - Caramel - 2.75",5.25,CARD,4230995045064657
18/12/2024 17:39,Bradford,Johnny Redman,Regular Flavoured hot chocolate - Caramel - 2.60,2.6,CARD,9019145456803426
18/12/2024 17:41,Bradford,Gene Hawkins,"Regular Flavoured iced latte - Caramel - 2.75, Regular Chai latte - 2.30",5.05,CARD,3493806245126149
18/12/2024 17:43,Bradford,Jason Paul,"Regular Speciality Tea - Earl Grey - 1.30, Regular Chai latte - 2.30, Large Filter coffee - 1.80",5.4,CARD,4487280272416282
18/12/2024 17:45,Bradford,Pamela Beavers,"Regular Glass of milk - 0.70, Regular Chai latte - 2.30",3.0,CARD,3927133468353572
18/12/2024 17:47,Bradford,Elizabeth Shepherd,"Large Glass of milk - 1.10, Regular Flavoured iced latte - Caramel - 2.75, Large Americano - 2.25",6.1,CARD,2649318565141282
18/12/2024 17:49,Bradford,Walter Shank,"Regular Flavoured iced latte - Caramel - 2.75, Large Chai latte - 2.60",5.35,CARD,2856224995152971
18/12/2024 17:51,Bradford,Evelyn Harlan,"Large Flavoured iced latte - Caramel - 3.25, Regular Chai latte - 2.30, Regular Flavoured iced latte - Caramel - 2.75",8.3,CARD,6421542100166291
18/12/2024 17:53,Bradford,Wayne Cannady,"Regular Smoothies - Glowing Greens - 2.00, Regular Flavoured latte - Vanilla - 2.55, Regular Flavoured latte - Vanilla - 2.55",7.1,CARD,5416740596429315
18/12/2024 17:55,Bradford,Angela Eaton,"Large Smoothies - Glowing Greens - 2.50, Regular Chai latte - 2.30, Regular Flavoured iced latte - Caramel - 2.75",7.55,CASH,
18/12/2024 17:57,Bradford,Franklin Ashley,"Regular Glass of milk - 0.70, Regular Smoothies - Glowing Greens - 2.00",2.7,CARD,1461610832645862
18/12/2024 17:59,Bradford,Mary Womack,"Regular Americano - 1.95, Large Glass of milk - 1.10, Regular Speciality Tea - Earl Grey - 1.30, Regular Chai latte - 2.30",6.65,CARD,3665826930441667
18/12/2024 18:01,Bradford,Tania Garcia,"Regular Flavoured hot chocolate - Caramel - 2.60, Regular Smoothies - Glowing Greens - 2.00, Regular Flavoured hot chocolate - Caramel - 2.60",7.2,CASH,
18/12/2024 18:02,Bradford,Kevin Weaver,"Regular Glass of milk - 0.70, Large Americano - 2.25, Regular Flavoured hot chocolate - Caramel - 2.60, Regular Flavoured iced latte - Caramel - 2.75",8.3,CARD,9842990690204109
18/12/2024 18:04,Bradford,Mary Rogers,Regular Flavoured hot chocolate - Caramel - 2.60,2.6,CASH,
18/12/2024 18:06,Bradford,Daniel Colley,"Large Speciality Tea - Earl Grey - 1.60, Regular Americano - 1.95, Regular Flavoured hot chocolate - Caramel - 2.60, Large Flavoured latte - Vanilla - 2.85",9.0,CARD,1448233241673645
18/12/2024 18:07,Bradford,Martha Clark,"Large Filter coffee - 1.80, Large Flavoured iced latte - Caramel - 3.25, Regular Flavoured iced latte - Caramel - 2.75, Large Chai latte - 2.60",10.4,CARD,3198554982260567
18/12/2024 18:09,Bradford,Christopher Pemberton,"Regular Speciality Tea - Earl Grey - 1.30, Regular Smoothies - Glowing Greens - 2.00, Regular Glass of milk - 0.70, Regular Glass of milk - 0.70, Regular Filter coffee - 1.50, Regular Chai latte - 2.30",8.5,CARD,2910853033516308
18/12/2024 18:11,Bradford,Michael Wells,"Large Flavoured iced latte - Caramel - 3.25, Regular Smoothies - Glowing Greens - 2.00",5.25,CARD,8985912407013561
18/12/2024 18:13,Bradford,Fred Flinn,"Large Flavoured iced latte - Caramel - 3.25, Large Chai latte - 2.60",5.85,CARD,7987227648408700
18/12/2024 18:14,Bradford,James Bowen,"Regular Flavoured latte - Vanilla - 2.55, Large Flavoured hot chocolate - Caramel - 2.90",5.45,CARD,9675117516332069
18/12/2024 18:16,Bradford,Stephen Jackson,"Regular Filter coffee - 1.50, Large Smoothies - Glowing Greens - 2.50",4.0,CASH,
18/12/2024 18:18,Bradford,Amanda Meyer,"Regular Glass of milk - 0.70, Regular Smoothies - Glowing Greens - 2.00, Large Filter coffee - 1.80, Regular Flavoured latte - Vanilla - 2.55",7.05,CARD,5953864379718288
18/12/2024 18:19,Bradford,John Bowers,"Regular Flavoured hot chocolate - Caramel - 2.60, Large Chai latte - 2.60, Regular Glass of milk - 0.70, Large Filter coffee - 1.80",7.7,CARD,9409872929986083
18/12/2024 18:21,Bradford,Charles Needleman,"Large Speciality Tea - Earl Grey - 1.60, Regular Flavoured latte - Vanilla - 2.55",4.15,CARD,4666599800763063
18/12/2024 18:23,Bradford,James Basey,Regular Filter coffee - 1.50,1.5,CARD,6388897277062868
18/12/2024 18:24,Bradford,Melvin Frain,Large Chai latte - 2.60,2.6,CARD,4003143419152263
18/12/2024 18:26,Bradford,Steven Swift,Regular Chai latte - 2.30,2.3,CARD,3014401644390702
18/12/2024 18:28,Bradford,Caroline Askew,Large Flavoured latte - Vanilla - 2.85,2.85,CASH,
18/12/2024 18:30,Bradford,Thelma Metters,Regular Filter coffee - 1.50,1.5,CARD,6905151569818564
18/12/2024 18:31,Bradford,Carmen Devalk,"Large Flavoured latte - Vanilla - 2.85, Regular Smoothies - Glowing Greens - 2.00, Large Filter coffee - 1.80, Large Americano - 2.25",8.9,CARD,1838207126998544
18/12/2024 18:33,Bradford,Sandra Mauer,"Large Americano - 2.25, Large Flavoured iced latte - Caramel - 3.25",5.5,CARD,4623899379500854
18/12/2024 18:35,Bradford,George Donaldson,"Large Speciality Tea - Earl Grey - 1.60, Regular Flavoured latte - Vanilla - 2.55",4.15,CASH,
18/12/2024 18:36,Bradford,Craig Carr,"Regular Filter coffee - 1.50, Large Chai latte - 2.60",4.1,CASH,
18/12/2024 18:38,Bradford,Joan Kohl,Regular Flavoured hot chocolate - Caramel - 2.60,2.6,CARD,8751167079673552
18/12/2024 18:40,Bradford,Joe Salazar,"Large Speciality Tea - Earl Grey - 1.60, Regular Speciality Tea - Earl Grey - 1.30, Regular Speciality Tea - Earl Grey - 1.30, Large Smoothies - Glowing Greens - 2.50, Large Chai latte - 2.60",9.3,CARD,8549433365705861
18/12/2024 18:42,Bradford,Marguerite Basso,"Regular Speciality Tea - Earl Grey - 1.30, Large Chai latte - 2.60, Regular Flavoured iced latte - Caramel - 2.75",6.65,CARD,2781699778068250
18/12/2024 18:43,Bradford,Beatrice Taylor,"Regular Smoothies - Glowing Greens - 2.00, Regular Chai latte - 2.30, Regular Chai latte - 2.30",6.6,CARD,7238626235527162
18/12/2024 18:45,Bradford,Grace Glen,Regular Chai latte - 2.30,2.3,CARD,9358433071589813
18/12/2024 18:47,Bradford,Wanda Tolbert,"Regular Chai latte - 2.30, Large Smoothies - Glowing Greens - 2.50, Regular Flavoured hot chocolate - Caramel - 2.60, Regular Chai latte - 2.30",9.7,CARD,8335391041246460
18/12/2024 18:48,Bradford,Michael Jameson,"Regular Flavoured latte - Vanilla - 2.55, Large Smoothies - Glowing Greens - 2.50, Regular Chai latte - 2.30",7.35,CASH,
18/12/2024 18:50,Bradford,Kenneth Acevedo,"Large Chai latte - 2.60, Regular Flavoured hot chocolate - Caramel - 2.60, Large Speciality Tea - Earl Grey - 1.60, Regular Filter coffee - 1.50, Large Chai latte - 2.60, Regular Flavoured iced latte - Caramel - 2.75",13.65,CARD,8044258165905922
18/12/2024 18:52,Bradford,Pat Pietrafesa,Regular Flavoured latte - Vanilla - 2.55,2.55,CARD,7799626928783795
18/12/2024 18:53,Bradford,Perry Witmer,"Large Flavoured iced latte - Caramel - 3.25, Regular Chai latte - 2.30",5.55,CARD,4192768729646723
18/12/2024 18:55,Bradford,Mary Somers,"Large Filter coffee - 1.80, Large Smoothies - Glowing Greens - 2.50, Regular Flavoured hot chocolate - Caramel - 2.60, Large Flavoured iced latte - Caramel - 3.25, Regular Glass of milk - 0.70",10.85,CARD,9502836057351107
18/12/2024 18:57,Bradford,William Ortmann,"Large Chai latte - 2.60, Regular Flavoured hot chocolate - Caramel - 2.60",5.2,CARD,7210576090138416
18/12/2024 18:59,Bradford,Karen Riddick,"Regular Glass of milk - 0.70, Large Flavoured latte - Vanilla - 2.85",3.55,CARD,9143305578612928
18/12/2024 19:00,Bradford,Adrienne Corbitt,"Large Americano - 2.25, Large Americano - 2.25, Regular Glass of milk - 0.70",5.2,CASH,
18/12/2024 19:02,Bradford,Suzanne Smith,"Regular Flavoured hot chocolate - Caramel - 2.60, Large Flavoured iced latte - Caramel - 3.25, Large Glass of milk - 1.10, Regular Americano - 1.95, Large Americano - 2.25",11.15,CARD,3853550469527646
18/12/2024 19:04,Bradford,Kelvin Kisner,"Large Glass of milk - 1.10, Regular Flavoured hot chocolate - Caramel - 2.60, Regular Filter coffee - 1.50, Regular Chai latte - 2.30",7.5,CARD,3818187088359525
18/12/2024 19:06,Bradford,Edwin Colflesh,Large Filter coffee - 1.80,1.8,CASH,
18/12/2024 19:07,Bradford,Ida Landry,"Large Americano - 2.25, Regular Chai latte - 2.30, Regular Glass of milk - 0.70",5.25,CARD,3719059556426811
18/12/2024 19:09,Bradford,Bryan Wilson,Regular Flavoured iced latte - Caramel - 2.75,2.75,CASH,
18/12/2024 19:11,Bradford,Javier Fobes,Large Glass of milk - 1.10,1.1,CARD,1320588091013675
18/12/2024 19:13,Bradford,Jessica Delagarza,"Large Americano - 2.25, Large Glass of milk - 1.10, Large Flavoured hot chocolate - Caramel - 2.90, Large Filter coffee - 1.80",8.05,CARD,1319127932502580
18/12/2024 19:14,Bradford,Bobby Garcia,"Regular Smoothies - Glowing Greens - 2.00, Regular Chai latte - 2.30, Regular Flavoured iced latte - Caramel - 2.75",7.05,CASH,
18/12/2024 19:16,Bradford,Jeremy Keith,"Regular Flavoured iced latte - Caramel - 2.75, Regular Chai latte - 2.30, Regular Flavoured hot chocolate - Caramel - 2.60, Large Chai latte - 2.60",10.25,CARD,2479973441303544
18/12/2024 19:18,Bradford,Andrew Davenport,"Regular Flavoured iced latte - Caramel - 2.75, Large Filter coffee - 1.80, Regular Flavoured latte - Vanilla - 2.55, Large Chai latte - 2.60, Regular Chai latte - 2.30",12.0,CARD,3809241932209245
18/12/2024 19:20,Bradford,Victor Lopez,"Large Americano - 2.25, Large Filter coffee - 1.80",4.05,CARD,2552073839945966
18/12/2024 19:21,Bradford,Jose Lawson,"Large Speciality Tea - Earl Grey - 1.60, Large Flavoured latte - Vanilla - 2.85",4.45,CASH,
18/12/2024 19:23,Bradford,Ronna Erickson,"Regular Speciality Tea - Earl Grey - 1.30, Regular Chai latte - 2.30",3.6,CARD,6855027057455728
18/12/2024 19:25,Bradford,Cesar Bramlet,"Large Speciality Tea - Earl Grey - 1.60, Regular Americano - 1.95, Large Americano - 2.25, Large Americano - 2.25, Large Americano - 2.25",10.3,CARD,8808620997918369
18/12/2024 19:27,Bradford,Thomas Mclaren,"Large Flavoured iced latte - Caramel - 3.25, Regular Smoothies - Glowing Greens - 2.00",5.25,CARD,9199741526514141
18/12/2024 19:28,Bradford,Jessie Chappell,"Large Smoothies - Glowing Greens - 2.50, Large Filter coffee - 1.80, Large Filter coffee - 1.80, Large Flavoured latte - Vanilla - 2.85, Large Chai latte - 2.60",11.55,CARD,1461056944677546
18/12/2024 19:30,Bradford,Leo Sands,"Large Glass of milk - 1.10, Large Chai latte - 2.60, Regular Chai latte - 2.30, Large Smoothies - Glowing Greens - 2.50, Large Speciality Tea - Earl Grey - 1.60, Large Americano - 2.25",12.35,CARD,7643795874638893
18/12/2024 19:32,Bradford,Brenda Brustmann,"Regular Chai latte - 2.30, Regular Chai latte - 2.30, Large Flavoured hot chocolate - Caramel - 2.90",7.5,CARD,5863076338887476
18/12/2024 19:34,Bradford,Kelly Cunningham,Large Flavoured hot chocolate - Caramel - 2.90,2.9,CARD,9477612487416193
18/12/2024 19:35,Bradford,Robert Davis,"Large Americano - 2.25, Large Flavoured latte - Vanilla - 2.85, Regular Flavoured hot chocolate - Caramel - 2.60, Regular Americano - 1.95",9.65,CARD,6385583615394172
18/12/2024 19:37,Bradford,Dolores Wolff,"Regular Filter coffee - 1.50, Regular Flavoured latte - Vanilla - 2.55",4.05,CASH,
18/12/2024 19:39,Bradford,Danielle Couch,"Regular Americano - 1.95, Large Glass of milk - 1.10",3.05,CARD,6941342799451118
18/12/2024 19:41,Bradford,Sharon Pettigrew,Large Americano - 2.25,2.25,CARD,9456488684076490
18/12/2024 19:42,Bradford,Michael Zazula,"Large Speciality Tea - Earl Grey - 1.60, Large Flavoured hot chocolate - Caramel - 2.90",4.5,CASH,
18/12/2024 19:44,Bradford,Allison Tomlin,Regular Filter coffee - 1.50,1.5,CARD,4896932031262149
18/12/2024 19:46,Bradford,Colby Carrillo,"Large Flavoured iced latte - Caramel - 3.25, Large Chai latte - 2.60, Large Smoothies - Glowing Greens - 2.50, Large Chai latte - 2.60",10.95,CASH,
18/12/2024 19:48,Bradford,Andre Honig,Regular Glass of milk - 0.70,0.7,CASH,
18/12/2024 19:49,Bradford,Hannah Laplante,"Regular Glass of milk - 0.70, Large Speciality Tea - Earl Grey - 1.60, Large Flavoured latte - Vanilla - 2.85",5.15,CARD,2586939640346997
18/12/2024 19:51,Bradford,Kim Ford,Large Flavoured latte - Vanilla - 2.85,2.85,CARD,1383808869086218
18/12/2024 19:53,Bradford,Leon Dube,"Regular Glass of milk - 0.70, Large Speciality Tea - Earl Grey - 1.60",2.3,CARD,1628195315989197
18/12/2024 19:55,Bradford,Evelyn Greer,"Large Flavoured iced latte - Caramel - 3.25, Large Chai latte - 2.60, Regular Speciality Tea - Earl Grey - 1.30, Large Flavoured hot chocolate - Caramel - 2.90, Regular Flavoured iced latte - Caramel - 2.75",12.8,CARD,5742779398727953
18/12/2024 19:57,Bradford,Charles Creveling,Regular Filter coffee - 1.50,1.5,CASH,
18/12/2024 19:58,Bradford,Margaret Witman,"Large Flavoured hot chocolate - Caramel - 2.90, Regular Flavoured hot chocolate - Caramel - 2.60",5.5,CARD,8496337315725130
18/12/2024 20:00,Bradford,Mary Brown,"Large Flavoured iced latte - Caramel - 3.25, Regular Flavoured iced latte - Caramel - 2.75",6.0,CARD,4281425288924695
18/12/2024 20:02,Bradford,Hattie Turpin,"Regular Filter coffee - 1.50, Large Chai latte - 2.60, Regular Flavoured latte - Vanilla - 2.55, Large Flavoured iced latte - Caramel - 3.25",9.9,CARD,2018225338054764
18/12/2024 20:05,Bradford,Alice Seveney,"Large Smoothies - Glowing Greens - 2.50, Large Smoothies - Glowing Greens - 2.50, Regular Glass of milk - 0.70, Large Americano - 2.25, Regular Flavoured iced latte - Caramel - 2.75, Large Filter coffee - 1.80",12.5,CASH,
18/12/2024 20:07,Bradford,Lucien Morgan,Regular Flavoured hot chocolate - Caramel - 2.60,2.6,CARD,2792264477614679
18/12/2024 20:09,Bradford,Kimberly Evans,Large Flavoured iced latte - Caramel - 3.25,3.25,CASH,
18/12/2024 20:12,Bradford,Elton Peters,"Large Speciality Tea - Earl Grey - 1.60, Large Chai latte - 2.60, Regular Flavoured iced latte - Caramel - 2.75",6.95,CARD,3453479783835030
18/12/2024 20:14,Bradford,Lorie Taylor,"Regular Glass of milk - 0.70, Large Glass of milk - 1.10, Regular Flavoured iced latte - Caramel - 2.75, Regular Chai latte - 2.30, Regular Filter coffee - 1.50, Large Speciality Tea - Earl Grey - 1.60",9.95,CARD,4378664779740088
18/12/2024 20:16,Bradford,James Hamlin,"Regular Glass of milk - 0.70, Regular Filter coffee - 1.50, Regular Chai latte - 2.30",4.5,CARD,2244217375967377
18/12/2024 20:18,Bradford,Laura Gregory,"Regular Chai latte - 2.30, Large Chai latte - 2.60, Large Flavoured hot chocolate - Caramel - 2.90, Large Speciality Tea - Earl Grey - 1.60, Large Speciality Tea - Earl Grey - 1.60, Large Flavoured hot chocolate - Caramel - 2.90",13.9,CARD,5726987807249682
18/12/2024 20:21,Bradford,Kelli Greer,"Large Speciality Tea - Earl Grey - 1.60, Regular Speciality Tea - Earl Grey - 1.30, Large Americano - 2.25, Regular Flavoured iced latte - Caramel - 2.75",7.9,CARD,8097428091887044
18/12/2024 20:23,Bradford,Latrice Philbeck,"Regular Flavoured hot chocolate - Caramel - 2.60, Large Flavoured iced latte - Caramel - 3.25",5.85,CARD,4423224019571926
18/12/2024 20:25,Bradford,Marylou Buono,"Regular Chai latte - 2.30, Large Speciality Tea - Earl Grey - 1.60, Regular Filter coffee - 1.50, Large Flavoured hot chocolate - Caramel - 2.90, Large Smoothies - Glowing Greens - 2.50, Regular Speciality Tea - Earl Grey - 1.30",12.1,CARD,1984097652763569
18/12/2024 20:28,Bradford,Thelma Carter,"Regular Flavoured iced latte - Caramel - 2.75, Regular Flavoured hot chocolate - Caramel - 2.60, Regular Filter coffee - 1.50, Large Americano - 2.25, Regular Filter coffee - 1.50",10.6,CARD,3102446932503902
18/12/2024 20:30,Bradford,Lori Scott,Regular Smoothies - Glowing Greens - 2.00,2.0,CARD,3345257919684767
18/12/2024 20:32,Bradford,Leslie Dubose,"Large Americano - 2.25, Large Flavoured latte - Vanilla - 2.85",5.1,CASH,
18/12/2024 20:35,Bradford,Margaret Tran,"Regular Flavoured iced latte - Caramel - 2.75, Regular Flavoured latte - Vanilla - 2.55, Regular Glass of milk - 0.70",6.0,CASH,
18/12/2024 20:37,Bradford,Jan Elliott,Large Flavoured iced latte - Caramel - 3.25,3.25,CASH,
18/12/2024 20:39,Bradford,Jose Branco,"Regular Flavoured hot chocolate - Caramel - 2.60, Regular Filter coffee - 1.50, Regular Filter coffee - 1.50",5.6,CARD,5883856150262790
18/12/2024 20:41,Bradford,Thomas Schmidt,Large Flavoured hot chocolate - Caramel - 2.90,2.9,CASH,
18/12/2024 20:44,Bradford,Toney Burruss,"Large Flavoured latte - Vanilla - 2.85, Regular Filter coffee - 1.50, Large Americano - 2.25",6.6,CASH,
18/12/2024 20:46,Bradford,Manuel Vasquez,"Large Filter coffee - 1.80, Large Chai latte - 2.60, Regular Chai latte - 2.30, Large Filter coffee - 1.80, Large Smoothies - Glowing Greens - 2.50",11.0,CARD,2874511724396847
18/12/2024 20:48,Bradford,James Carvalho,"Regular Flavoured latte - Vanilla - 2.55, Regular Glass of milk - 0.70, Regular Flavoured iced latte - Caramel - 2.75, Regular Speciality Tea - Earl Grey - 1.30",7.3,CARD,8142778516349788
18/12/2024 20:51,Bradford,William Schlicht,Large Filter coffee - 1.80,1.8,CASH,
18/12/2024 20:53,Bradford,Earl Gutierrez,"Large Filter coffee - 1.80, Large Chai latte - 2.60, Regular Chai latte - 2.30",6.7,CARD,9341817345786477
18/12/2024 20:55,Bradford,Louis Beaumont,"Regular Chai latte - 2.30, Large Flavoured hot chocolate - Caramel - 2.90, Regular Americano - 1.95, Large Flavoured latte - Vanilla - 2.85",10.0,CARD,4951067754784352
18/12/2024 20:58,Bradford,Portia Franklin,"Large Flavoured iced latte - Caramel - 3.25, Large Filter coffee - 1.80, Large Smoothies - Glowing Greens - 2.50, Large Flavoured hot chocolate - Caramel - 2.90",10.45,CARD,4989653983758388
