18/12/2024 09:00,Brighton,Bradford Vandoren,"Regular Flavoured iced latte - Caramel - 2.75, Regular Flavoured iced latte - Caramel - 2.75, Large Hot Chocolate - 1.70, Large Speciality Tea - Green - 1.60, Regular Hot Chocolate - 1.40, Regular Speciality Tea - Green - 1.30",11.5,CARD,4801269504930107
18/12/2024 09:01,Brighton,Wilbert Merrett,"Large Flavoured iced latte - Caramel - 3.25, Regular Flavoured hot chocolate - Vanilla - 2.60, Large Flavoured hot chocolate - Vanilla - 2.90",8.75,CARD,6730232179928675
18/12/2024 09:03,Brighton,James Kluz,"Regular Speciality Tea - Green - 1.30, Regular Hot Chocolate - 1.40",2.7,CARD,7600851127399209
18/12/2024 09:05,Brighton,Robert Pierce,Regular Speciality Tea - Green - 1.30,1.3,CASH,
18/12/2024 09:07,Brighton,Joseph Wisniewski,Large Hot Chocolate - 1.70,1.7,CARD,2633477097349665
18/12/2024 09:09,Brighton,Daniel Eastman,"Regular Hot Chocolate - 1.40, Large Speciality Tea - Green - 1.60, Large Speciality Tea - Green - 1.60, Large Speciality Tea - Green - 1.60, Large Hot Chocolate - 1.70",7.9,CARD,5881625639125350
18/12/2024 09:10,Brighton,Paul Potter,Large Flavoured hot chocolate - Vanilla - 2.90,2.9,CASH,
18/12/2024 09:12,Brighton,Rita Whitacre,"Large Speciality Tea - Green - 1.60, Regular Flavoured iced latte - Caramel - 2.75",4.35,CASH,
18/12/2024 09:14,Brighton,Idell Crumpton,Regular Speciality Tea - Green - 1.30,1.3,CARD,2781330687127114
18/12/2024 09:16,Brighton,Parker White,"Large Speciality Tea - Green - 1.60, Large Flavoured iced latte - Caramel - 3.25",4.85,CARD,2071544957012411
18/12/2024 09:18,Brighton,Ellen Burton,"Regular Speciality Tea - Green - 1.30, Large Speciality Tea - Green - 1.60, Regular Flavoured iced latte - Caramel - 2.75",5.65,CARD,2947591994540384
18/12/2024 09:19,Brighton,Addie Marett,"Large Speciality Tea - Green - 1.60, Large Speciality Tea - Green - 1.60, Large Speciality Tea - Green - 1.60, Large Flavoured iced latte - Caramel - 3.25, Large Hot Chocolate - 1.70",9.75,CARD,5424965013818005
18/12/2024 09:21,Brighton,Leon Higgs,"Large Speciality Tea - Green - 1.60, Large Hot Chocolate - 1.70",3.3,CARD,6630051007111307
18/12/2024 09:23,Brighton,Joe Gore,"Regular Speciality Tea - Green - 1.30, Large Speciality Tea - Green - 1.60",2.9,CARD,4264391962893800
18/12/2024 09:25,Brighton,Molly Baldwin,"Large Flavoured hot chocolate - Vanilla - 2.90, Regular Flavoured hot chocolate - Vanilla - 2.60, Regular Hot Chocolate - 1.40, Large Speciality Tea - Green - 1.60, Regular Flavoured hot chocolate - Vanilla - 2.60",11.1,CASH,
18/12/2024 09:27,Brighton,Alvin Gulinson,"Regular Flavoured iced latte - Caramel - 2.75, Large Hot Chocolate - 1.70, Large Speciality Tea - Green - 1.60, Regular Hot Chocolate - 1.40",7.45,CARD,8939622180837617
18/12/2024 09:29,Brighton,Vilma Evans,"Regular Speciality Tea - Green - 1.30, Regular Flavoured hot chocolate - Vanilla - 2.60",3.9,CARD,2586228019630977
18/12/2024 09:30,Brighton,Thomas White,"Large Flavoured iced latte - Caramel - 3.25, Regular Hot Chocolate - 1.40, Regular Flavoured hot chocolate - Vanilla - 2.60",7.25,CARD,9808040275195464
18/12/2024 09:32,Brighton,Cameron Nelson,Large Flavoured iced latte - Caramel - 3.25,3.25,CARD,6079049697642622
18/12/2024 09:34,Brighton,Thomas Shouse,"Large Flavoured iced latte - Caramel - 3.25, Large Speciality Tea - Green - 1.60, Regular Hot Chocolate - 1.40, Large Hot Chocolate - 1.70",7.95,CARD,7824255380211887
18/12/2024 09:36,Brighton,Antonio Finkel,"Large Flavoured hot chocolate - Vanilla - 2.90, Regular Flavoured iced latte - Caramel - 2.75, Large Speciality Tea - Green - 1.60, Large Speciality Tea - Green - 1.60, Large Hot Chocolate - 1.70",10.55,CARD,9986794437061753
18/12/2024 09:38,Brighton,Robert Fars,"Large Flavoured hot chocolate - Vanilla - 2.90, Regular Speciality Tea - Green - 1.30, Regular Speciality Tea - Green - 1.30, Large Flavoured hot chocolate - Vanilla - 2.90",8.4,CARD,8058226063218234
18/12/2024 09:39,Brighton,Leonila Beavers,"Regular Speciality Tea - Green - 1.30, Regular Hot Chocolate - 1.40, Large Speciality Tea - Green - 1.60",4.3,CARD,3398063683018944
18/12/2024 09:41,Brighton,Ricardo Gannaway,"Regular Hot Chocolate - 1.40, Large Hot Chocolate - 1.70, Regular Speciality Tea - Green - 1.30, Regular Speciality Tea - Green - 1.30, Large Speciality Tea - Green - 1.60",7.3,CARD,8492897415692022
18/12/2024 09:43,Brighton,Benjamin Dunn,Regular Speciality Tea - Green - 1.30,1.3,CARD,9667399502605827
18/12/2024 09:45,Brighton,Cassie Collins,"Large Flavoured hot chocolate - Vanilla - 2.90, Regular Speciality Tea - Green - 1.30, Large Flavoured hot chocolate - Vanilla - 2.90",7.1,CASH,
18/12/2024 09:47,Brighton,Lora Muniz,"Large Flavoured hot chocolate - Vanilla - 2.90, Regular Flavoured iced latte - Caramel - 2.75, Regular Hot Chocolate - 1.40",7.05,CARD,7281975113783004
18/12/2024 09:49,Brighton,Jason Williams,"Large Speciality Tea - Green - 1.60, Regular Flavoured hot chocolate - Vanilla - 2.60, Regular Flavoured hot chocolate - Vanilla - 2.60, Large Speciality Tea - Green - 1.60",8.4,CARD,7492809597557308
18/12/2024 09:50,Brighton,Luis Brown,"Large Hot Chocolate - 1.70, Regular Flavoured hot chocolate - Vanilla - 2.60, Regular Flavoured iced latte - Caramel - 2.75, Regular Hot Chocolate - 1.40, Large Speciality Tea - Green - 1.60, Large Flavoured hot chocolate - Vanilla - 2.90",12.95,CARD,4075357467881014
18/12/2024 09:52,Brighton,Paul Freeman,"Regular Hot Chocolate - 1.40, Regular Flavoured iced latte - Caramel - 2.75, Large Speciality Tea - Green - 1.60",5.75,CARD,1017350267599537
18/12/2024 09:54,Brighton,Christina Brackman,"Regular Hot Chocolate - 1.40, Large Speciality Tea - Green - 1.60, Large Flavoured iced latte - Caramel - 3.25",6.25,CARD,9706109049497720
18/12/2024 09:56,Brighton,James Fenner,"Regular Flavoured hot chocolate - Vanilla - 2.60, Regular Flavoured iced latte - Caramel - 2.75, Regular Flavoured hot chocolate - Vanilla - 2.60, Regular Speciality Tea - Green - 1.30, Regular Flavoured iced latte - Caramel - 2.75",12.0,CASH,
18/12/2024 09:58,Brighton,Marvin Burgin,"Large Flavoured hot chocolate - Vanilla - 2.90, Regular Flavoured iced latte - Caramel - 2.75",5.65,CARD,1939306306550712
18/12/2024 09:59,Brighton,Jillian Susana,"Large Speciality Tea - Green - 1.60, Large Flavoured iced latte - Caramel - 3.25",4.85,CARD,3033511118086788
18/12/2024 10:01,Brighton,Sarita Bush,Regular Flavoured hot chocolate - Vanilla - 2.60,2.6,CARD,9855516255644262
18/12/2024 10:03,Brighton,Megan Dias,"Regular Flavoured iced latte - Caramel - 2.75, Regular Flavoured iced latte - Caramel - 2.75, Regular Flavoured hot chocolate - Vanilla - 2.60",8.1,CARD,9545826544138699
18/12/2024 10:04,Brighton,Sandra Jaynes,"Regular Flavoured hot chocolate - Vanilla - 2.60, Large Hot Chocolate - 1.70",4.3,CASH,
18/12/2024 10:06,Brighton,Paula Ellison,"Large Flavoured hot chocolate - Vanilla - 2.90, Regular Flavoured hot chocolate - Vanilla - 2.60, Regular Flavoured hot chocolate - Vanilla - 2.60, Regular Hot Chocolate - 1.40",9.5,CARD,4189821548888363
18/12/2024 10:07,Brighton,Barbara Diaz,"Regular Flavoured iced latte - Caramel - 2.75, Large Hot Chocolate - 1.70",4.45,CARD,9275476491808079
18/12/2024 10:09,Brighton,Catherine Loper,"Regular Flavoured iced latte - Caramel - 2.75, Large Hot Chocolate - 1.70",4.45,CARD,6869459996377991
18/12/2024 10:10,Brighton,Brian Sinclair,"Regular Speciality Tea - Green - 1.30, Regular Speciality Tea - Green - 1.30, Regular Hot Chocolate - 1.40",4.0,CARD,7295833029760264
18/12/2024 10:11,Brighton,Margaret Sanders,"Large Flavoured hot chocolate - Vanilla - 2.90, Large Speciality Tea - Green - 1.60, Regular Flavoured iced latte - Caramel - 2.75, Regular Flavoured hot chocolate - Vanilla - 2.60, Regular Hot Chocolate - 1.40",11.25,CASH,
18/12/2024 10:13,Brighton,Julie Riley,"Large Hot Chocolate - 1.70, Large Flavoured iced latte - Caramel - 3.25, Large Hot Chocolate - 1.70, Regular Hot Chocolate - 1.40",8.05,CARD,7833388595175934
18/12/2024 10:14,Brighton,Connie Pugh,"Regular Flavoured iced latte - Caramel - 2.75, Regular Hot Chocolate - 1.40, Large Flavoured iced latte - Caramel - 3.25, Large Hot Chocolate - 1.70",9.1,CARD,4911754720877704
18/12/2024 10:16,Brighton,Ezra Rieck,"Regular Flavoured hot chocolate - Vanilla - 2.60, Regular Speciality Tea - Green - 1.30",3.9,CARD,6832585965326425
18/12/2024 10:17,Brighton,Mary Mix,Large Hot Chocolate - 1.70,1.7,CARD,6107589358521662
18/12/2024 10:19,Brighton,Rayford Trammell,"Regular Flavoured hot chocolate - Vanilla - 2.60, Large Flavoured hot chocolate - Vanilla - 2.90",5.5,CARD,3951009212081793
18/12/2024 10:20,Brighton,Loretta Morin,"Regular Speciality Tea - Green - 1.30, Regular Speciality Tea - Green - 1.30, Large Flavoured iced latte - Caramel - 3.25",5.85,CASH,
18/12/2024 10:22,Brighton,Pansy Teel,"Regular Flavoured hot chocolate - Vanilla - 2.60, Large Speciality Tea - Green - 1.60",4.2,CARD,7354405757893878
18/12/2024 10:23,Brighton,Richard Russell,"Regular Flavoured iced latte - Caramel - 2.75, Large Flavoured hot chocolate - Vanilla - 2.90, Large Speciality Tea - Green - 1.60, Regular Hot Chocolate - 1.40, Large Speciality Tea - Green - 1.60, Regular Speciality Tea - Green - 1.30",11.55,CARD,3959391954895419
18/12/2024 10:25,Brighton,Hope Lee,"Large Flavoured hot chocolate - Vanilla - 2.90, Regular Speciality Tea - Green - 1.30, Large Flavoured hot chocolate - Vanilla - 2.90, Large Flavoured hot chocolate - Vanilla - 2.90",10.0,CARD,8410161089283278
18/12/2024 10:26,Brighton,Lillian Stivers,"Large Hot Chocolate - 1.70, Large Flavoured hot chocolate - Vanilla - 2.90",4.6,CASH,
18/12/2024 10:27,Brighton,Louise Palmer,Regular Flavoured hot chocolate - Vanilla - 2.60,2.6,CARD,3679004086365105
18/12/2024 10:29,Brighton,Marlene Gustovich,"Large Hot Chocolate - 1.70, Regular Flavoured hot chocolate - Vanilla - 2.60",4.3,CARD,8794126478621569
18/12/2024 10:30,Brighton,Kyle Hart,"Regular Flavoured hot chocolate - Vanilla - 2.60, Regular Hot Chocolate - 1.40",4.0,CASH,
18/12/2024 10:32,Brighton,Harvey Girard,Regular Speciality Tea - Green - 1.30,1.3,CARD,3276098616118899
18/12/2024 10:33,Brighton,Maria Esparza,Large Speciality Tea - Green - 1.60,1.6,CASH,
18/12/2024 10:35,Brighton,Luis Sisto,"Large Flavoured iced latte - Caramel - 3.25, Regular Flavoured hot chocolate - Vanilla - 2.60",5.85,CARD,5629514601769040
18/12/2024 10:36,Brighton,Alejandra Brown,"Large Hot Chocolate - 1.70, Large Flavoured hot chocolate - Vanilla - 2.90, Regular Speciality Tea - Green - 1.30",5.9,CARD,2082366949127506
18/12/2024 10:38,Brighton,Tami Gregson,"Large Flavoured iced latte - Caramel - 3.25, Regular Hot Chocolate - 1.40, Large Flavoured iced latte - Caramel - 3.25",7.9,CARD,4568895575864080
18/12/2024 10:39,Brighton,Shirlene Starkey,"Regular Flavoured hot chocolate - Vanilla - 2.60, Large Speciality Tea - Green - 1.60",4.2,CARD,1908968347924453
18/12/2024 10:40,Brighton,Douglas Inman,"Regular Flavoured iced latte - Caramel - 2.75, Regular Flavoured iced latte - Caramel - 2.75, Regular Hot Chocolate - 1.40",6.9,CARD,1608678214221008
18/12/2024 10:42,Brighton,Cheryl Hall,"Regular Flavoured hot chocolate - Vanilla - 2.60, Regular Flavoured iced latte - Caramel - 2.75, Regular Speciality Tea - Green - 1.30",6.65,CASH,
18/12/2024 10:43,Brighton,Donald Attebery,"Large Speciality Tea - Green - 1.60, Regular Flavoured hot chocolate - Vanilla - 2.60, Large Speciality Tea - Green - 1.60, Regular Flavoured iced latte - Caramel - 2.75, Regular Hot Chocolate - 1.40",9.95,CARD,6244694325584261
18/12/2024 10:45,Brighton,Virginia Schurz,"Large Flavoured hot chocolate - Vanilla - 2.90, Large Hot Chocolate - 1.70",4.6,CARD,6072408670085214
18/12/2024 10:46,Brighton,Ronald Uzelac,Large Flavoured hot chocolate - Vanilla - 2.90,2.9,CARD,5419593562793001
18/12/2024 10:48,Brighton,Heather Farmer,"Large Flavoured hot chocolate - Vanilla - 2.90, Regular Speciality Tea - Green - 1.30, Large Flavoured hot chocolate - Vanilla - 2.90, Large Flavoured hot chocolate - Vanilla - 2.90, Large Speciality Tea - Green - 1.60, Large Speciality Tea - Green - 1.60",13.2,CARD,7745628835401011
18/12/2024 10:49,Brighton,Margaret Bullock,Large Speciality Tea - Green - 1.60,1.6,CARD,3978199395893174
18/12/2024 10:51,Brighton,Andrew Gullo,Regular Speciality Tea - Green - 1.30,1.3,CASH,
18/12/2024 10:52,Brighton,Thomas Barry,"Large Flavoured iced latte - Caramel - 3.25, Regular Hot Chocolate - 1.40, Large Flavoured iced latte - Caramel - 3.25, Large Hot Chocolate - 1.70, Large Flavoured hot chocolate - Vanilla - 2.90",12.5,CARD,1854503992732149
18/12/2024 10:54,Brighton,Gary Bates,"Regular Flavoured hot chocolate - Vanilla - 2.60, Regular Flavoured iced latte - Caramel - 2.75, Large Flavoured hot chocolate - Vanilla - 2.90",8.25,CARD,8804924584539315
18/12/2024 10:55,Brighton,Brenda Fidler,"Regular Flavoured hot chocolate - Vanilla - 2.60, Regular Speciality Tea - Green - 1.30, Large Flavoured hot chocolate - Vanilla - 2.90",6.8,CARD,2380057727459154
18/12/2024 10:56,Brighton,Edwin Bossler,"Regular Flavoured iced latte - Caramel - 2.75, Large Hot Chocolate - 1.70, Regular Speciality Tea - Green - 1.30, Regular Speciality Tea - Green - 1.30",7.05,CARD,8803223495998655
18/12/2024 10:58,Brighton,Carmela Glover,"Regular Speciality Tea - Green - 1.30, Large Flavoured hot chocolate - Vanilla - 2.90, Regular Speciality Tea - Green - 1.30, Large Speciality Tea - Green - 1.60",7.1,CARD,3009947753932530
18/12/2024 10:59,Brighton,Thomas Jacob,"Large Speciality Tea - Green - 1.60, Regular Speciality Tea - Green - 1.30",2.9,CASH,
18/12/2024 11:01,Brighton,Chris Weissman,"Large Flavoured hot chocolate - Vanilla - 2.90, Regular Hot Chocolate - 1.40",4.3,CASH,
18/12/2024 11:03,Brighton,Tamra Otero,"Large Flavoured iced latte - Caramel - 3.25, Large Flavoured hot chocolate - Vanilla - 2.90",6.15,CARD,8422315553762775
18/12/2024 11:04,Brighton,Beverly Avery,"Large Flavoured hot chocolate - Vanilla - 2.90, Regular Flavoured iced latte - Caramel - 2.75, Large Speciality Tea - Green - 1.60",7.25,CARD,3151848632306743
18/12/2024 11:06,Brighton,Christopher Morrow,"Regular Flavoured hot chocolate - Vanilla - 2.60, Large Flavoured hot chocolate - Vanilla - 2.90, Large Flavoured iced latte - Caramel - 3.25, Large Hot Chocolate - 1.70",10.45,CARD,9221007924033838
18/12/2024 11:08,Brighton,Katie Combes,"Regular Speciality Tea - Green - 1.30, Large Hot Chocolate - 1.70",3.0,CARD,8084603607315752
18/12/2024 11:10,Brighton,Jessica Allen,"Large Flavoured iced latte - Caramel - 3.25, Regular Hot Chocolate - 1.40, Regular Hot Chocolate - 1.40",6.05,CARD,1331300674176057
18/12/2024 11:12,Brighton,Louise Hamblin,"Regular Speciality Tea - Green - 1.30, Regular Speciality Tea - Green - 1.30, Large Flavoured hot chocolate - Vanilla - 2.90, Large Hot Chocolate - 1.70",7.2,CASH,
18/12/2024 11:13,Brighton,Samantha Mcquinn,"Regular Flavoured hot chocolate - Vanilla - 2.60, Regular Speciality Tea - Green - 1.30, Large Hot Chocolate - 1.70, Large Flavoured iced latte - Caramel - 3.25",8.85,CARD,3479529178020414
18/12/2024 11:15,Brighton,Young Desouza,"Regular Speciality Tea - Green - 1.30, Large Hot Chocolate - 1.70",3.0,CASH,
18/12/2024 11:17,Brighton,Betty Allison,Large Hot Chocolate - 1.70,1.7,CARD,7530035124888835
18/12/2024 11:19,Brighton,Timothy Poe,"Regular Hot Chocolate - 1.40, Large Hot Chocolate - 1.70",3.1,CASH,
18/12/2024 11:21,Brighton,Alma Knapp,"Large Flavoured iced latte - Caramel - 3.25, Large Speciality Tea - Green - 1.60, Large Hot Chocolate - 1.70, Large Flavoured hot chocolate - Vanilla - 2.90, Regular Speciality Tea - Green - 1.30",10.75,CARD,1619065264382194
18/12/2024 11:23,Brighton,John Hull,"Large Flavoured hot chocolate - Vanilla - 2.90, Regular Speciality Tea - Green - 1.30, Large Flavoured hot chocolate - Vanilla - 2.90, Regular Hot Chocolate - 1.40",8.5,CARD,3030160343056217
18/12/2024 11:24,Brighton,James Combs,Regular Hot Chocolate - 1.40,1.4,CARD,6371495276574414
18/12/2024 11:26,Brighton,George Amos,Regular Flavoured hot chocolate - Vanilla - 2.60,2.6,CARD,8673857446299893
18/12/2024 11:28,Brighton,Phillip Hinnenkamp,Regular Flavoured iced latte - Caramel - 2.75,2.75,CASH,
18/12/2024 11:30,Brighton,Amanda Joyce,Regular Speciality Tea - Green - 1.30,1.3,CARD,9147213478598399
18/12/2024 11:32,Brighton,Tammy Day,"Regular Hot Chocolate - 1.40, Regular Flavoured hot chocolate - Vanilla - 2.60",4.0,CASH,
18/12/2024 11:33,Brighton,Sarah Camacho,"Large Hot Chocolate - 1.70, Large Flavoured iced latte - Caramel - 3.25",4.95,CARD,9665033058450499
18/12/2024 11:35,Brighton,Deborah Elrod,"Large Flavoured hot chocolate - Vanilla - 2.90, Regular Hot Chocolate - 1.40",4.3,CARD,6339230204275173
18/12/2024 11:37,Brighton,Henry Phillips,Regular Flavoured iced latte - Caramel - 2.75,2.75,CARD,4682901284315429
18/12/2024 11:39,Brighton,Thomas Williams,Regular Speciality Tea - Green - 1.30,1.3,CARD,1591278400231208
18/12/2024 11:41,Brighton,Paul Pierce,Regular Speciality Tea - Green - 1.30,1.3,CARD,2954729907007627
18/12/2024 11:43,Brighton,Benjamin List,"Large Speciality Tea - Green - 1.60, Regular Flavoured iced latte - Caramel - 2.75, Regular Flavoured hot chocolate - Vanilla - 2.60, Regular Flavoured iced latte - Caramel - 2.75, Regular Flavoured iced latte - Caramel - 2.75",12.45,CASH,
18/12/2024 11:44,Brighton,James Barney,"Large Speciality Tea - Green - 1.60, Regular Speciality Tea - Green - 1.30, Regular Hot Chocolate - 1.40",4.3,CASH,
18/12/2024 11:46,Brighton,Mollie Martinez,"Regular Speciality Tea - Green - 1.30, Regular Hot Chocolate - 1.40, Regular Flavoured hot chocolate - Vanilla - 2.60, Regular Hot Chocolate - 1.40, Regular Speciality Tea - Green - 1.30, Large Speciality Tea - Green - 1.60",9.6,CARD,1718575282881284
18/12/2024 11:48,Brighton,Shirley Tamborlane,"Regular Flavoured hot chocolate - Vanilla - 2.60, Large Hot Chocolate - 1.70",4.3,CARD,9522166916896525
18/12/2024 11:50,Brighton,Jocelyn Graves,Regular Speciality Tea - Green - 1.30,1.3,CASH,
18/12/2024 11:52,Brighton,Alton Felder,"Regular Hot Chocolate - 1.40, Large Speciality Tea - Green - 1.60, Regular Flavoured hot chocolate - Vanilla - 2.60",5.6,CARD,8519974937190321
18/12/2024 11:53,Brighton,Bryan Gray,"Large Speciality Tea - Green - 1.60, Regular Flavoured iced latte - Caramel - 2.75, Large Hot Chocolate - 1.70, Large Hot Chocolate - 1.70",7.75,CASH,
18/12/2024 11:55,Brighton,Micheal Crawford,"Large Hot Chocolate - 1.70, Regular Speciality Tea - Green - 1.30",3.0,CARD,7920593864572833
18/12/2024 11:57,Brighton,Tara Humphrey,"Large Speciality Tea - Green - 1.60, Large Flavoured iced latte - Caramel - 3.25, Regular Hot Chocolate - 1.40, Large Hot Chocolate - 1.70, Large Hot Chocolate - 1.70",9.65,CARD,6133477117782911
18/12/2024 11:59,Brighton,Lenore Lindsay,"Regular Hot Chocolate - 1.40, Regular Hot Chocolate - 1.40, Large Speciality Tea - Green - 1.60, Large Hot Chocolate - 1.70, Regular Hot Chocolate - 1.40",7.5,CASH,
18/12/2024 12:01,Brighton,Barbara Reed,"Large Flavoured hot chocolate - Vanilla - 2.90, Large Speciality Tea - Green - 1.60, Large Speciality Tea - Green - 1.60, Regular Flavoured iced latte - Caramel - 2.75, Regular Speciality Tea - Green - 1.30",10.15,CARD,2612767089670100
18/12/2024 12:11,Brighton,Elizabeth James,"Regular Flavoured hot chocolate - Vanilla - 2.60, Regular Flavoured hot chocolate - Vanilla - 2.60, Regular Hot Chocolate - 1.40",6.6,CARD,4455549659342806
18/12/2024 12:21,Brighton,Ralph Bumgarner,"Regular Hot Chocolate - 1.40, Large Hot Chocolate - 1.70, Large Hot Chocolate - 1.70",4.8,CARD,2653498486418378
18/12/2024 12:31,Brighton,Burton Benjamin,Large Hot Chocolate - 1.70,1.7,CARD,7302091726602106
18/12/2024 12:41,Brighton,Angela Rooney,"Regular Flavoured hot chocolate - Vanilla - 2.60, Regular Hot Chocolate - 1.40, Large Speciality Tea - Green - 1.60",5.6,CARD,8531603706428406
18/12/2024 12:51,Brighton,Elsie Mitchell,"Large Flavoured hot chocolate - Vanilla - 2.90, Large Speciality Tea - Green - 1.60, Large Speciality Tea - Green - 1.60",6.1,CARD,7434869697308736
18/12/2024 13:01,Brighton,Robert Heath,"Regular Flavoured iced latte - Caramel - 2.75, Regular Hot Chocolate - 1.40, Large Hot Chocolate - 1.70, Regular Hot Chocolate - 1.40",7.25,CARD,6988182117486993
18/12/2024 13:03,Brighton,Gerald Derider,"Large Speciality Tea - Green - 1.60, Regular Speciality Tea - Green - 1.30, Large Hot Chocolate - 1.70",4.6,CARD,9120270556137671
18/12/2024 13:06,Brighton,Chad Chin,"Regular Speciality Tea - Green - 1.30, Large Hot Chocolate - 1.70, Large Hot Chocolate - 1.70, Large Flavoured hot chocolate - Vanilla - 2.90, Large Speciality Tea - Green - 1.60, Large Flavoured hot chocolate - Vanilla - 2.90",12.1,CARD,1783591412604394
18/12/2024 13:08,Brighton,Linda Wu,Large Hot Chocolate - 1.70,1.7,CARD,5986907363139055
18/12/2024 13:10,Brighton,Lee Gaona,Regular Hot Chocolate - 1.40,1.4,CARD,6097525898326654
18/12/2024 13:13,Brighton,James Shirey,Regular Flavoured hot chocolate - Vanilla - 2.60,2.6,CASH,
18/12/2024 13:15,Brighton,Charles Warren,"Regular Speciality Tea - Green - 1.30, Regular Hot Chocolate - 1.40",2.7,CASH,
18/12/2024 13:18,Brighton,Tamara Evans,"Large Flavoured hot chocolate - Vanilla - 2.90, Regular Hot Chocolate - 1.40, Regular Flavoured iced latte - Caramel - 2.75, Regular Speciality Tea - Green - 1.30, Large Hot Chocolate - 1.70, Regular Flavoured hot chocolate - Vanilla - 2.60",12.65,CARD,7722246604117907
18/12/2024 13:20,Brighton,Heriberto Dao,"Large Flavoured iced latte - Caramel - 3.25, Large Flavoured iced latte - Caramel - 3.25, Regular Speciality Tea - Green - 1.30",7.8,CARD,6677285419401155
18/12/2024 13:22,Brighton,Justin Schroeder,"Regular Hot Chocolate - 1.40, Large Speciality Tea - Green - 1.60, Large Hot Chocolate - 1.70, Regular Speciality Tea - Green - 1.30, Large Flavoured iced latte - Caramel - 3.25, Regular Speciality Tea - Green - 1.30",10.55,CARD,7996607177046149
18/12/2024 13:25,Brighton,Dennis Dewey,"Large Hot Chocolate - 1.70, Regular Flavoured hot chocolate - Vanilla - 2.60, Large Speciality Tea - Green - 1.60, Regular Speciality Tea - Green - 1.30, Large Flavoured hot chocolate - Vanilla - 2.90, Regular Speciality Tea - Green - 1.30",11.4,CARD,8585324773530621
18/12/2024 13:27,Brighton,James Boltz,"Regular Speciality Tea - Green - 1.30, Regular Speciality Tea - Green - 1.30, Regular Hot Chocolate - 1.40, Large Speciality Tea - Green - 1.60",5.6,CASH,
18/12/2024 13:30,Brighton,Don Stewart,"Regular Flavoured iced latte - Caramel - 2.75, Regular Flavoured hot chocolate - Vanilla - 2.60, Regular Flavoured hot chocolate - Vanilla - 2.60, Large Flavoured iced latte - Caramel - 3.25, Large Speciality Tea - Green - 1.60",12.8,CARD,9202289529248190
18/12/2024 13:32,Brighton,Eric Smith,"Large Speciality Tea - Green - 1.60, Large Flavoured iced latte - Caramel - 3.25",4.85,CASH,
18/12/2024 13:34,Brighton,George Corbin,"Large Flavoured hot chocolate - Vanilla - 2.90, Large Speciality Tea - Green - 1.60, Large Speciality Tea - Green - 1.60, Large Speciality Tea - Green - 1.60, Regular Flavoured hot chocolate - Vanilla - 2.60",10.3,CARD,8918019261437316
18/12/2024 13:37,Brighton,Katherine Bennett,"Large Flavoured iced latte - Caramel - 3.25, Regular Flavoured hot chocolate - Vanilla - 2.60",5.85,CARD,1715849676659727
18/12/2024 13:39,Brighton,Deborah Barton,"Large Flavoured hot chocolate - Vanilla - 2.90, Large Flavoured hot chocolate - Vanilla - 2.90, Regular Flavoured hot chocolate - Vanilla - 2.60",8.4,CASH,
18/12/2024 13:42,Brighton,Michael Brothers,Regular Hot Chocolate - 1.40,1.4,CARD,8584075900227135
18/12/2024 13:44,Brighton,Paul Saar,"Regular Flavoured iced latte - Caramel - 2.75, Large Speciality Tea - Green - 1.60",4.35,CARD,9244208375261571
18/12/2024 13:46,Brighton,Sarah Mieles,"Large Flavoured hot chocolate - Vanilla - 2.90, Regular Flavoured hot chocolate - Vanilla - 2.60, Regular Hot Chocolate - 1.40",6.9,CASH,
18/12/2024 13:49,Brighton,Darlene Stonge,"Regular Flavoured hot chocolate - Vanilla - 2.60, Large Flavoured hot chocolate - Vanilla - 2.90, Large Flavoured hot chocolate - Vanilla - 2.90, Regular Speciality Tea - Green - 1.30, Large Speciality Tea - Green - 1.60",11.3,CASH,
18/12/2024 13:51,Brighton,Charlene Nahhas,Large Speciality Tea - Green - 1.60,1.6,CARD,2216344148618588
18/12/2024 13:54,Brighton,Irma Quijano,"Regular Flavoured iced latte - Caramel - 2.75, Regular Speciality Tea - Green - 1.30",4.05,CARD,2727484344850779
18/12/2024 13:56,Brighton,Dennis Fulton,Large Speciality Tea - Green - 1.60,1.6,CARD,4716957573177509
18/12/2024 13:58,Brighton,Michel Bozek,"Large Speciality Tea - Green - 1.60, Regular Hot Chocolate - 1.40, Large Flavoured hot chocolate - Vanilla - 2.90, Large Hot Chocolate - 1.70",7.6,CARD,6559812948111822
18/12/2024 14:01,Brighton,Jerrod Colunga,"Large Hot Chocolate - 1.70, Regular Flavoured iced latte - Caramel - 2.75, Regular Flavoured hot chocolate - Vanilla - 2.60",7.05,CARD,8694082306682680
18/12/2024 14:02,Brighton,Sharon Kay,"Large Hot Chocolate - 1.70, Regular Speciality Tea - Green - 1.30, Regular Hot Chocolate - 1.40, Large Hot Chocolate - 1.70",6.1,CARD,8184318711863504
18/12/2024 14:03,Brighton,Corey Clark,"Large Flavoured hot chocolate - Vanilla - 2.90, Large Flavoured hot chocolate - Vanilla - 2.90",5.8,CARD,3939772580918142
18/12/2024 14:04,Brighton,Ralph Shroyer,"Large Hot Chocolate - 1.70, Regular Speciality Tea - Green - 1.30",3.0,CASH,
18/12/2024 14:05,Brighton,Ronald Wannamaker,Regular Speciality Tea - Green - 1.30,1.3,CARD,8800426299716072
18/12/2024 14:06,Brighton,Rebecca Lewis,"Regular Hot Chocolate - 1.40, Large Speciality Tea - Green - 1.60, Large Flavoured iced latte - Caramel - 3.25, Regular Hot Chocolate - 1.40",7.65,CARD,2674942787673004
18/12/2024 14:07,Brighton,Steven Poole,"Large Speciality Tea - Green - 1.60, Large Speciality Tea - Green - 1.60, Large Hot Chocolate - 1.70, Large Flavoured hot chocolate - Vanilla - 2.90",7.8,CARD,2833455400825663
18/12/2024 14:08,Brighton,Rebecca Aragon,"Regular Flavoured iced latte - Caramel - 2.75, Large Flavoured hot chocolate - Vanilla - 2.90, Regular Hot Chocolate - 1.40, Large Speciality Tea - Green - 1.60",8.65,CARD,6377342396366057
18/12/2024 14:09,Brighton,Teresa Cavallo,"Large Hot Chocolate - 1.70, Regular Flavoured iced latte - Caramel - 2.75, Large Hot Chocolate - 1.70",6.15,CARD,9194657349291620
18/12/2024 14:10,Brighton,Tiffany Ferris,"Regular Speciality Tea - Green - 1.30, Regular Flavoured hot chocolate - Vanilla - 2.60, Large Flavoured hot chocolate - Vanilla - 2.90",6.8,CARD,4773754385921955
18/12/2024 14:11,Brighton,James Joseph,Regular Flavoured hot chocolate - Vanilla - 2.60,2.6,CARD,8855117040641055
18/12/2024 14:12,Brighton,John Cote,"Regular Hot Chocolate - 1.40, Large Speciality Tea - Green - 1.60, Large Flavoured iced latte - Caramel - 3.25, Regular Speciality Tea - Green - 1.30",7.55,CASH,
18/12/2024 14:13,Brighton,David Martell,"Regular Speciality Tea - Green - 1.30, Large Flavoured hot chocolate - Vanilla - 2.90, Large Flavoured hot chocolate - Vanilla - 2.90, Large Flavoured iced latte - Caramel - 3.25",10.35,CARD,2485895443279179
18/12/2024 14:14,Brighton,Kim Gil,"Large Flavoured iced latte - Caramel - 3.25, Large Flavoured iced latte - Caramel - 3.25, Large Hot Chocolate - 1.70, Large Flavoured iced latte - Caramel - 3.25",11.45,CARD,9731132147382667
18/12/2024 14:15,Brighton,Willie Wells,"Regular Speciality Tea - Green - 1.30, Large Hot Chocolate - 1.70, Large Hot Chocolate - 1.70, Large Speciality Tea - Green - 1.60",6.3,CARD,6052046029731123
18/12/2024 14:16,Brighton,Ruben Keller,"Large Speciality Tea - Green - 1.60, Regular Hot Chocolate - 1.40, Regular Speciality Tea - Green - 1.30",4.3,CARD,2307246828975769
18/12/2024 14:18,Brighton,Barry Allen,"Regular Flavoured hot chocolate - Vanilla - 2.60, Regular Flavoured iced latte - Caramel - 2.75",5.35,CARD,6699835815301582
18/12/2024 14:19,Brighton,Jeffery Laury,"Large Flavoured hot chocolate - Vanilla - 2.90, Large Speciality Tea - Green - 1.60, Regular Speciality Tea - Green - 1.30",5.8,CARD,4011940903429259
18/12/2024 14:20,Brighton,Irene Urban,"Regular Hot Chocolate - 1.40, Large Flavoured hot chocolate - Vanilla - 2.90, Regular Speciality Tea - Green - 1.30",5.6,CARD,6272687167670555
18/12/2024 14:21,Brighton,Cesar Bushey,"Large Hot Chocolate - 1.70, Large Flavoured hot chocolate - Vanilla - 2.90",4.6,CASH,
18/12/2024 14:22,Brighton,Sue Stephens,"Large Flavoured hot chocolate - Vanilla - 2.90, Large Flavoured hot chocolate - Vanilla - 2.90, Large Speciality Tea - Green - 1.60, Regular Flavoured iced latte - Caramel - 2.75, Regular Flavoured hot chocolate - Vanilla - 2.60",12.75,CASH,
18/12/2024 14:23,Brighton,Robert Hudson,"Regular Flavoured iced latte - Caramel - 2.75, Regular Speciality Tea - Green - 1.30, Large Flavoured iced latte - Caramel - 3.25, Large Flavoured hot chocolate - Vanilla - 2.90",10.2,CARD,3871140649011761
18/12/2024 14:24,Brighton,Michael Milazzo,"Regular Speciality Tea - Green - 1.30, Large Speciality Tea - Green - 1.60",2.9,CASH,
18/12/2024 14:25,Brighton,Vickie Hagan,"Regular Hot Chocolate - 1.40, Large Flavoured hot chocolate - Vanilla - 2.90, Regular Flavoured hot chocolate - Vanilla - 2.60, Regular Speciality Tea - Green - 1.30",8.2,CASH,
18/12/2024 14:26,Brighton,Michael Johnson,"Regular Flavoured hot chocolate - Vanilla - 2.60, Regular Flavoured hot chocolate - Vanilla - 2.60",5.2,CARD,8280924135252821
18/12/2024 14:27,Brighton,Lorenzo Medina,"Large Speciality Tea - Green - 1.60, Large Hot Chocolate - 1.70",3.3,CASH,
18/12/2024 14:28,Brighton,Gary Gordon,Large Flavoured hot chocolate - Vanilla - 2.90,2.9,CASH,
18/12/2024 14:29,Brighton,Carole Gibbons,"Large Hot Chocolate - 1.70, Regular Flavoured hot chocolate - Vanilla - 2.60, Large Flavoured iced latte - Caramel - 3.25, Regular Flavoured hot chocolate - Vanilla - 2.60",10.15,CASH,
18/12/2024 14:30,Brighton,Leland Hasting,"Regular Hot Chocolate - 1.40, Large Flavoured hot chocolate - Vanilla - 2.90, Large Speciality Tea - Green - 1.60, Large Speciality Tea - Green - 1.60, Large Flavoured hot chocolate - Vanilla - 2.90",10.4,CASH,
18/12/2024 14:31,Brighton,Vincent Wagner,"Large Hot Chocolate - 1.70, Large Speciality Tea - Green - 1.60, Large Flavoured hot chocolate - Vanilla - 2.90, Regular Flavoured hot chocolate - Vanilla - 2.60",8.8,CASH,
18/12/2024 14:32,Brighton,Margaret Dupre,"Regular Hot Chocolate - 1.40, Large Hot Chocolate - 1.70, Regular Hot Chocolate - 1.40, Large Flavoured hot chocolate - Vanilla - 2.90, Regular Hot Chocolate - 1.40",8.8,CASH,
18/12/2024 14:33,Brighton,Linda Weaver,"Regular Flavoured hot chocolate - Vanilla - 2.60, Large Flavoured iced latte - Caramel - 3.25",5.85,CASH,
18/12/2024 14:34,Brighton,Benjamin Brandt,"Regular Speciality Tea - Green - 1.30, Large Hot Chocolate - 1.70",3.0,CARD,9379395342899070
18/12/2024 14:35,Brighton,Carrie Lynch,Large Hot Chocolate - 1.70,1.7,CASH,
18/12/2024 14:36,Brighton,Joseph Iser,"Regular Flavoured hot chocolate - Vanilla - 2.60, Regular Speciality Tea - Green - 1.30",3.9,CARD,4407610866147152
18/12/2024 14:37,Brighton,Paul Jackson,"Regular Speciality Tea - Green - 1.30, Regular Speciality Tea - Green - 1.30",2.6,CASH,
18/12/2024 14:39,Brighton,Derek Desch,"Regular Flavoured hot chocolate - Vanilla - 2.60, Regular Flavoured iced latte - Caramel - 2.75",5.35,CARD,2953906251253065
18/12/2024 14:40,Brighton,Joanne Cohen,Regular Flavoured hot chocolate - Vanilla - 2.60,2.6,CARD,2327694864092739
18/12/2024 14:41,Brighton,Kevin Vogel,"Regular Speciality Tea - Green - 1.30, Regular Flavoured iced latte - Caramel - 2.75",4.05,CARD,3781573857265504
18/12/2024 14:42,Brighton,John Gillman,"Regular Speciality Tea - Green - 1.30, Regular Hot Chocolate - 1.40, Large Flavoured hot chocolate - Vanilla - 2.90",5.6,CARD,6533870369545487
18/12/2024 14:43,Brighton,Anthony Hernandez,"Large Hot Chocolate - 1.70, Large Hot Chocolate - 1.70",3.4,CARD,4151959861733983
18/12/2024 14:44,Brighton,Donald Moffitt,"Large Flavoured iced latte - Caramel - 3.25, Regular Flavoured iced latte - Caramel - 2.75",6.0,CARD,1682234822866753
18/12/2024 14:45,Brighton,Debra Walker,Regular Flavoured hot chocolate - Vanilla - 2.60,2.6,CARD,5134374876498385
18/12/2024 14:46,Brighton,Craig Pride,"Regular Speciality Tea - Green - 1.30, Regular Flavoured hot chocolate - Vanilla - 2.60, Large Flavoured hot chocolate - Vanilla - 2.90, Regular Flavoured hot chocolate - Vanilla - 2.60, Regular Flavoured hot chocolate - Vanilla - 2.60",12.0,CARD,7026822030903854
18/12/2024 14:47,Brighton,Jamal Kirkpatrick,"Large Flavoured hot chocolate - Vanilla - 2.90, Large Flavoured iced latte - Caramel - 3.25, Large Hot Chocolate - 1.70",7.85,CARD,3630624275432053
18/12/2024 14:48,Brighton,Blanche Torres,"Regular Speciality Tea - Green - 1.30, Large Flavoured iced latte - Caramel - 3.25, Regular Speciality Tea - Green - 1.30",5.85,CASH,
18/12/2024 14:49,Brighton,Cory Oneil,"Regular Hot Chocolate - 1.40, Large Hot Chocolate - 1.70",3.1,CARD,2277399240559033
18/12/2024 14:50,Brighton,Rodney Capone,"Large Hot Chocolate - 1.70, Regular Hot Chocolate - 1.40, Large Flavoured hot chocolate - Vanilla - 2.90",6.0,CARD,3708806341399575
18/12/2024 14:51,Brighton,David Meyer,"Large Flavoured hot chocolate - Vanilla - 2.90, Large Hot Chocolate - 1.70, Large Speciality Tea - Green - 1.60, Large Flavoured iced latte - Caramel - 3.25, Large Hot Chocolate - 1.70",11.15,CARD,9151697871316410
18/12/2024 14:52,Brighton,Robert Stewart,"Regular Flavoured iced latte - Caramel - 2.75, Regular Flavoured iced latte - Caramel - 2.75, Large Flavoured hot chocolate - Vanilla - 2.90",8.4,CARD,8417759792294400
18/12/2024 14:53,Brighton,Earlie Malone,Large Hot Chocolate - 1.70,1.7,CASH,
18/12/2024 14:54,Brighton,Joe Joyce,Regular Flavoured iced latte - Caramel - 2.75,2.75,CASH,
18/12/2024 14:55,Brighton,Anthony Tate,Regular Speciality Tea - Green - 1.30,1.3,CARD,3785627869676277
18/12/2024 14:56,Brighton,Reginald Ringstaff,"Large Speciality Tea - Green - 1.60, Large Flavoured iced latte - Caramel - 3.25, Regular Speciality Tea - Green - 1.30, Large Speciality Tea - Green - 1.60",7.75,CARD,4050512846189386
18/12/2024 14:57,Brighton,Rosanne Brown,"Regular Speciality Tea - Green - 1.30, Regular Speciality Tea - Green - 1.30",2.6,CARD,5990938920756723
18/12/2024 14:58,Brighton,Shirley Sanderson,"Regular Hot Chocolate - 1.40, Regular Speciality Tea - Green - 1.30, Regular Hot Chocolate - 1.40, Large Flavoured hot chocolate - Vanilla - 2.90, Regular Hot Chocolate - 1.40",8.4,CARD,6963302288921723
18/12/2024 15:00,Brighton,Melvin Stewart,"Large Hot Chocolate - 1.70, Regular Flavoured iced latte - Caramel - 2.75",4.45,CASH,
18/12/2024 15:00,Brighton,Richard Davis,"Large Speciality Tea - Green - 1.60, Regular Flavoured iced latte - Caramel - 2.75, Regular Speciality Tea - Green - 1.30",5.65,CASH,
18/12/2024 15:01,Brighton,Raymond Riley,"Large Flavoured hot chocolate - Vanilla - 2.90, Large Hot Chocolate - 1.70, Regular Hot Chocolate - 1.40, Regular Flavoured iced latte - Caramel - 2.75, Regular Flavoured hot chocolate - Vanilla - 2.60",11.35,CARD,6606226872465498
18/12/2024 15:02,Brighton,Silvia Rodriquez,"Regular Flavoured iced latte - Caramel - 2.75, Regular Flavoured iced latte - Caramel - 2.75",5.5,CARD,7188781379660008
18/12/2024 15:03,Brighton,Lisa Shields,"Regular Flavoured hot chocolate - Vanilla - 2.60, Regular Hot Chocolate - 1.40, Large Flavoured hot chocolate - Vanilla - 2.90",6.9,CARD,4136706630970586
18/12/2024 15:04,Brighton,Shirley Sledge,"Large Flavoured iced latte - Caramel - 3.25, Regular Hot Chocolate - 1.40, Regular Speciality Tea - Green - 1.30, Regular Flavoured iced latte - Caramel - 2.75, Large Hot Chocolate - 1.70, Large Hot Chocolate - 1.70",12.1,CARD,5378130794857437
18/12/2024 15:05,Brighton,Pete Richardson,"Large Speciality Tea - Green - 1.60, Regular Flavoured hot chocolate - Vanilla - 2.60",4.2,CARD,2413182538676325
18/12/2024 15:06,Brighton,Corey Silvey,"Large Flavoured iced latte - Caramel - 3.25, Large Flavoured hot chocolate - Vanilla - 2.90",6.15,CARD,2561172480537713
18/12/2024 15:07,Brighton,Richard Westfall,"Regular Speciality Tea - Green - 1.30, Large Flavoured hot chocolate - Vanilla - 2.90, Large Flavoured hot chocolate - Vanilla - 2.90, Regular Speciality Tea - Green - 1.30, Large Speciality Tea - Green - 1.60",10.0,CASH,
18/12/2024 15:07,Brighton,Eugene Shofner,"Regular Hot Chocolate - 1.40, Large Speciality Tea - Green - 1.60, Regular Hot Chocolate - 1.40, Large Flavoured iced latte - Caramel - 3.25, Regular Hot Chocolate - 1.40, Large Flavoured hot chocolate - Vanilla - 2.90",11.95,CARD,5663537403750114
18/12/2024 15:08,Brighton,Shayla Myers,"Regular Speciality Tea - Green - 1.30, Regular Hot Chocolate - 1.40",2.7,CARD,1011283165983598
18/12/2024 15:09,Brighton,Ronald Arch,"Regular Flavoured hot chocolate - Vanilla - 2.60, Regular Flavoured iced latte - Caramel - 2.75",5.35,CASH,
18/12/2024 15:10,Brighton,David Bradley,"Large Speciality Tea - Green - 1.60, Large Flavoured hot chocolate - Vanilla - 2.90",4.5,CARD,6608904519519365
18/12/2024 15:11,Brighton,Alice Isola,"Regular Speciality Tea - Green - 1.30, Regular Speciality Tea - Green - 1.30",2.6,CARD,7238947739771815
18/12/2024 15:12,Brighton,John Johnson,Large Flavoured iced latte - Caramel - 3.25,3.25,CARD,5429803696213750
18/12/2024 15:13,Brighton,Shawn Miller,"Regular Flavoured iced latte - Caramel - 2.75, Large Hot Chocolate - 1.70, Regular Hot Chocolate - 1.40, Large Speciality Tea - Green - 1.60, Large Hot Chocolate - 1.70",9.15,CARD,6853665230529443
18/12/2024 15:14,Brighton,Justin Gaines,Large Hot Chocolate - 1.70,1.7,CASH,
18/12/2024 15:14,Brighton,Barbara Sinclair,Regular Flavoured hot chocolate - Vanilla - 2.60,2.6,CASH,
18/12/2024 15:15,Brighton,Richard Shortt,"Large Speciality Tea - Green - 1.60, Large Speciality Tea - Green - 1.60",3.2,CARD,1893045140196480
18/12/2024 15:16,Brighton,Desmond Ward,"Regular Flavoured hot chocolate - Vanilla - 2.60, Large Hot Chocolate - 1.70",4.3,CARD,6811613471498178
18/12/2024 15:17,Brighton,Anne Rodriguez,"Regular Speciality Tea - Green - 1.30, Large Flavoured hot chocolate - Vanilla - 2.90",4.2,CASH,
18/12/2024 15:18,Brighton,Elton Crowell,"Large Hot Chocolate - 1.70, Large Speciality Tea - Green - 1.60, Large Speciality Tea - Green - 1.60",4.9,CARD,8510222723749868
18/12/2024 15:19,Brighton,Ethel Mastriano,"Regular Flavoured hot chocolate - Vanilla - 2.60, Large Hot Chocolate - 1.70, Regular Hot Chocolate - 1.40, Large Flavoured iced latte - Caramel - 3.25, Regular Flavoured iced latte - Caramel - 2.75",11.7,CARD,5011585028135900
18/12/2024 15:20,Brighton,Roger Kyle,"Regular Hot Chocolate - 1.40, Regular Hot Chocolate - 1.40, Regular Hot Chocolate - 1.40, Regular Hot Chocolate - 1.40, Regular Flavoured hot chocolate - Vanilla - 2.60",8.2,CARD,8404764943080078
18/12/2024 15:21,Brighton,Suzanne Hogg,"Large Flavoured hot chocolate - Vanilla - 2.90, Regular Hot Chocolate - 1.40, Large Flavoured hot chocolate - Vanilla - 2.90, Large Hot Chocolate - 1.70",8.9,CARD,8459270560213503
18/12/2024 15:21,Brighton,Chad Leeder,"Regular Flavoured hot chocolate - Vanilla - 2.60, Regular Hot Chocolate - 1.40, Regular Hot Chocolate - 1.40",5.4,CARD,5659636570565774
18/12/2024 15:22,Brighton,Tony Allen,"Regular Speciality Tea - Green - 1.30, Large Hot Chocolate - 1.70",3.0,CARD,2747201559350801
18/12/2024 15:23,Brighton,Nancy Calderon,"Regular Flavoured iced latte - Caramel - 2.75, Large Flavoured iced latte - Caramel - 3.25, Large Flavoured hot chocolate - Vanilla - 2.90, Regular Flavoured hot chocolate - Vanilla - 2.60",11.5,CASH,
18/12/2024 15:24,Brighton,John Paradis,Large Speciality Tea - Green - 1.60,1.6,CASH,
18/12/2024 15:25,Brighton,David Decker,Large Flavoured iced latte - Caramel - 3.25,3.25,CARD,6525750652370315
18/12/2024 15:26,Brighton,Mary Wick,Regular Speciality Tea - Green - 1.30,1.3,CARD,8345121810889142
18/12/2024 15:27,Brighton,Richard Darnstaedt,"Regular Flavoured hot chocolate - Vanilla - 2.60, Large Speciality Tea - Green - 1.60, Large Speciality Tea - Green - 1.60",5.8,CARD,2617261071246671
18/12/2024 15:28,Brighton,Susan Ong,"Large Speciality Tea - Green - 1.60, Regular Speciality Tea - Green - 1.30, Regular Flavoured hot chocolate - Vanilla - 2.60, Regular Hot Chocolate - 1.40",6.9,CASH,
18/12/2024 15:28,Brighton,Virginia Lindsey,"Large Flavoured iced latte - Caramel - 3.25, Large Flavoured hot chocolate - Vanilla - 2.90",6.15,CARD,1763449398729958
18/12/2024 15:29,Brighton,Kira Skrebes,Regular Hot Chocolate - 1.40,1.4,CARD,9470115854635827
18/12/2024 15:30,Brighton,Paul Moore,"Large Hot Chocolate - 1.70, Regular Flavoured hot chocolate - Vanilla - 2.60",4.3,CARD,1498139941344391
18/12/2024 15:31,Brighton,Iris Reid,Large Flavoured hot chocolate - Vanilla - 2.90,2.9,CARD,8287511973107632
18/12/2024 15:32,Brighton,Mary Rizzuti,"Large Flavoured hot chocolate - Vanilla - 2.90, Regular Flavoured hot chocolate - Vanilla - 2.60",5.5,CARD,5881849393394447
18/12/2024 15:33,Brighton,Anthony Agee,"Regular Flavoured hot chocolate - Vanilla - 2.60, Large Speciality Tea - Green - 1.60, Regular Hot Chocolate - 1.40, Regular Flavoured hot chocolate - Vanilla - 2.60, Regular Flavoured hot chocolate - Vanilla - 2.60",10.8,CARD,5447045963684812
18/12/2024 15:34,Brighton,Steven Lockhart,"Large Flavoured hot chocolate - Vanilla - 2.90, Regular Flavoured iced latte - Caramel - 2.75, Regular Flavoured hot chocolate - Vanilla - 2.60, Large Flavoured iced latte - Caramel - 3.25",11.5,CARD,9131888056943687
18/12/2024 15:35,Brighton,Darlene Goad,"Large Hot Chocolate - 1.70, Large Speciality Tea - Green - 1.60, Regular Flavoured iced latte - Caramel - 2.75, Regular Hot Chocolate - 1.40, Regular Flavoured hot chocolate - Vanilla - 2.60, Large Hot Chocolate - 1.70",11.75,CARD,1979281180099329
18/12/2024 15:36,Brighton,June Mclain,"Large Flavoured hot chocolate - Vanilla - 2.90, Regular Speciality Tea - Green - 1.30, Large Flavoured iced latte - Caramel - 3.25, Regular Flavoured hot chocolate - Vanilla - 2.60",10.05,CARD,8377748330962858
18/12/2024 15:36,Brighton,Guadalupe Smith,"Regular Flavoured iced latte - Caramel - 2.75, Large Flavoured iced latte - Caramel - 3.25, Regular Speciality Tea - Green - 1.30, Regular Hot Chocolate - 1.40",8.7,CARD,6265376017189478
18/12/2024 15:37,Brighton,Jason Longacre,"Large Flavoured hot chocolate - Vanilla - 2.90, Large Flavoured hot chocolate - Vanilla - 2.90, Regular Speciality Tea - Green - 1.30",7.1,CARD,1698097708585322
18/12/2024 15:38,Brighton,Travis Jones,"Large Hot Chocolate - 1.70, Large Speciality Tea - Green - 1.60, Regular Speciality Tea - Green - 1.30, Large Hot Chocolate - 1.70, Large Flavoured hot chocolate - Vanilla - 2.90",9.2,CARD,9081120707659433
18/12/2024 15:39,Brighton,Archie Haines,Regular Speciality Tea - Green - 1.30,1.3,CARD,9565010301314140
18/12/2024 15:40,Brighton,Jeffrey Smith,"Large Flavoured hot chocolate - Vanilla - 2.90, Large Flavoured iced latte - Caramel - 3.25, Regular Flavoured hot chocolate - Vanilla - 2.60, Regular Flavoured hot chocolate - Vanilla - 2.60, Regular Flavoured hot chocolate - Vanilla - 2.60, Large Speciality Tea - Green - 1.60",15.55,CARD,8959795567915315
18/12/2024 15:41,Brighton,Wendy Sigler,"Regular Hot Chocolate - 1.40, Regular Speciality Tea - Green - 1.30, Regular Flavoured iced latte - Caramel - 2.75, Large Speciality Tea - Green - 1.60, Regular Flavoured iced latte - Caramel - 2.75",9.8,CARD,6084247443258624
18/12/2024 15:42,Brighton,Salvador Andrews,Regular Flavoured iced latte - Caramel - 2.75,2.75,CARD,5853854377564165
18/12/2024 15:43,Brighton,Rebecca Hardeman,Regular Flavoured iced latte - Caramel - 2.75,2.75,CARD,9369361471095643
18/12/2024 15:43,Brighton,Wilfred Sanders,Regular Flavoured hot chocolate - Vanilla - 2.60,2.6,CARD,8546745450869385
18/12/2024 15:44,Brighton,Young Seals,"Regular Flavoured hot chocolate - Vanilla - 2.60, Large Flavoured iced latte - Caramel - 3.25, Regular Flavoured iced latte - Caramel - 2.75, Large Speciality Tea - Green - 1.60",10.2,CARD,4851834805479082
18/12/2024 15:45,Brighton,Ethel Burgess,"Large Speciality Tea - Green - 1.60, Regular Speciality Tea - Green - 1.30",2.9,CARD,3942737913190819
18/12/2024 15:46,Brighton,Samantha Kidder,"Large Hot Chocolate - 1.70, Large Speciality Tea - Green - 1.60, Large Hot Chocolate - 1.70, Large Flavoured hot chocolate - Vanilla - 2.90, Regular Flavoured iced latte - Caramel - 2.75, Regular Hot Chocolate - 1.40",12.05,CARD,7692806423972634
18/12/2024 15:47,Brighton,Christopher Hallack,"Regular Flavoured iced latte - Caramel - 2.75, Regular Flavoured hot chocolate - Vanilla - 2.60",5.35,CASH,
18/12/2024 15:48,Brighton,Cheryl Gosz,Regular Speciality Tea - Green - 1.30,1.3,CASH,
18/12/2024 15:49,Brighton,Ramiro Kibbe,Large Speciality Tea - Green - 1.60,1.6,CARD,5365192183122076
18/12/2024 15:50,Brighton,Willie Savage,"Regular Hot Chocolate - 1.40, Large Speciality Tea - Green - 1.60, Large Speciality Tea - Green - 1.60, Large Speciality Tea - Green - 1.60",6.2,CARD,5780726974637662
18/12/2024 15:50,Brighton,Cora Yuengling,"Large Flavoured iced latte - Caramel - 3.25, Large Hot Chocolate - 1.70",4.95,CASH,
18/12/2024 15:51,Brighton,Christine Yates,"Regular Flavoured iced latte - Caramel - 2.75, Regular Flavoured hot chocolate - Vanilla - 2.60, Regular Hot Chocolate - 1.40, Regular Hot Chocolate - 1.40, Large Speciality Tea - Green - 1.60",9.75,CASH,
18/12/2024 15:52,Brighton,Stanley Stanton,"Large Flavoured iced latte - Caramel - 3.25, Large Flavoured iced latte - Caramel - 3.25, Large Flavoured iced latte - Caramel - 3.25, Large Speciality Tea - Green - 1.60, Regular Speciality Tea - Green - 1.30",12.65,CARD,3391270826659813
18/12/2024 15:53,Brighton,Donald Adens,"Large Speciality Tea - Green - 1.60, Regular Flavoured iced latte - Caramel - 2.75",4.35,CARD,5502907412460019
18/12/2024 15:54,Brighton,Paul Washington,"Large Hot Chocolate - 1.70, Large Hot Chocolate - 1.70, Large Hot Chocolate - 1.70",5.1,CARD,6654453403706553
18/12/2024 15:55,Brighton,Jeannette Mcnear,"Large Speciality Tea - Green - 1.60, Regular Flavoured iced latte - Caramel - 2.75, Large Flavoured iced latte - Caramel - 3.25, Regular Flavoured hot chocolate - Vanilla - 2.60",10.2,CARD,8587414988525161
18/12/2024 15:56,Brighton,Tamela Manns,Regular Hot Chocolate - 1.40,1.4,CARD,5444463520554721
18/12/2024 15:57,Brighton,Minnie Brown,"Large Flavoured hot chocolate - Vanilla - 2.90, Regular Flavoured iced latte - Caramel - 2.75, Large Flavoured hot chocolate - Vanilla - 2.90, Large Hot Chocolate - 1.70",10.25,CARD,1390661840326177
18/12/2024 15:57,Brighton,Roseanne Meldrum,Large Hot Chocolate - 1.70,1.7,CARD,7420255618106995
18/12/2024 15:58,Brighton,Mary Ruggiero,"Regular Speciality Tea - Green - 1.30, Large Flavoured hot chocolate - Vanilla - 2.90",4.2,CASH,
18/12/2024 15:59,Brighton,Brenda Nelson,"Regular Flavoured hot chocolate - Vanilla - 2.60, Large Speciality Tea - Green - 1.60, Regular Flavoured iced latte - Caramel - 2.75, Regular Flavoured iced latte - Caramel - 2.75",9.7,CASH,
18/12/2024 16:00,Brighton,Maurice Thompson,"Regular Speciality Tea - Green - 1.30, Large Flavoured hot chocolate - Vanilla - 2.90",4.2,CASH,
18/12/2024 16:02,Brighton,Elizabeth Smith,"Regular Hot Chocolate - 1.40, Regular Flavoured hot chocolate - Vanilla - 2.60",4.0,CARD,7243299106546501
18/12/2024 16:04,Brighton,William Germain,"Regular Flavoured hot chocolate - Vanilla - 2.60, Regular Speciality Tea - Green - 1.30",3.9,CARD,4430791431982414
18/12/2024 16:06,Brighton,Lynda King,"Large Flavoured iced latte - Caramel - 3.25, Regular Hot Chocolate - 1.40",4.65,CASH,
18/12/2024 16:09,Brighton,Delmer Nelson,"Regular Speciality Tea - Green - 1.30, Regular Flavoured iced latte - Caramel - 2.75",4.05,CARD,5984786114872116
18/12/2024 16:11,Brighton,Lawrence Katz,"Regular Flavoured hot chocolate - Vanilla - 2.60, Large Hot Chocolate - 1.70, Large Flavoured hot chocolate - Vanilla - 2.90, Large Flavoured iced latte - Caramel - 3.25",10.45,CASH,
18/12/2024 16:13,Brighton,Nancy Charest,"Regular Hot Chocolate - 1.40, Large Speciality Tea - Green - 1.60, Regular Flavoured iced latte - Caramel - 2.75",5.75,CARD,2526607352121781
18/12/2024 16:15,Brighton,Joseph Scott,Regular Speciality Tea - Green - 1.30,1.3,CARD,9955366727594668
18/12/2024 16:17,Brighton,Garland Contreras,"Regular Speciality Tea - Green - 1.30, Regular Hot Chocolate - 1.40, Regular Speciality Tea - Green - 1.30",4.0,CARD,8712957087138087
18/12/2024 16:19,Brighton,Anthony Brown,"Regular Flavoured hot chocolate - Vanilla - 2.60, Regular Flavoured iced latte - Caramel - 2.75, Large Flavoured iced latte - Caramel - 3.25, Regular Flavoured hot chocolate - Vanilla - 2.60",11.2,CARD,8356581561365148
18/12/2024 16:21,Brighton,Thomas Drawdy,Regular Hot Chocolate - 1.40,1.4,CARD,8898054652393296
18/12/2024 16:24,Brighton,David Nassar,Regular Flavoured hot chocolate - Vanilla - 2.60,2.6,CARD,6776051066591647
18/12/2024 16:26,Brighton,Joseph Woods,Regular Flavoured iced latte - Caramel - 2.75,2.75,CASH,
18/12/2024 16:28,Brighton,Jean Moore,"Large Flavoured hot chocolate - Vanilla - 2.90, Regular Speciality Tea - Green - 1.30, Large Speciality Tea - Green - 1.60, Large Speciality Tea - Green - 1.60",7.4,CASH,
18/12/2024 16:30,Brighton,Pedro Waters,"Large Hot Chocolate - 1.70, Regular Speciality Tea - Green - 1.30, Regular Flavoured iced latte - Caramel - 2.75, Large Flavoured hot chocolate - Vanilla - 2.90, Large Flavoured hot chocolate - Vanilla - 2.90",11.55,CARD,5973650855184315
18/12/2024 16:32,Brighton,Emma Anaya,"Regular Speciality Tea - Green - 1.30, Large Flavoured iced latte - Caramel - 3.25",4.55,CARD,7060047353249157
18/12/2024 16:34,Brighton,Mary Pike,"Regular Flavoured hot chocolate - Vanilla - 2.60, Regular Flavoured hot chocolate - Vanilla - 2.60, Large Flavoured hot chocolate - Vanilla - 2.90",8.1,CARD,6777556592032183
18/12/2024 16:36,Brighton,Lauren Nolan,"Regular Hot Chocolate - 1.40, Regular Hot Chocolate - 1.40, Large Flavoured iced latte - Caramel - 3.25",6.05,CARD,5482274820317076
18/12/2024 16:38,Brighton,Dixie Womack,Large Flavoured iced latte - Caramel - 3.25,3.25,CARD,2451853674956909
18/12/2024 16:41,Brighton,Wesley Minor,"Regular Flavoured iced latte - Caramel - 2.75, Regular Speciality Tea - Green - 1.30, Regular Flavoured hot chocolate - Vanilla - 2.60",6.65,CARD,4766614574010687
18/12/2024 16:43,Brighton,Erica Dotson,"Regular Hot Chocolate - 1.40, Large Flavoured iced latte - Caramel - 3.25, Large Speciality Tea - Green - 1.60",6.25,CASH,
18/12/2024 16:45,Brighton,Derrick Williamson,"Large Hot Chocolate - 1.70, Large Speciality Tea - Green - 1.60",3.3,CARD,6987731958432616
18/12/2024 16:47,Brighton,Daisy Caton,Regular Flavoured iced latte - Caramel - 2.75,2.75,CARD,7356631373781456
18/12/2024 16:49,Brighton,Sylvia Long,Large Flavoured iced latte - Caramel - 3.25,3.25,CASH,
18/12/2024 16:51,Brighton,Gregory Pannell,"Regular Flavoured iced latte - Caramel - 2.75, Regular Hot Chocolate - 1.40, Large Hot Chocolate - 1.70, Large Flavoured hot chocolate - Vanilla - 2.90",8.75,CARD,3968344227171263
18/12/2024 16:53,Brighton,Jessica Tatum,"Large Hot Chocolate - 1.70, Regular Speciality Tea - Green - 1.30, Large Speciality Tea - Green - 1.60",4.6,CARD,4962114137025801
18/12/2024 16:56,Brighton,Paul Engle,"Regular Hot Chocolate - 1.40, Regular Flavoured hot chocolate - Vanilla - 2.60, Regular Hot Chocolate - 1.40, Regular Flavoured hot chocolate - Vanilla - 2.60, Regular Hot Chocolate - 1.40, Large Flavoured hot chocolate - Vanilla - 2.90",12.3,CARD,5991200743628539
18/12/2024 16:58,Brighton,Victor Southwick,Regular Speciality Tea - Green - 1.30,1.3,CARD,8211590654758158
