18/12/2024 08:00,Coventry,Edward Geigel,"Large Flavoured hot chocolate - Hazelnut - 2.90, Regular Speciality Tea - Camomile - 1.30, Regular Flavoured hot chocolate - Hazelnut - 2.60",6.8,CARD,3096081143540518
18/12/2024 08:01,Coventry,Patricia Adair,"Large Iced americano - 2.50, Regular Iced americano - 2.15, Regular Flavoured iced latte - Caramel - 2.75",7.4,CARD,5849504316866522
18/12/2024 08:02,Coventry,Heather Lackey,"Large Iced americano - 2.50, Regular Speciality Tea - Camomile - 1.30",3.8,CARD,7704380095562594
18/12/2024 08:03,Coventry,Santos Fischer,"Large Flavoured iced latte - Caramel - 3.25, Large Iced americano - 2.50",5.75,CARD,7472270658259762
18/12/2024 08:04,Coventry,William Miranda,"Regular Iced americano - 2.15, Regular Flavoured hot chocolate - Hazelnut - 2.60, Regular Flavoured hot chocolate - Hazelnut - 2.60, Large Flavoured iced latte - Caramel - 3.25",10.6,CARD,4174451625059630
18/12/2024 08:06,Coventry,Christine Rosario,Large Speciality Tea - Camomile - 1.60,1.6,CARD,3108053114188931
18/12/2024 08:07,Coventry,Jessica Cash,Large Flavoured hot chocolate - Hazelnut - 2.90,2.9,CARD,8127794287737327
18/12/2024 08:08,Coventry,Joshua Walker,Regular Speciality Tea - Camomile - 1.30,1.3,CARD,1371414763220546
18/12/2024 08:09,Coventry,Joseph Robinson,Regular Flavoured hot chocolate - Hazelnut - 2.60,2.6,CASH,
18/12/2024 08:10,Coventry,Brian Mansfield,Regular Iced americano - 2.15,2.15,CARD,4656016938030921
18/12/2024 08:12,Coventry,Anthony Krag,"Large Flavoured iced latte - Caramel - 3.25, Regular Flavoured hot chocolate - Hazelnut - 2.60, Regular Iced latte - 2.35, Large Iced americano - 2.50, Regular Flavoured iced latte - Caramel - 2.75, Regular Flavoured iced latte - Caramel - 2.75",16.2,CARD,6117725489957736
18/12/2024 08:13,Coventry,Debra Madsen,"Large Iced americano - 2.50, Large Iced latte - 2.85",5.35,CASH,
18/12/2024 08:14,Coventry,Maggie Gaffigan,Large Speciality Tea - Camomile - 1.60,1.6,CARD,8763705779723251
18/12/2024 08:15,Coventry,John Carmona,"Large Iced latte - 2.85, Large Iced latte - 2.85, Large Flavoured iced latte - Caramel - 3.25, Large Iced latte - 2.85",11.8,CARD,4124359572543844
18/12/2024 08:17,Coventry,Pearl Crandall,"Large Flavoured hot chocolate - Hazelnut - 2.90, Large Flavoured hot chocolate - Hazelnut - 2.90",5.8,CARD,4382049949698790
18/12/2024 08:18,Coventry,Kenneth Thompson,Large Speciality Tea - Camomile - 1.60,1.6,CARD,3863928143429660
18/12/2024 08:19,Coventry,Leah Franz,"Large Flavoured hot chocolate - Hazelnut - 2.90, Large Speciality Tea - Camomile - 1.60, Regular Iced latte - 2.35, Large Flavoured iced latte - Caramel - 3.25",10.1,CARD,7246718845197295
18/12/2024 08:20,Coventry,Viola Thomas,Large Iced americano - 2.50,2.5,CARD,9449490299480815
18/12/2024 08:21,Coventry,Orville Fahey,Regular Flavoured hot chocolate - Hazelnut - 2.60,2.6,CARD,4648437903626803
18/12/2024 08:23,Coventry,Diane Burns,"Large Flavoured hot chocolate - Hazelnut - 2.90, Large Iced americano - 2.50, Large Flavoured hot chocolate - Hazelnut - 2.90",8.3,CASH,
18/12/2024 08:24,Coventry,Paula Drake,"Regular Iced americano - 2.15, Large Iced americano - 2.50, Regular Speciality Tea - Camomile - 1.30, Large Flavoured hot chocolate - Hazelnut - 2.90, Large Flavoured hot chocolate - Hazelnut - 2.90",11.75,CARD,3720843458621701
18/12/2024 08:25,Coventry,Lyle Williams,"Large Flavoured iced latte - Caramel - 3.25, Regular Speciality Tea - Camomile - 1.30, Large Flavoured hot chocolate - Hazelnut - 2.90",7.45,CASH,
18/12/2024 08:26,Coventry,Jeffrey Bell,"Regular Flavoured hot chocolate - Hazelnut - 2.60, Large Iced latte - 2.85, Large Flavoured iced latte - Caramel - 3.25, Regular Speciality Tea - Camomile - 1.30, Regular Flavoured hot chocolate - Hazelnut - 2.60",12.6,CARD,3550724464434729
18/12/2024 08:27,Coventry,Fred Jones,"Large Iced latte - 2.85, Regular Flavoured iced latte - Caramel - 2.75, Large Iced latte - 2.85, Large Flavoured iced latte - Caramel - 3.25",11.7,CARD,9323060663928889
18/12/2024 08:29,Coventry,David Smart,"Large Flavoured hot chocolate - Hazelnut - 2.90, Large Iced americano - 2.50, Large Iced latte - 2.85",8.25,CASH,
18/12/2024 08:30,Coventry,Antoinette Denardo,Regular Iced latte - 2.35,2.35,CARD,9979209516564233
18/12/2024 08:31,Coventry,Sabrina Neff,Regular Flavoured hot chocolate - Hazelnut - 2.60,2.6,CARD,4268153868387691
18/12/2024 08:32,Coventry,Richie Mysak,"Large Iced latte - 2.85, Regular Flavoured iced latte - Caramel - 2.75, Large Speciality Tea - Camomile - 1.60",7.2,CARD,4408927528672048
18/12/2024 08:34,Coventry,William Morales,"Regular Speciality Tea - Camomile - 1.30, Large Speciality Tea - Camomile - 1.60, Regular Flavoured iced latte - Caramel - 2.75, Large Flavoured iced latte - Caramel - 3.25, Large Iced latte - 2.85",11.75,CASH,
18/12/2024 08:35,Coventry,Nichole Read,"Large Flavoured iced latte - Caramel - 3.25, Regular Iced latte - 2.35",5.6,CASH,
18/12/2024 08:36,Coventry,Joan Kell,"Regular Flavoured iced latte - Caramel - 2.75, Large Iced americano - 2.50, Large Flavoured iced latte - Caramel - 3.25, Regular Iced latte - 2.35, Regular Flavoured hot chocolate - Hazelnut - 2.60",13.45,CARD,9715570750143682
18/12/2024 08:37,Coventry,Edward Mccarver,Regular Iced americano - 2.15,2.15,CARD,3095222563927405
18/12/2024 08:38,Coventry,Maria Kendell,"Large Speciality Tea - Camomile - 1.60, Large Flavoured iced latte - Caramel - 3.25, Regular Flavoured iced latte - Caramel - 2.75, Regular Flavoured hot chocolate - Hazelnut - 2.60, Regular Iced latte - 2.35",12.55,CARD,8695380506556626
18/12/2024 08:40,Coventry,Kira Dean,"Large Flavoured iced latte - Caramel - 3.25, Regular Iced americano - 2.15",5.4,CARD,1246466560468299
18/12/2024 08:41,Coventry,George Tyree,"Large Flavoured iced latte - Caramel - 3.25, Regular Flavoured iced latte - Caramel - 2.75, Large Speciality Tea - Camomile - 1.60, Regular Flavoured iced latte - Caramel - 2.75",10.35,CARD,4687470488020734
18/12/2024 08:42,Coventry,Galen Garcia,"Regular Flavoured iced latte - Caramel - 2.75, Large Flavoured iced latte - Caramel - 3.25, Large Flavoured iced latte - Caramel - 3.25, Large Flavoured iced latte - Caramel - 3.25",12.5,CASH,
18/12/2024 08:43,Coventry,Adam Naylor,"Large Speciality Tea - Camomile - 1.60, Large Flavoured hot chocolate - Hazelnut - 2.90",4.5,CASH,
18/12/2024 08:45,Coventry,Deborah Link,"Large Iced americano - 2.50, Regular Speciality Tea - Camomile - 1.30, Regular Iced latte - 2.35, Regular Speciality Tea - Camomile - 1.30, Regular Speciality Tea - Camomile - 1.30",8.75,CARD,1279133218003329
18/12/2024 08:46,Coventry,Donald Clough,"Large Flavoured hot chocolate - Hazelnut - 2.90, Large Flavoured hot chocolate - Hazelnut - 2.90, Regular Iced americano - 2.15",7.95,CARD,6338425713045131
18/12/2024 08:47,Coventry,William Randle,"Regular Iced americano - 2.15, Large Iced latte - 2.85",5.0,CARD,3310090611248812
18/12/2024 08:48,Coventry,Loren Sturgis,"Regular Iced latte - 2.35, Regular Speciality Tea - Camomile - 1.30, Large Flavoured hot chocolate - Hazelnut - 2.90",6.55,CASH,
18/12/2024 08:49,Coventry,Jeremy Piller,Large Flavoured hot chocolate - Hazelnut - 2.90,2.9,CARD,6233556749174923
18/12/2024 08:51,Coventry,Jeff Baker,Regular Iced latte - 2.35,2.35,CARD,3398720103026565
18/12/2024 08:52,Coventry,Ervin Blaise,"Large Flavoured iced latte - Caramel - 3.25, Regular Flavoured iced latte - Caramel - 2.75",6.0,CARD,6968090036433090
18/12/2024 08:53,Coventry,Wilbert Diaz,"Regular Flavoured hot chocolate - Hazelnut - 2.60, Regular Iced latte - 2.35, Large Iced americano - 2.50, Regular Flavoured iced latte - Caramel - 2.75",10.2,CARD,1326145947340010
18/12/2024 08:54,Coventry,Fumiko Yang,"Large Iced americano - 2.50, Large Iced latte - 2.85, Large Flavoured hot chocolate - Hazelnut - 2.90",8.25,CARD,5857773948093973
18/12/2024 08:55,Coventry,Linda Moorefield,Large Flavoured iced latte - Caramel - 3.25,3.25,CARD,5258597262647287
18/12/2024 08:57,Coventry,Grace Whatley,"Large Flavoured hot chocolate - Hazelnut - 2.90, Large Flavoured iced latte - Caramel - 3.25",6.15,CASH,
18/12/2024 08:58,Coventry,Olga Kassin,Large Flavoured iced latte - Caramel - 3.25,3.25,CARD,3029086449756677
18/12/2024 08:59,Coventry,Terry Harris,"Regular Flavoured iced latte - Caramel - 2.75, Large Iced latte - 2.85",5.6,CARD,4834247019314872
18/12/2024 09:00,Coventry,Tyrone Gordon,"Large Iced americano - 2.50, Regular Iced americano - 2.15, Large Flavoured hot chocolate - Hazelnut - 2.90",7.55,CASH,
18/12/2024 09:04,Coventry,Christine White,"Regular Speciality Tea - Camomile - 1.30, Large Iced americano - 2.50",3.8,CARD,4990838873573758
18/12/2024 09:07,Coventry,Susan Matson,"Regular Iced americano - 2.15, Regular Speciality Tea - Camomile - 1.30",3.45,CARD,9618953141532958
18/12/2024 09:11,Coventry,Sara Putnam,"Large Flavoured hot chocolate - Hazelnut - 2.90, Large Flavoured hot chocolate - Hazelnut - 2.90, Regular Iced americano - 2.15",7.95,CARD,7720262800715079
18/12/2024 09:14,Coventry,Barbara Byrd,Large Speciality Tea - Camomile - 1.60,1.6,CASH,
18/12/2024 09:18,Coventry,Jeffrey James,"Regular Flavoured iced latte - Caramel - 2.75, Large Iced latte - 2.85, Large Iced americano - 2.50, Large Speciality Tea - Camomile - 1.60, Large Flavoured hot chocolate - Hazelnut - 2.90",12.6,CARD,5886226324880546
18/12/2024 09:21,Coventry,Claire Billinger,"Regular Iced latte - 2.35, Large Iced latte - 2.85, Regular Flavoured iced latte - Caramel - 2.75, Regular Iced latte - 2.35",10.3,CARD,6201915023491634
18/12/2024 09:25,Coventry,Patrica Trexler,Large Iced latte - 2.85,2.85,CARD,5861719772233259
18/12/2024 09:28,Coventry,Rudy Miller,"Regular Iced latte - 2.35, Regular Flavoured hot chocolate - Hazelnut - 2.60, Large Iced latte - 2.85",7.8,CARD,2735336856953026
18/12/2024 09:32,Coventry,Earl Boyd,"Large Speciality Tea - Camomile - 1.60, Regular Flavoured hot chocolate - Hazelnut - 2.60, Regular Iced americano - 2.15, Regular Flavoured iced latte - Caramel - 2.75",9.1,CARD,1013564525880426
18/12/2024 09:36,Coventry,Erik Aleman,"Large Iced latte - 2.85, Large Flavoured hot chocolate - Hazelnut - 2.90",5.75,CASH,
18/12/2024 09:39,Coventry,Anthony Richardson,"Large Speciality Tea - Camomile - 1.60, Large Flavoured iced latte - Caramel - 3.25, Regular Flavoured iced latte - Caramel - 2.75, Large Flavoured iced latte - Caramel - 3.25",10.85,CARD,4485347037718397
18/12/2024 09:43,Coventry,Virginia Moreland,"Regular Flavoured hot chocolate - Hazelnut - 2.60, Regular Speciality Tea - Camomile - 1.30",3.9,CARD,6537870232109269
18/12/2024 09:46,Coventry,Juanita Rand,"Regular Speciality Tea - Camomile - 1.30, Large Iced latte - 2.85",4.15,CARD,9569860672101288
18/12/2024 09:50,Coventry,Cheri Walk,"Large Flavoured hot chocolate - Hazelnut - 2.90, Large Speciality Tea - Camomile - 1.60, Regular Flavoured hot chocolate - Hazelnut - 2.60",7.1,CASH,
18/12/2024 09:53,Coventry,Vanessa Avant,Large Flavoured hot chocolate - Hazelnut - 2.90,2.9,CARD,1915457237913171
18/12/2024 09:57,Coventry,Joshua Orlando,Large Flavoured iced latte - Caramel - 3.25,3.25,CASH,
18/12/2024 10:00,Coventry,Luther Corsaut,"Regular Flavoured iced latte - Caramel - 2.75, Regular Flavoured hot chocolate - Hazelnut - 2.60, Large Iced americano - 2.50, Large Speciality Tea - Camomile - 1.60",9.45,CARD,8417786141161458
18/12/2024 10:02,Coventry,Tyler Cuppernell,"Large Speciality Tea - Camomile - 1.60, Regular Speciality Tea - Camomile - 1.30, Large Iced americano - 2.50, Large Speciality Tea - Camomile - 1.60, Regular Flavoured hot chocolate - Hazelnut - 2.60",9.6,CASH,
18/12/2024 10:03,Coventry,John Moreno,"Regular Flavoured hot chocolate - Hazelnut - 2.60, Large Iced latte - 2.85, Regular Flavoured hot chocolate - Hazelnut - 2.60, Regular Iced latte - 2.35, Large Flavoured iced latte - Caramel - 3.25, Regular Iced latte - 2.35",16.0,CASH,
18/12/2024 10:05,Coventry,Veda Arias,Regular Iced americano - 2.15,2.15,CARD,3688777833871813
18/12/2024 10:06,Coventry,Jeremy Raso,"Regular Iced latte - 2.35, Regular Iced americano - 2.15, Large Flavoured hot chocolate - Hazelnut - 2.90, Regular Iced latte - 2.35",9.75,CASH,
18/12/2024 10:08,Coventry,Ruth Mefford,"Large Flavoured hot chocolate - Hazelnut - 2.90, Regular Iced latte - 2.35",5.25,CARD,4876560612984564
18/12/2024 10:09,Coventry,Louise Obradovich,"Regular Flavoured hot chocolate - Hazelnut - 2.60, Regular Flavoured iced latte - Caramel - 2.75, Large Flavoured iced latte - Caramel - 3.25, Large Iced latte - 2.85",11.45,CASH,
18/12/2024 10:11,Coventry,Louise Crittenden,"Regular Flavoured hot chocolate - Hazelnut - 2.60, Regular Iced latte - 2.35",4.95,CARD,8555860310529224
18/12/2024 10:12,Coventry,Brendan Garrett,Large Iced americano - 2.50,2.5,CASH,
18/12/2024 10:14,Coventry,Carolyn Bishop,Large Flavoured hot chocolate - Hazelnut - 2.90,2.9,CASH,
18/12/2024 10:15,Coventry,David Holland,"Regular Flavoured iced latte - Caramel - 2.75, Regular Flavoured iced latte - Caramel - 2.75, Large Flavoured hot chocolate - Hazelnut - 2.90",8.4,CARD,9567507892239683
18/12/2024 10:17,Coventry,Nancy Quiros,Large Iced americano - 2.50,2.5,CARD,4847213605531914
18/12/2024 10:18,Coventry,Brian Laravie,"Regular Iced latte - 2.35, Regular Iced latte - 2.35",4.7,CARD,5146612136065415
18/12/2024 10:20,Coventry,Stanley Mcgee,"Large Flavoured hot chocolate - Hazelnut - 2.90, Regular Iced latte - 2.35",5.25,CARD,4049558933610075
18/12/2024 10:21,Coventry,Harold Gordon,"Large Speciality Tea - Camomile - 1.60, Regular Flavoured hot chocolate - Hazelnut - 2.60",4.2,CASH,
18/12/2024 10:23,Coventry,Albert Skeels,Regular Flavoured hot chocolate - Hazelnut - 2.60,2.6,CARD,1104593468027371
18/12/2024 10:24,Coventry,Pamela Jefferis,"Large Iced latte - 2.85, Large Iced americano - 2.50",5.35,CASH,
18/12/2024 10:26,Coventry,Lloyd Thomas,"Large Flavoured iced latte - Caramel - 3.25, Large Speciality Tea - Camomile - 1.60",4.85,CARD,2926022292781285
18/12/2024 10:27,Coventry,Judi Lowell,"Large Iced latte - 2.85, Regular Speciality Tea - Camomile - 1.30",4.15,CARD,3580615719076805
18/12/2024 10:29,Coventry,Charles Balde,"Regular Iced latte - 2.35, Large Speciality Tea - Camomile - 1.60, Large Flavoured iced latte - Caramel - 3.25, Large Flavoured hot chocolate - Hazelnut - 2.90",10.1,CARD,3269779623085522
18/12/2024 10:30,Coventry,Raymond Derringer,"Large Flavoured iced latte - Caramel - 3.25, Large Iced americano - 2.50, Large Flavoured iced latte - Caramel - 3.25",9.0,CARD,6815310126011419
18/12/2024 10:32,Coventry,Dolores White,Regular Speciality Tea - Camomile - 1.30,1.3,CARD,1684603751852711
18/12/2024 10:33,Coventry,Charles Mccullough,Regular Iced latte - 2.35,2.35,CASH,
18/12/2024 10:35,Coventry,Charles Fletcher,"Regular Speciality Tea - Camomile - 1.30, Large Flavoured iced latte - Caramel - 3.25",4.55,CASH,
18/12/2024 10:36,Coventry,Michael Rick,"Large Speciality Tea - Camomile - 1.60, Large Iced latte - 2.85, Regular Flavoured iced latte - Caramel - 2.75, Regular Flavoured hot chocolate - Hazelnut - 2.60",9.8,CASH,
18/12/2024 10:38,Coventry,Jeffrey Garner,Regular Flavoured hot chocolate - Hazelnut - 2.60,2.6,CARD,8392562647595235
18/12/2024 10:39,Coventry,Ryan Roberts,"Regular Speciality Tea - Camomile - 1.30, Regular Speciality Tea - Camomile - 1.30, Regular Iced americano - 2.15",4.75,CARD,1671266059546961
18/12/2024 10:41,Coventry,Thomas Peterson,"Regular Iced latte - 2.35, Large Flavoured iced latte - Caramel - 3.25, Large Flavoured hot chocolate - Hazelnut - 2.90",8.5,CARD,1327744553116359
18/12/2024 10:42,Coventry,Ethel Lassiter,"Regular Flavoured hot chocolate - Hazelnut - 2.60, Regular Iced latte - 2.35, Large Flavoured iced latte - Caramel - 3.25, Regular Flavoured hot chocolate - Hazelnut - 2.60, Regular Flavoured hot chocolate - Hazelnut - 2.60, Large Iced latte - 2.85",16.25,CASH,
18/12/2024 10:44,Coventry,Emerson Newman,Large Iced americano - 2.50,2.5,CARD,2590322022611062
18/12/2024 10:45,Coventry,William Lewis,Regular Flavoured iced latte - Caramel - 2.75,2.75,CARD,8379662872627910
18/12/2024 10:47,Coventry,Johnny Aguilar,"Large Flavoured hot chocolate - Hazelnut - 2.90, Large Flavoured hot chocolate - Hazelnut - 2.90",5.8,CARD,3150133156023814
18/12/2024 10:48,Coventry,Harold Hill,"Regular Speciality Tea - Camomile - 1.30, Regular Flavoured iced latte - Caramel - 2.75, Regular Flavoured hot chocolate - Hazelnut - 2.60",6.65,CASH,
18/12/2024 10:50,Coventry,Sharon Brink,"Regular Speciality Tea - Camomile - 1.30, Large Flavoured iced latte - Caramel - 3.25, Large Iced americano - 2.50, Large Iced americano - 2.50",9.55,CARD,8936913942240978
18/12/2024 10:51,Coventry,Cory Mccoy,"Regular Iced americano - 2.15, Regular Flavoured iced latte - Caramel - 2.75",4.9,CARD,4106901835355879
18/12/2024 10:53,Coventry,Myrna Mathews,"Regular Iced americano - 2.15, Regular Flavoured hot chocolate - Hazelnut - 2.60",4.75,CASH,
18/12/2024 10:54,Coventry,John Whitaker,"Large Flavoured iced latte - Caramel - 3.25, Large Flavoured iced latte - Caramel - 3.25, Regular Iced latte - 2.35, Large Speciality Tea - Camomile - 1.60, Large Iced americano - 2.50, Large Speciality Tea - Camomile - 1.60",14.55,CARD,3306716501017168
18/12/2024 10:56,Coventry,Morris Norwood,"Regular Flavoured hot chocolate - Hazelnut - 2.60, Regular Flavoured iced latte - Caramel - 2.75",5.35,CARD,6862572634593952
18/12/2024 10:57,Coventry,Edgar Brown,Regular Iced americano - 2.15,2.15,CARD,3952802402863713
18/12/2024 10:59,Coventry,Jason Byles,Regular Iced latte - 2.35,2.35,CASH,
18/12/2024 11:00,Coventry,Portia Bardin,"Regular Speciality Tea - Camomile - 1.30, Regular Iced americano - 2.15, Regular Iced americano - 2.15, Large Flavoured hot chocolate - Hazelnut - 2.90",8.5,CARD,5259955125652565
18/12/2024 11:04,Coventry,Andrew Brinson,"Regular Flavoured hot chocolate - Hazelnut - 2.60, Large Flavoured hot chocolate - Hazelnut - 2.90",5.5,CARD,8337420628931847
18/12/2024 11:08,Coventry,Philip Wight,"Large Iced americano - 2.50, Regular Iced americano - 2.15, Regular Iced americano - 2.15, Regular Flavoured iced latte - Caramel - 2.75",9.55,CASH,
18/12/2024 11:11,Coventry,Guillermina Harmon,"Regular Flavoured iced latte - Caramel - 2.75, Large Iced americano - 2.50, Regular Flavoured hot chocolate - Hazelnut - 2.60, Regular Iced latte - 2.35",10.2,CARD,2667952643451414
18/12/2024 11:15,Coventry,Victoria Garcia,"Large Flavoured iced latte - Caramel - 3.25, Large Iced latte - 2.85, Regular Iced latte - 2.35, Regular Speciality Tea - Camomile - 1.30",9.75,CASH,
18/12/2024 11:19,Coventry,Sonja Gatewood,"Large Flavoured hot chocolate - Hazelnut - 2.90, Large Speciality Tea - Camomile - 1.60",4.5,CARD,3361897672009250
18/12/2024 11:23,Coventry,Joshua Wade,"Large Flavoured iced latte - Caramel - 3.25, Large Flavoured hot chocolate - Hazelnut - 2.90",6.15,CARD,9974258297242921
18/12/2024 11:26,Coventry,Anthony Doverspike,"Regular Iced americano - 2.15, Large Flavoured iced latte - Caramel - 3.25, Large Iced americano - 2.50, Regular Speciality Tea - Camomile - 1.30",9.2,CARD,9899433432283297
18/12/2024 11:30,Coventry,Lucy Hebert,"Large Speciality Tea - Camomile - 1.60, Large Flavoured hot chocolate - Hazelnut - 2.90, Large Flavoured iced latte - Caramel - 3.25, Regular Flavoured iced latte - Caramel - 2.75",10.5,CARD,6969499222766573
18/12/2024 11:34,Coventry,Kelly Rapelyea,"Large Iced latte - 2.85, Large Speciality Tea - Camomile - 1.60, Large Flavoured iced latte - Caramel - 3.25",7.7,CASH,
18/12/2024 11:38,Coventry,Ralph Desotel,"Large Speciality Tea - Camomile - 1.60, Large Iced latte - 2.85, Regular Speciality Tea - Camomile - 1.30",5.75,CARD,7584078840115039
18/12/2024 11:41,Coventry,Louise Warden,"Regular Flavoured iced latte - Caramel - 2.75, Large Iced americano - 2.50, Large Flavoured iced latte - Caramel - 3.25, Large Flavoured hot chocolate - Hazelnut - 2.90, Large Flavoured hot chocolate - Hazelnut - 2.90, Regular Iced americano - 2.15",16.45,CASH,
18/12/2024 11:45,Coventry,James Gonzalez,Regular Flavoured hot chocolate - Hazelnut - 2.60,2.6,CARD,2191812504652538
18/12/2024 11:49,Coventry,Robert Ramsey,"Large Iced americano - 2.50, Large Flavoured hot chocolate - Hazelnut - 2.90, Regular Iced americano - 2.15",7.55,CASH,
18/12/2024 11:53,Coventry,Daniel Saroop,"Regular Speciality Tea - Camomile - 1.30, Large Flavoured iced latte - Caramel - 3.25, Large Iced latte - 2.85, Regular Iced americano - 2.15",9.55,CARD,5994230503889166
18/12/2024 11:56,Coventry,Shawn Ledford,"Large Iced americano - 2.50, Large Speciality Tea - Camomile - 1.60",4.1,CARD,8497556277562092
18/12/2024 12:00,Coventry,Jeffrey Gormley,Regular Iced americano - 2.15,2.15,CARD,2487531796829188
18/12/2024 12:02,Coventry,Alex Blacklock,"Regular Speciality Tea - Camomile - 1.30, Regular Flavoured hot chocolate - Hazelnut - 2.60, Regular Iced americano - 2.15, Large Iced americano - 2.50",8.55,CARD,4609336213283884
18/12/2024 12:03,Coventry,Doris Morrow,Large Iced americano - 2.50,2.5,CARD,9210642392718974
18/12/2024 12:05,Coventry,Joyce Hibert,"Large Flavoured iced latte - Caramel - 3.25, Large Flavoured iced latte - Caramel - 3.25, Regular Flavoured hot chocolate - Hazelnut - 2.60, Regular Flavoured iced latte - Caramel - 2.75, Regular Flavoured hot chocolate - Hazelnut - 2.60, Regular Speciality Tea - Camomile - 1.30",15.75,CARD,4154200052477445
18/12/2024 12:07,Coventry,Elvira Parker,"Regular Iced latte - 2.35, Large Flavoured hot chocolate - Hazelnut - 2.90",5.25,CARD,4746607952784975
18/12/2024 12:08,Coventry,Donald Dungey,"Large Iced americano - 2.50, Regular Iced americano - 2.15, Regular Iced americano - 2.15",6.8,CARD,4953550066054639
18/12/2024 12:10,Coventry,Jose Mahon,Large Flavoured iced latte - Caramel - 3.25,3.25,CASH,
18/12/2024 12:12,Coventry,John Rios,"Large Iced americano - 2.50, Large Iced americano - 2.50",5.0,CASH,
18/12/2024 12:13,Coventry,Amanda Jordan,"Regular Iced latte - 2.35, Regular Flavoured hot chocolate - Hazelnut - 2.60, Large Flavoured hot chocolate - Hazelnut - 2.90, Regular Flavoured hot chocolate - Hazelnut - 2.60, Regular Iced americano - 2.15",12.6,CARD,6726972985296035
18/12/2024 12:15,Coventry,Kenneth Lear,Large Iced latte - 2.85,2.85,CARD,7036629445260316
18/12/2024 12:17,Coventry,Nichole Smith,Regular Flavoured hot chocolate - Hazelnut - 2.60,2.6,CARD,6584231705905099
18/12/2024 12:18,Coventry,Marian Pigeon,"Large Flavoured iced latte - Caramel - 3.25, Regular Iced americano - 2.15",5.4,CARD,1043997034075388
18/12/2024 12:20,Coventry,Carolyn Coelho,"Large Iced latte - 2.85, Regular Iced latte - 2.35",5.2,CASH,
18/12/2024 12:22,Coventry,Benjamin Moon,"Regular Flavoured hot chocolate - Hazelnut - 2.60, Large Speciality Tea - Camomile - 1.60, Regular Flavoured iced latte - Caramel - 2.75",6.95,CARD,5307999323515441
18/12/2024 12:23,Coventry,Kevin Camilo,"Large Iced americano - 2.50, Regular Flavoured hot chocolate - Hazelnut - 2.60, Large Flavoured iced latte - Caramel - 3.25, Regular Speciality Tea - Camomile - 1.30",9.65,CASH,
18/12/2024 12:25,Coventry,Jeffrey Cooper,Regular Iced latte - 2.35,2.35,CARD,4089786491281489
18/12/2024 12:27,Coventry,Michael Kocher,"Regular Flavoured iced latte - Caramel - 2.75, Large Iced americano - 2.50",5.25,CARD,4007982071076828
18/12/2024 12:28,Coventry,Irving Odonnell,"Regular Iced latte - 2.35, Large Flavoured hot chocolate - Hazelnut - 2.90",5.25,CARD,7549822349408054
18/12/2024 12:30,Coventry,Anne Welch,"Large Iced latte - 2.85, Regular Flavoured hot chocolate - Hazelnut - 2.60, Large Speciality Tea - Camomile - 1.60, Regular Iced latte - 2.35, Regular Iced americano - 2.15",11.55,CASH,
18/12/2024 12:32,Coventry,Christopher Stephens,"Large Flavoured hot chocolate - Hazelnut - 2.90, Large Iced latte - 2.85, Regular Flavoured iced latte - Caramel - 2.75",8.5,CASH,
18/12/2024 12:33,Coventry,Mary Ping,"Regular Iced americano - 2.15, Large Flavoured iced latte - Caramel - 3.25",5.4,CARD,8480844181624480
18/12/2024 12:35,Coventry,Shane Mills,"Large Iced americano - 2.50, Regular Speciality Tea - Camomile - 1.30",3.8,CARD,1176243677617341
18/12/2024 12:37,Coventry,Ashley Schattner,"Large Iced latte - 2.85, Large Iced americano - 2.50",5.35,CARD,3561177217132099
18/12/2024 12:38,Coventry,Gay Crowe,Large Iced latte - 2.85,2.85,CARD,3444638210581688
18/12/2024 12:40,Coventry,Walter Springer,"Regular Speciality Tea - Camomile - 1.30, Regular Flavoured iced latte - Caramel - 2.75",4.05,CARD,6034439459269405
18/12/2024 12:42,Coventry,Derrick Robledo,"Large Flavoured iced latte - Caramel - 3.25, Large Flavoured iced latte - Caramel - 3.25",6.5,CARD,3472645462276524
18/12/2024 12:43,Coventry,Catherine Ledbetter,"Large Iced latte - 2.85, Large Iced latte - 2.85",5.7,CARD,1022272558513676
18/12/2024 12:45,Coventry,Judy Summers,"Large Speciality Tea - Camomile - 1.60, Regular Speciality Tea - Camomile - 1.30",2.9,CARD,4847060746968519
18/12/2024 12:47,Coventry,Sarita Rodriquez,"Regular Flavoured iced latte - Caramel - 2.75, Large Speciality Tea - Camomile - 1.60, Regular Flavoured hot chocolate - Hazelnut - 2.60, Regular Flavoured iced latte - Caramel - 2.75, Large Flavoured hot chocolate - Hazelnut - 2.90, Large Iced latte - 2.85",15.45,CARD,5323614984361993
18/12/2024 12:48,Coventry,Karen Nunez,"Large Flavoured hot chocolate - Hazelnut - 2.90, Regular Flavoured hot chocolate - Hazelnut - 2.60",5.5,CARD,4100364933559178
18/12/2024 12:50,Coventry,Kevin Gambrell,"Regular Iced latte - 2.35, Large Flavoured hot chocolate - Hazelnut - 2.90, Large Iced americano - 2.50",7.75,CASH,
18/12/2024 12:52,Coventry,Theodore Woods,"Regular Iced americano - 2.15, Large Iced latte - 2.85",5.0,CARD,5625223083575766
18/12/2024 12:53,Coventry,Geraldine Miller,"Regular Iced americano - 2.15, Regular Flavoured iced latte - Caramel - 2.75, Large Flavoured iced latte - Caramel - 3.25",8.15,CASH,
18/12/2024 12:55,Coventry,Colby Hart,Regular Speciality Tea - Camomile - 1.30,1.3,CARD,1469780029108519
18/12/2024 12:57,Coventry,Rose Nicholas,Regular Flavoured iced latte - Caramel - 2.75,2.75,CARD,6253130536147951
18/12/2024 12:58,Coventry,Patrica Decoteau,"Large Speciality Tea - Camomile - 1.60, Regular Iced latte - 2.35, Large Flavoured iced latte - Caramel - 3.25",7.2,CARD,8265612087847520
18/12/2024 13:00,Coventry,Barbara Krumholz,"Large Flavoured iced latte - Caramel - 3.25, Large Iced americano - 2.50",5.75,CARD,9624440894761909
18/12/2024 13:01,Coventry,Stephanie Saba,"Large Speciality Tea - Camomile - 1.60, Regular Iced americano - 2.15, Regular Iced latte - 2.35",6.1,CARD,7060964720171233
18/12/2024 13:02,Coventry,Frances Koenig,"Large Iced americano - 2.50, Large Iced americano - 2.50, Large Flavoured hot chocolate - Hazelnut - 2.90",7.9,CASH,
18/12/2024 13:03,Coventry,Rosemary Risbeck,"Large Iced latte - 2.85, Large Iced latte - 2.85, Regular Iced latte - 2.35, Regular Flavoured hot chocolate - Hazelnut - 2.60, Large Flavoured iced latte - Caramel - 3.25, Regular Flavoured hot chocolate - Hazelnut - 2.60",16.5,CARD,6506039270615071
18/12/2024 13:04,Coventry,Paul Seybold,"Large Speciality Tea - Camomile - 1.60, Large Flavoured iced latte - Caramel - 3.25",4.85,CASH,
18/12/2024 13:04,Coventry,Sergio Rubottom,Regular Speciality Tea - Camomile - 1.30,1.3,CARD,1272591671011725
18/12/2024 13:05,Coventry,Mary Mason,"Regular Iced latte - 2.35, Regular Iced latte - 2.35, Large Iced latte - 2.85, Large Iced americano - 2.50",10.05,CASH,
18/12/2024 13:06,Coventry,Peter Lowery,"Large Flavoured hot chocolate - Hazelnut - 2.90, Large Flavoured hot chocolate - Hazelnut - 2.90, Large Flavoured hot chocolate - Hazelnut - 2.90",8.7,CARD,3034974662777715
18/12/2024 13:07,Coventry,Christy Diaz,"Large Speciality Tea - Camomile - 1.60, Regular Iced americano - 2.15, Large Iced latte - 2.85, Regular Flavoured hot chocolate - Hazelnut - 2.60, Large Flavoured hot chocolate - Hazelnut - 2.90",12.1,CARD,6404482313411678
18/12/2024 13:08,Coventry,Robert Clark,"Regular Speciality Tea - Camomile - 1.30, Large Iced americano - 2.50",3.8,CASH,
18/12/2024 13:09,Coventry,Amy Ely,"Large Iced americano - 2.50, Regular Iced latte - 2.35",4.85,CASH,
18/12/2024 13:09,Coventry,Kyle Williams,Large Iced americano - 2.50,2.5,CASH,
18/12/2024 13:10,Coventry,Joetta Primavera,"Regular Speciality Tea - Camomile - 1.30, Large Flavoured hot chocolate - Hazelnut - 2.90",4.2,CASH,
18/12/2024 13:11,Coventry,Cindy Rhodes,Regular Iced americano - 2.15,2.15,CASH,
18/12/2024 13:12,Coventry,Virgil Cavaliero,"Regular Flavoured iced latte - Caramel - 2.75, Large Iced latte - 2.85, Large Iced latte - 2.85",8.45,CARD,7801157201767289
18/12/2024 13:13,Coventry,Norma Harrison,"Regular Iced latte - 2.35, Regular Flavoured iced latte - Caramel - 2.75",5.1,CARD,6275240981877159
18/12/2024 13:14,Coventry,Billy Miller,"Large Flavoured hot chocolate - Hazelnut - 2.90, Large Iced americano - 2.50",5.4,CASH,
18/12/2024 13:15,Coventry,Jane Bui,"Regular Flavoured iced latte - Caramel - 2.75, Regular Iced latte - 2.35, Regular Iced latte - 2.35, Large Speciality Tea - Camomile - 1.60, Large Iced americano - 2.50",11.55,CARD,9449960364983203
18/12/2024 13:15,Coventry,Timothy Kropf,Regular Flavoured hot chocolate - Hazelnut - 2.60,2.6,CASH,
18/12/2024 13:16,Coventry,Anna Bogdan,"Large Iced latte - 2.85, Regular Flavoured iced latte - Caramel - 2.75",5.6,CARD,6013143747828844
18/12/2024 13:17,Coventry,Virginia Donovan,"Large Flavoured iced latte - Caramel - 3.25, Large Flavoured hot chocolate - Hazelnut - 2.90, Regular Flavoured hot chocolate - Hazelnut - 2.60",8.75,CARD,6597820885830161
18/12/2024 13:18,Coventry,Robert Payton,"Regular Speciality Tea - Camomile - 1.30, Regular Flavoured hot chocolate - Hazelnut - 2.60, Large Iced latte - 2.85, Regular Flavoured iced latte - Caramel - 2.75, Large Flavoured iced latte - Caramel - 3.25",12.75,CASH,
18/12/2024 13:19,Coventry,Carmelita Legace,"Large Speciality Tea - Camomile - 1.60, Large Iced americano - 2.50",4.1,CASH,
18/12/2024 13:20,Coventry,Paul Noel,"Large Flavoured iced latte - Caramel - 3.25, Regular Flavoured hot chocolate - Hazelnut - 2.60, Regular Speciality Tea - Camomile - 1.30",7.15,CARD,3706822087470494
18/12/2024 13:21,Coventry,Charles Hoppe,"Regular Iced latte - 2.35, Large Speciality Tea - Camomile - 1.60",3.95,CARD,7716217190542858
18/12/2024 13:21,Coventry,William Hansen,"Large Iced americano - 2.50, Regular Iced americano - 2.15, Large Speciality Tea - Camomile - 1.60, Large Flavoured hot chocolate - Hazelnut - 2.90, Large Iced latte - 2.85",12.0,CARD,2463084865143484
18/12/2024 13:22,Coventry,Ray Brown,"Regular Flavoured iced latte - Caramel - 2.75, Large Flavoured hot chocolate - Hazelnut - 2.90",5.65,CARD,3235620465549104
18/12/2024 13:23,Coventry,Timothy Foster,"Large Iced latte - 2.85, Regular Iced americano - 2.15, Large Flavoured hot chocolate - Hazelnut - 2.90, Regular Iced latte - 2.35, Regular Speciality Tea - Camomile - 1.30",11.55,CARD,6636812454078911
18/12/2024 13:24,Coventry,James Triplett,"Regular Flavoured iced latte - Caramel - 2.75, Regular Iced latte - 2.35",5.1,CASH,
18/12/2024 13:25,Coventry,Harold Henry,"Regular Speciality Tea - Camomile - 1.30, Large Flavoured hot chocolate - Hazelnut - 2.90, Large Iced americano - 2.50, Regular Flavoured hot chocolate - Hazelnut - 2.60",9.3,CARD,4011013887450984
18/12/2024 13:26,Coventry,Rick Moore,"Regular Flavoured hot chocolate - Hazelnut - 2.60, Large Flavoured iced latte - Caramel - 3.25, Regular Flavoured iced latte - Caramel - 2.75, Large Iced latte - 2.85",11.45,CARD,2327055383081164
18/12/2024 13:26,Coventry,Jose Blair,Large Flavoured hot chocolate - Hazelnut - 2.90,2.9,CARD,8189754091773067
18/12/2024 13:27,Coventry,Margaret Barnes,"Large Iced americano - 2.50, Large Iced latte - 2.85, Large Iced americano - 2.50",7.85,CARD,4732799176122097
18/12/2024 13:28,Coventry,Aileen Warden,Regular Iced americano - 2.15,2.15,CARD,3082126435920245
18/12/2024 13:29,Coventry,Paul Grimes,"Regular Flavoured hot chocolate - Hazelnut - 2.60, Large Flavoured iced latte - Caramel - 3.25, Regular Iced latte - 2.35, Regular Iced latte - 2.35, Large Flavoured hot chocolate - Hazelnut - 2.90",13.45,CASH,
18/12/2024 13:30,Coventry,Jennifer Rooney,"Regular Flavoured iced latte - Caramel - 2.75, Regular Iced americano - 2.15, Regular Flavoured hot chocolate - Hazelnut - 2.60, Large Flavoured iced latte - Caramel - 3.25, Regular Speciality Tea - Camomile - 1.30, Large Speciality Tea - Camomile - 1.60",13.65,CARD,6077831507795013
18/12/2024 13:31,Coventry,Richard Sutton,Large Flavoured hot chocolate - Hazelnut - 2.90,2.9,CARD,7809511633541354
18/12/2024 13:32,Coventry,April Mohler,"Regular Iced americano - 2.15, Large Flavoured hot chocolate - Hazelnut - 2.90, Regular Iced latte - 2.35, Large Flavoured hot chocolate - Hazelnut - 2.90",10.3,CARD,1476159308904522
18/12/2024 13:32,Coventry,Ronald Marrero,"Regular Speciality Tea - Camomile - 1.30, Large Flavoured hot chocolate - Hazelnut - 2.90, Regular Iced latte - 2.35, Large Flavoured iced latte - Caramel - 3.25",9.8,CASH,
18/12/2024 13:33,Coventry,Gregory Stansbery,"Regular Flavoured iced latte - Caramel - 2.75, Regular Speciality Tea - Camomile - 1.30, Regular Flavoured iced latte - Caramel - 2.75, Regular Iced americano - 2.15, Regular Flavoured iced latte - Caramel - 2.75, Large Iced americano - 2.50",14.2,CASH,
18/12/2024 13:34,Coventry,Sharon Ray,"Regular Iced americano - 2.15, Large Flavoured hot chocolate - Hazelnut - 2.90",5.05,CARD,4827126697517946
18/12/2024 13:35,Coventry,Betty Damelio,"Large Speciality Tea - Camomile - 1.60, Large Speciality Tea - Camomile - 1.60, Large Flavoured hot chocolate - Hazelnut - 2.90, Regular Flavoured iced latte - Caramel - 2.75",8.85,CARD,3565428807403976
18/12/2024 13:36,Coventry,Joseph Means,"Large Iced latte - 2.85, Large Flavoured hot chocolate - Hazelnut - 2.90, Large Flavoured hot chocolate - Hazelnut - 2.90, Regular Iced americano - 2.15",10.8,CARD,7422511296050712
18/12/2024 13:37,Coventry,Dorothy Rasmussen,"Regular Iced americano - 2.15, Large Flavoured hot chocolate - Hazelnut - 2.90",5.05,CASH,
18/12/2024 13:38,Coventry,Leo Waters,"Regular Speciality Tea - Camomile - 1.30, Regular Flavoured hot chocolate - Hazelnut - 2.60, Regular Iced latte - 2.35",6.25,CARD,2065346962188769
18/12/2024 13:38,Coventry,Elsie Lively,"Regular Flavoured hot chocolate - Hazelnut - 2.60, Regular Iced latte - 2.35, Regular Iced americano - 2.15, Regular Iced americano - 2.15, Large Speciality Tea - Camomile - 1.60",10.85,CARD,9999896795063316
18/12/2024 13:39,Coventry,Mel Smith,Regular Flavoured iced latte - Caramel - 2.75,2.75,CARD,5608444579558919
18/12/2024 13:40,Coventry,Kerry Norton,"Regular Iced americano - 2.15, Large Flavoured hot chocolate - Hazelnut - 2.90, Regular Flavoured iced latte - Caramel - 2.75, Large Speciality Tea - Camomile - 1.60, Large Iced latte - 2.85",12.25,CARD,9672399358039574
18/12/2024 13:41,Coventry,Tracy Magic,"Large Iced latte - 2.85, Regular Flavoured iced latte - Caramel - 2.75, Regular Iced americano - 2.15",7.75,CARD,4899987108750852
18/12/2024 13:42,Coventry,Glen Gallagher,"Regular Iced americano - 2.15, Regular Iced americano - 2.15",4.3,CASH,
18/12/2024 13:43,Coventry,Thomas Tibbs,Regular Iced latte - 2.35,2.35,CARD,8837205301807073
18/12/2024 13:43,Coventry,Marina Hassinger,"Regular Flavoured iced latte - Caramel - 2.75, Regular Flavoured hot chocolate - Hazelnut - 2.60, Large Speciality Tea - Camomile - 1.60",6.95,CARD,8034302755454704
18/12/2024 13:44,Coventry,Cara Heise,"Large Flavoured hot chocolate - Hazelnut - 2.90, Large Iced latte - 2.85, Regular Flavoured hot chocolate - Hazelnut - 2.60, Large Iced latte - 2.85",11.2,CASH,
18/12/2024 13:45,Coventry,Roberto Sutton,"Regular Iced latte - 2.35, Large Flavoured hot chocolate - Hazelnut - 2.90, Large Flavoured hot chocolate - Hazelnut - 2.90",8.15,CASH,
18/12/2024 13:46,Coventry,Jody Wilson,Regular Flavoured hot chocolate - Hazelnut - 2.60,2.6,CARD,7406683951974584
18/12/2024 13:47,Coventry,Anna Kimble,"Large Speciality Tea - Camomile - 1.60, Regular Flavoured iced latte - Caramel - 2.75",4.35,CASH,
18/12/2024 13:48,Coventry,Paula Mcclendon,"Regular Iced americano - 2.15, Regular Flavoured hot chocolate - Hazelnut - 2.60, Regular Iced americano - 2.15",6.9,CASH,
18/12/2024 13:49,Coventry,Leslie Hayes,"Large Flavoured iced latte - Caramel - 3.25, Large Iced latte - 2.85",6.1,CASH,
18/12/2024 13:49,Coventry,Rufus Sullivan,"Regular Iced latte - 2.35, Large Iced latte - 2.85",5.2,CASH,
18/12/2024 13:50,Coventry,Lynn Block,Large Iced americano - 2.50,2.5,CASH,
18/12/2024 13:51,Coventry,Jennifer Polo,"Regular Flavoured hot chocolate - Hazelnut - 2.60, Large Iced latte - 2.85, Regular Flavoured iced latte - Caramel - 2.75",8.2,CARD,4375338323942838
18/12/2024 13:52,Coventry,Viola Locke,Regular Speciality Tea - Camomile - 1.30,1.3,CASH,
18/12/2024 13:53,Coventry,Florence Vega,Large Speciality Tea - Camomile - 1.60,1.6,CARD,9385856964260685
18/12/2024 13:54,Coventry,Bill Cardenas,"Regular Flavoured iced latte - Caramel - 2.75, Large Iced americano - 2.50",5.25,CARD,3035118103032438
18/12/2024 13:55,Coventry,Arthur Seaton,"Regular Speciality Tea - Camomile - 1.30, Large Flavoured iced latte - Caramel - 3.25",4.55,CARD,2494440548053903
18/12/2024 13:55,Coventry,Ruthie Williams,"Large Speciality Tea - Camomile - 1.60, Large Flavoured iced latte - Caramel - 3.25",4.85,CASH,
18/12/2024 13:56,Coventry,Marcus Hogen,"Regular Speciality Tea - Camomile - 1.30, Large Iced latte - 2.85, Large Flavoured hot chocolate - Hazelnut - 2.90, Large Speciality Tea - Camomile - 1.60",8.65,CARD,9592063104698687
18/12/2024 13:57,Coventry,Robert Wentz,"Regular Flavoured hot chocolate - Hazelnut - 2.60, Regular Iced americano - 2.15",4.75,CARD,2066744430731920
18/12/2024 13:58,Coventry,Sally Hite,"Regular Iced americano - 2.15, Regular Iced americano - 2.15",4.3,CARD,7382849390899936
18/12/2024 13:59,Coventry,Roy Doty,"Regular Speciality Tea - Camomile - 1.30, Regular Flavoured hot chocolate - Hazelnut - 2.60, Regular Flavoured iced latte - Caramel - 2.75",6.65,CARD,2829125499176944
18/12/2024 14:00,Coventry,Alberta Wynn,Regular Iced latte - 2.35,2.35,CARD,3823372930191400
18/12/2024 14:01,Coventry,David Chapman,Large Flavoured iced latte - Caramel - 3.25,3.25,CARD,3657968221715765
18/12/2024 14:02,Coventry,Sarah Schnipper,"Regular Flavoured iced latte - Caramel - 2.75, Regular Flavoured iced latte - Caramel - 2.75, Large Flavoured hot chocolate - Hazelnut - 2.90",8.4,CARD,6644509456238453
18/12/2024 14:03,Coventry,Stacy Crawford,"Large Iced latte - 2.85, Regular Iced americano - 2.15, Large Speciality Tea - Camomile - 1.60",6.6,CARD,3091999429719294
18/12/2024 14:04,Coventry,James Bellantoni,"Regular Iced americano - 2.15, Large Speciality Tea - Camomile - 1.60",3.75,CASH,
18/12/2024 14:05,Coventry,Beatrice Spencer,"Regular Flavoured hot chocolate - Hazelnut - 2.60, Large Flavoured hot chocolate - Hazelnut - 2.90, Large Flavoured iced latte - Caramel - 3.25",8.75,CARD,8975498649371045
18/12/2024 14:06,Coventry,Jill Covington,"Large Speciality Tea - Camomile - 1.60, Regular Flavoured hot chocolate - Hazelnut - 2.60, Regular Iced americano - 2.15",6.35,CARD,6197124775631872
18/12/2024 14:08,Coventry,Anthony Lounsbury,"Regular Flavoured iced latte - Caramel - 2.75, Regular Flavoured iced latte - Caramel - 2.75",5.5,CASH,
18/12/2024 14:09,Coventry,Valentina Miller,Large Iced americano - 2.50,2.5,CARD,7340171403061304
18/12/2024 14:10,Coventry,Curtis Mccormick,"Large Speciality Tea - Camomile - 1.60, Large Iced latte - 2.85",4.45,CARD,4335967371577479
18/12/2024 14:11,Coventry,Benjamin Denery,Large Flavoured iced latte - Caramel - 3.25,3.25,CARD,9631347561811360
18/12/2024 14:12,Coventry,Wilford Howard,"Large Iced americano - 2.50, Large Flavoured hot chocolate - Hazelnut - 2.90, Large Iced americano - 2.50",7.9,CASH,
18/12/2024 14:13,Coventry,Garrett Heinz,"Large Flavoured hot chocolate - Hazelnut - 2.90, Regular Iced latte - 2.35, Regular Speciality Tea - Camomile - 1.30, Regular Speciality Tea - Camomile - 1.30",7.85,CARD,7674834805134368
18/12/2024 14:14,Coventry,Michael Mccoy,"Large Iced latte - 2.85, Large Speciality Tea - Camomile - 1.60, Large Flavoured iced latte - Caramel - 3.25",7.7,CASH,
18/12/2024 14:15,Coventry,Tammy Jimenez,"Regular Iced latte - 2.35, Large Flavoured iced latte - Caramel - 3.25, Large Flavoured hot chocolate - Hazelnut - 2.90",8.5,CARD,1892358753991813
18/12/2024 14:17,Coventry,Joe Chapman,"Regular Iced latte - 2.35, Large Flavoured hot chocolate - Hazelnut - 2.90, Large Flavoured hot chocolate - Hazelnut - 2.90, Regular Iced americano - 2.15, Regular Iced latte - 2.35",12.65,CARD,2502600355468685
18/12/2024 14:18,Coventry,Frank Bell,"Large Iced americano - 2.50, Regular Flavoured iced latte - Caramel - 2.75, Regular Speciality Tea - Camomile - 1.30, Regular Flavoured iced latte - Caramel - 2.75",9.3,CASH,
18/12/2024 14:19,Coventry,Jay Trevino,"Large Speciality Tea - Camomile - 1.60, Large Iced latte - 2.85",4.45,CASH,
18/12/2024 14:20,Coventry,Sara Leonardo,"Regular Flavoured iced latte - Caramel - 2.75, Large Iced americano - 2.50",5.25,CARD,4593542763518954
18/12/2024 14:21,Coventry,Mark Lawrence,Regular Iced americano - 2.15,2.15,CARD,6881568031968487
18/12/2024 14:22,Coventry,Randall Long,"Large Flavoured hot chocolate - Hazelnut - 2.90, Large Iced americano - 2.50, Regular Flavoured hot chocolate - Hazelnut - 2.60",8.0,CARD,3688244883926977
18/12/2024 14:23,Coventry,Mercedes Brown,Large Flavoured iced latte - Caramel - 3.25,3.25,CARD,8534743776716738
18/12/2024 14:24,Coventry,Deborah Webb,"Large Iced americano - 2.50, Regular Flavoured iced latte - Caramel - 2.75, Regular Speciality Tea - Camomile - 1.30",6.55,CARD,2599647531392781
18/12/2024 14:26,Coventry,Marilyn Brown,"Regular Flavoured iced latte - Caramel - 2.75, Regular Flavoured hot chocolate - Hazelnut - 2.60",5.35,CARD,7391531904686712
18/12/2024 14:27,Coventry,Maria Watkins,"Large Iced latte - 2.85, Large Iced latte - 2.85, Large Iced americano - 2.50, Large Flavoured hot chocolate - Hazelnut - 2.90",11.1,CARD,1766160204170194
18/12/2024 14:28,Coventry,Billy Schmidt,"Large Iced americano - 2.50, Regular Flavoured iced latte - Caramel - 2.75, Regular Iced americano - 2.15, Large Speciality Tea - Camomile - 1.60, Regular Flavoured iced latte - Caramel - 2.75",11.75,CASH,
18/12/2024 14:29,Coventry,Theodore Mcmillen,Large Speciality Tea - Camomile - 1.60,1.6,CARD,7978162466301247
18/12/2024 14:30,Coventry,Megan Carlson,"Large Flavoured hot chocolate - Hazelnut - 2.90, Regular Flavoured iced latte - Caramel - 2.75",5.65,CASH,
18/12/2024 14:31,Coventry,Gerard Teague,"Large Flavoured hot chocolate - Hazelnut - 2.90, Regular Speciality Tea - Camomile - 1.30, Large Speciality Tea - Camomile - 1.60, Regular Iced americano - 2.15",7.95,CARD,8745004299743770
18/12/2024 14:32,Coventry,Floyd Williams,"Regular Iced latte - 2.35, Regular Flavoured hot chocolate - Hazelnut - 2.60, Large Flavoured iced latte - Caramel - 3.25",8.2,CASH,
18/12/2024 14:33,Coventry,Willie Crittenden,"Large Flavoured iced latte - Caramel - 3.25, Large Flavoured hot chocolate - Hazelnut - 2.90, Regular Flavoured hot chocolate - Hazelnut - 2.60",8.75,CARD,5968343608807609
18/12/2024 14:35,Coventry,Felicia Johnson,"Large Flavoured hot chocolate - Hazelnut - 2.90, Regular Speciality Tea - Camomile - 1.30, Regular Iced americano - 2.15",6.35,CARD,2839263309735728
18/12/2024 14:36,Coventry,Jose Tew,Regular Flavoured hot chocolate - Hazelnut - 2.60,2.6,CARD,7561044528681721
18/12/2024 14:37,Coventry,Betty Baucum,"Regular Flavoured iced latte - Caramel - 2.75, Regular Iced americano - 2.15, Large Flavoured hot chocolate - Hazelnut - 2.90, Regular Iced americano - 2.15",9.95,CASH,
18/12/2024 14:38,Coventry,Daryl Sampieri,"Large Flavoured iced latte - Caramel - 3.25, Regular Flavoured hot chocolate - Hazelnut - 2.60, Large Iced americano - 2.50, Regular Iced americano - 2.15, Large Iced americano - 2.50",13.0,CARD,2816225064617554
18/12/2024 14:39,Coventry,Richard Ellis,Regular Flavoured hot chocolate - Hazelnut - 2.60,2.6,CARD,4768330132668491
18/12/2024 14:40,Coventry,Virginia Mancias,"Large Iced latte - 2.85, Large Flavoured iced latte - Caramel - 3.25, Large Flavoured iced latte - Caramel - 3.25, Regular Flavoured iced latte - Caramel - 2.75",12.1,CARD,9623210124750528
18/12/2024 14:41,Coventry,Bernice Peterson,"Large Iced americano - 2.50, Regular Flavoured iced latte - Caramel - 2.75, Regular Flavoured iced latte - Caramel - 2.75",8.0,CARD,7634631375935851
18/12/2024 14:42,Coventry,Barry Avery,"Regular Flavoured iced latte - Caramel - 2.75, Large Speciality Tea - Camomile - 1.60",4.35,CARD,1340336538367394
18/12/2024 14:44,Coventry,Cecelia Chick,"Regular Speciality Tea - Camomile - 1.30, Regular Flavoured hot chocolate - Hazelnut - 2.60",3.9,CARD,7744047241441740
18/12/2024 14:45,Coventry,James Busk,"Regular Flavoured iced latte - Caramel - 2.75, Regular Flavoured hot chocolate - Hazelnut - 2.60",5.35,CASH,
18/12/2024 14:46,Coventry,Stewart Simons,"Regular Flavoured hot chocolate - Hazelnut - 2.60, Regular Speciality Tea - Camomile - 1.30, Regular Iced americano - 2.15",6.05,CARD,1588805085578301
18/12/2024 14:47,Coventry,Linda Vela,"Large Flavoured iced latte - Caramel - 3.25, Regular Iced latte - 2.35, Regular Flavoured iced latte - Caramel - 2.75, Regular Flavoured hot chocolate - Hazelnut - 2.60",10.95,CARD,7797605515711272
18/12/2024 14:48,Coventry,Joseph Claiborne,"Regular Iced americano - 2.15, Regular Flavoured hot chocolate - Hazelnut - 2.60, Large Iced latte - 2.85, Regular Speciality Tea - Camomile - 1.30, Large Iced americano - 2.50",11.4,CARD,6662379140117270
18/12/2024 14:49,Coventry,Allen Koester,"Regular Speciality Tea - Camomile - 1.30, Large Flavoured hot chocolate - Hazelnut - 2.90",4.2,CARD,4745833620004692
18/12/2024 14:50,Coventry,Jacqueline Baker,Regular Speciality Tea - Camomile - 1.30,1.3,CARD,7455854579286317
18/12/2024 14:51,Coventry,Candice Owens,"Large Iced latte - 2.85, Regular Flavoured hot chocolate - Hazelnut - 2.60, Regular Iced latte - 2.35, Regular Iced americano - 2.15",9.95,CARD,4513552483663301
18/12/2024 14:53,Coventry,Norma Harvey,Regular Speciality Tea - Camomile - 1.30,1.3,CARD,6355295301974645
18/12/2024 14:54,Coventry,Jared Tate,Regular Speciality Tea - Camomile - 1.30,1.3,CASH,
18/12/2024 14:55,Coventry,Herman Smith,"Regular Flavoured iced latte - Caramel - 2.75, Regular Flavoured iced latte - Caramel - 2.75",5.5,CARD,9996847553450711
18/12/2024 14:56,Coventry,Carol Pecoraro,"Large Iced latte - 2.85, Regular Iced latte - 2.35, Regular Iced americano - 2.15",7.35,CARD,9875687676853319
18/12/2024 14:57,Coventry,Candice Wilder,"Large Flavoured hot chocolate - Hazelnut - 2.90, Regular Flavoured hot chocolate - Hazelnut - 2.60",5.5,CASH,
18/12/2024 14:58,Coventry,Virginia Jones,"Large Speciality Tea - Camomile - 1.60, Large Speciality Tea - Camomile - 1.60, Regular Speciality Tea - Camomile - 1.30",4.5,CARD,7065271487496536
18/12/2024 14:59,Coventry,Rupert Freese,"Regular Iced latte - 2.35, Regular Iced americano - 2.15, Regular Iced americano - 2.15, Regular Flavoured iced latte - Caramel - 2.75",9.4,CARD,7808000223976616
18/12/2024 15:01,Coventry,Oscar Martin,Regular Speciality Tea - Camomile - 1.30,1.3,CARD,2901710929055876
18/12/2024 15:01,Coventry,Walter Mounts,"Regular Flavoured hot chocolate - Hazelnut - 2.60, Large Flavoured hot chocolate - Hazelnut - 2.90",5.5,CARD,2767864165578780
18/12/2024 15:02,Coventry,Terri Henley,Regular Iced americano - 2.15,2.15,CARD,9110875049958968
18/12/2024 15:03,Coventry,Stephanie Davidson,"Large Flavoured iced latte - Caramel - 3.25, Regular Flavoured hot chocolate - Hazelnut - 2.60, Large Flavoured iced latte - Caramel - 3.25, Regular Flavoured hot chocolate - Hazelnut - 2.60",11.7,CARD,1445706169436702
18/12/2024 15:04,Coventry,Rene Farrar,"Regular Flavoured hot chocolate - Hazelnut - 2.60, Large Flavoured iced latte - Caramel - 3.25, Regular Iced americano - 2.15, Regular Flavoured iced latte - Caramel - 2.75, Regular Speciality Tea - Camomile - 1.30",12.05,CARD,2745315207675107
18/12/2024 15:05,Coventry,Randolph Zeigler,"Regular Flavoured hot chocolate - Hazelnut - 2.60, Regular Flavoured iced latte - Caramel - 2.75, Large Flavoured hot chocolate - Hazelnut - 2.90, Regular Flavoured hot chocolate - Hazelnut - 2.60",10.85,CARD,1324076765861570
18/12/2024 15:06,Coventry,Ava Fernandez,"Large Flavoured hot chocolate - Hazelnut - 2.90, Regular Flavoured iced latte - Caramel - 2.75, Large Flavoured iced latte - Caramel - 3.25, Regular Flavoured hot chocolate - Hazelnut - 2.60",11.5,CASH,
18/12/2024 15:07,Coventry,Mike Hendrie,Large Iced americano - 2.50,2.5,CARD,1587723538467953
18/12/2024 15:08,Coventry,Cyndi Cabrera,"Large Flavoured hot chocolate - Hazelnut - 2.90, Large Iced americano - 2.50, Regular Flavoured iced latte - Caramel - 2.75",8.15,CARD,5936605440894043
18/12/2024 15:09,Coventry,Justin Horn,"Large Flavoured hot chocolate - Hazelnut - 2.90, Large Flavoured hot chocolate - Hazelnut - 2.90, Large Flavoured iced latte - Caramel - 3.25",9.05,CARD,2748512413320117
18/12/2024 15:10,Coventry,Brenda Owen,"Large Flavoured iced latte - Caramel - 3.25, Regular Iced americano - 2.15",5.4,CARD,8878526774453040
18/12/2024 15:11,Coventry,James Mason,"Large Iced americano - 2.50, Large Iced americano - 2.50, Regular Speciality Tea - Camomile - 1.30, Large Iced americano - 2.50, Large Speciality Tea - Camomile - 1.60",10.4,CASH,
18/12/2024 15:12,Coventry,Lyle Hartfield,Regular Iced latte - 2.35,2.35,CARD,1663676233640494
18/12/2024 15:13,Coventry,Owen Ford,"Regular Speciality Tea - Camomile - 1.30, Large Flavoured hot chocolate - Hazelnut - 2.90, Large Flavoured hot chocolate - Hazelnut - 2.90, Large Flavoured iced latte - Caramel - 3.25",10.35,CARD,7916530523907487
18/12/2024 15:14,Coventry,Billie Caddell,"Regular Flavoured hot chocolate - Hazelnut - 2.60, Regular Iced latte - 2.35, Large Flavoured hot chocolate - Hazelnut - 2.90, Large Flavoured iced latte - Caramel - 3.25",11.1,CARD,7302360844282950
18/12/2024 15:15,Coventry,Derek Thorton,Regular Flavoured hot chocolate - Hazelnut - 2.60,2.6,CASH,
18/12/2024 15:16,Coventry,Julie Rosa,"Large Speciality Tea - Camomile - 1.60, Regular Iced americano - 2.15, Large Flavoured iced latte - Caramel - 3.25",7.0,CARD,7129303043861359
18/12/2024 15:17,Coventry,Charles Carter,"Regular Iced americano - 2.15, Large Flavoured hot chocolate - Hazelnut - 2.90, Regular Flavoured iced latte - Caramel - 2.75, Regular Iced americano - 2.15, Regular Iced latte - 2.35, Large Iced americano - 2.50",14.8,CARD,1350603094078241
18/12/2024 15:18,Coventry,Rebecca Ridenour,"Regular Flavoured iced latte - Caramel - 2.75, Large Iced americano - 2.50, Regular Flavoured iced latte - Caramel - 2.75, Large Flavoured hot chocolate - Hazelnut - 2.90",10.9,CARD,4766180294619836
18/12/2024 15:19,Coventry,Gladys Rapp,"Regular Iced latte - 2.35, Large Iced latte - 2.85, Regular Flavoured iced latte - Caramel - 2.75, Large Flavoured iced latte - Caramel - 3.25, Large Speciality Tea - Camomile - 1.60, Large Flavoured iced latte - Caramel - 3.25",16.05,CARD,7921519546373149
18/12/2024 15:20,Coventry,Sandy Carmon,"Large Flavoured hot chocolate - Hazelnut - 2.90, Regular Iced americano - 2.15, Regular Iced americano - 2.15, Large Flavoured iced latte - Caramel - 3.25",10.45,CARD,6689969429088696
18/12/2024 15:21,Coventry,Scott Ramsey,"Large Flavoured hot chocolate - Hazelnut - 2.90, Large Iced americano - 2.50, Large Flavoured iced latte - Caramel - 3.25",8.65,CASH,
18/12/2024 15:22,Coventry,Dorothy Suhr,"Large Flavoured hot chocolate - Hazelnut - 2.90, Regular Iced latte - 2.35, Large Flavoured hot chocolate - Hazelnut - 2.90",8.15,CARD,2233826246678781
18/12/2024 15:23,Coventry,Justine Hunter,"Large Flavoured iced latte - Caramel - 3.25, Regular Flavoured hot chocolate - Hazelnut - 2.60",5.85,CARD,8058389055774415
18/12/2024 15:24,Coventry,Joseph Alejandro,"Regular Iced americano - 2.15, Large Flavoured iced latte - Caramel - 3.25, Regular Iced americano - 2.15, Large Flavoured iced latte - Caramel - 3.25, Large Speciality Tea - Camomile - 1.60",12.4,CARD,7100231746909199
18/12/2024 15:25,Coventry,Albert Weaver,"Large Speciality Tea - Camomile - 1.60, Regular Iced americano - 2.15",3.75,CASH,
18/12/2024 15:26,Coventry,Marian Anderson,Regular Iced latte - 2.35,2.35,CARD,6268054415774865
18/12/2024 15:27,Coventry,Steven Stebbins,Regular Flavoured iced latte - Caramel - 2.75,2.75,CARD,3588949884247202
18/12/2024 15:28,Coventry,Ruth Dale,"Regular Flavoured hot chocolate - Hazelnut - 2.60, Large Flavoured hot chocolate - Hazelnut - 2.90",5.5,CARD,3284406134667938
18/12/2024 15:29,Coventry,Gloria Hartley,"Large Flavoured iced latte - Caramel - 3.25, Large Iced latte - 2.85, Regular Speciality Tea - Camomile - 1.30",7.4,CARD,1443341257727338
18/12/2024 15:30,Coventry,Alyson Hoffman,"Large Speciality Tea - Camomile - 1.60, Regular Flavoured iced latte - Caramel - 2.75",4.35,CASH,
18/12/2024 15:30,Coventry,Bryan Faustini,Regular Flavoured hot chocolate - Hazelnut - 2.60,2.6,CASH,
18/12/2024 15:31,Coventry,Lucy Jones,"Large Flavoured hot chocolate - Hazelnut - 2.90, Large Speciality Tea - Camomile - 1.60, Large Iced latte - 2.85",7.35,CARD,7881289505800035
18/12/2024 15:32,Coventry,Eric Gunstream,"Regular Iced americano - 2.15, Regular Speciality Tea - Camomile - 1.30, Regular Speciality Tea - Camomile - 1.30, Large Flavoured hot chocolate - Hazelnut - 2.90",7.65,CASH,
18/12/2024 15:33,Coventry,James Campbell,"Large Flavoured hot chocolate - Hazelnut - 2.90, Large Iced latte - 2.85",5.75,CARD,7263935011427598
18/12/2024 15:34,Coventry,Howard Sumner,"Regular Flavoured iced latte - Caramel - 2.75, Large Flavoured iced latte - Caramel - 3.25, Regular Speciality Tea - Camomile - 1.30",7.3,CARD,2455856860585156
18/12/2024 15:35,Coventry,Alanna Wallace,Regular Iced americano - 2.15,2.15,CARD,2971144078015563
18/12/2024 15:36,Coventry,Oscar Nelson,"Large Speciality Tea - Camomile - 1.60, Regular Flavoured iced latte - Caramel - 2.75, Large Iced americano - 2.50",6.85,CARD,7945255504785716
18/12/2024 15:37,Coventry,Dexter Adams,"Large Flavoured hot chocolate - Hazelnut - 2.90, Regular Flavoured iced latte - Caramel - 2.75, Regular Flavoured iced latte - Caramel - 2.75",8.4,CARD,6331650431211371
18/12/2024 15:38,Coventry,Richard Woodard,"Regular Iced latte - 2.35, Large Flavoured hot chocolate - Hazelnut - 2.90",5.25,CASH,
18/12/2024 15:39,Coventry,Jesse Prok,Regular Flavoured iced latte - Caramel - 2.75,2.75,CASH,
18/12/2024 15:40,Coventry,Richard Seiber,"Regular Flavoured iced latte - Caramel - 2.75, Large Flavoured iced latte - Caramel - 3.25, Regular Iced americano - 2.15",8.15,CASH,
18/12/2024 15:41,Coventry,Paul Arroyo,Large Iced americano - 2.50,2.5,CARD,7955839825607867
18/12/2024 15:42,Coventry,Carolyn Yancey,Regular Iced americano - 2.15,2.15,CARD,2961448224797506
18/12/2024 15:43,Coventry,Doris Janeway,"Large Flavoured hot chocolate - Hazelnut - 2.90, Large Iced americano - 2.50",5.4,CASH,
18/12/2024 15:44,Coventry,Larry Greenwell,"Large Speciality Tea - Camomile - 1.60, Large Speciality Tea - Camomile - 1.60, Regular Flavoured iced latte - Caramel - 2.75",5.95,CARD,1722443466759712
18/12/2024 15:45,Coventry,Marvin Butler,"Regular Iced latte - 2.35, Regular Flavoured iced latte - Caramel - 2.75, Large Flavoured iced latte - Caramel - 3.25, Large Flavoured iced latte - Caramel - 3.25",11.6,CARD,8751691586652459
18/12/2024 15:46,Coventry,Harris Farmer,"Large Iced americano - 2.50, Regular Iced latte - 2.35, Large Speciality Tea - Camomile - 1.60, Regular Flavoured iced latte - Caramel - 2.75",9.2,CARD,1400197916055729
18/12/2024 15:47,Coventry,Kelly Collins,"Large Flavoured hot chocolate - Hazelnut - 2.90, Large Iced americano - 2.50",5.4,CASH,
18/12/2024 15:48,Coventry,Patricia Kelly,"Regular Iced latte - 2.35, Large Iced americano - 2.50, Large Speciality Tea - Camomile - 1.60, Large Iced latte - 2.85, Large Flavoured iced latte - Caramel - 3.25",12.55,CASH,
18/12/2024 15:49,Coventry,Juan Downing,"Regular Speciality Tea - Camomile - 1.30, Regular Speciality Tea - Camomile - 1.30, Regular Iced latte - 2.35, Large Flavoured hot chocolate - Hazelnut - 2.90, Regular Flavoured iced latte - Caramel - 2.75, Regular Iced americano - 2.15",12.75,CASH,
18/12/2024 15:50,Coventry,Pedro Robinson,"Large Flavoured hot chocolate - Hazelnut - 2.90, Regular Speciality Tea - Camomile - 1.30, Large Flavoured hot chocolate - Hazelnut - 2.90",7.1,CARD,4735034207560200
18/12/2024 15:51,Coventry,Gerald Green,"Regular Flavoured iced latte - Caramel - 2.75, Regular Speciality Tea - Camomile - 1.30, Large Speciality Tea - Camomile - 1.60, Regular Speciality Tea - Camomile - 1.30",6.95,CASH,
18/12/2024 15:52,Coventry,Deborah Farris,"Regular Iced americano - 2.15, Regular Flavoured iced latte - Caramel - 2.75, Large Speciality Tea - Camomile - 1.60",6.5,CARD,1223332107983286
18/12/2024 15:53,Coventry,Lisa Patton,"Large Flavoured iced latte - Caramel - 3.25, Large Flavoured iced latte - Caramel - 3.25",6.5,CASH,
18/12/2024 15:54,Coventry,Nadine Franko,Regular Flavoured iced latte - Caramel - 2.75,2.75,CARD,6276533215490348
18/12/2024 15:55,Coventry,Paul Ingram,Regular Flavoured hot chocolate - Hazelnut - 2.60,2.6,CARD,3921047085896740
18/12/2024 15:56,Coventry,Annemarie Galioto,"Regular Flavoured hot chocolate - Hazelnut - 2.60, Large Speciality Tea - Camomile - 1.60, Regular Flavoured iced latte - Caramel - 2.75",6.95,CARD,9297833855463872
18/12/2024 15:57,Coventry,Denise Ramos,"Large Flavoured hot chocolate - Hazelnut - 2.90, Large Iced americano - 2.50, Regular Flavoured hot chocolate - Hazelnut - 2.60",8.0,CARD,2287428097250259
18/12/2024 15:58,Coventry,Burton Binkley,"Large Flavoured iced latte - Caramel - 3.25, Large Iced latte - 2.85",6.1,CARD,7173045036908237
18/12/2024 15:59,Coventry,Renee Christian,"Regular Iced latte - 2.35, Regular Speciality Tea - Camomile - 1.30, Regular Flavoured hot chocolate - Hazelnut - 2.60, Regular Iced latte - 2.35",8.6,CASH,
18/12/2024 15:59,Coventry,Paul Spriggs,"Regular Iced americano - 2.15, Large Speciality Tea - Camomile - 1.60, Regular Flavoured hot chocolate - Hazelnut - 2.60, Large Flavoured hot chocolate - Hazelnut - 2.90, Regular Iced americano - 2.15",11.4,CARD,7206364436234499
18/12/2024 16:00,Coventry,Guadalupe Vann,"Large Speciality Tea - Camomile - 1.60, Regular Iced americano - 2.15, Large Flavoured hot chocolate - Hazelnut - 2.90",6.65,CASH,
18/12/2024 16:05,Coventry,Luis Trevino,Large Flavoured hot chocolate - Hazelnut - 2.90,2.9,CARD,7749634893565828
18/12/2024 16:10,Coventry,Patsy Heuer,"Large Flavoured iced latte - Caramel - 3.25, Regular Speciality Tea - Camomile - 1.30, Large Flavoured iced latte - Caramel - 3.25, Regular Iced americano - 2.15, Large Flavoured hot chocolate - Hazelnut - 2.90, Large Flavoured hot chocolate - Hazelnut - 2.90",15.75,CASH,
18/12/2024 16:15,Coventry,Kimberly Bowers,"Regular Iced latte - 2.35, Regular Iced americano - 2.15, Regular Iced americano - 2.15",6.65,CARD,6817469861078490
18/12/2024 16:20,Coventry,Sandi Jones,"Large Iced americano - 2.50, Regular Iced latte - 2.35, Large Flavoured hot chocolate - Hazelnut - 2.90",7.75,CARD,4626916743936796
18/12/2024 16:25,Coventry,Benjamin Cosby,"Large Flavoured hot chocolate - Hazelnut - 2.90, Regular Flavoured iced latte - Caramel - 2.75, Regular Iced americano - 2.15, Large Iced latte - 2.85, Large Flavoured iced latte - Caramel - 3.25",13.9,CASH,
18/12/2024 16:30,Coventry,Evelyn Ratcliff,"Regular Flavoured iced latte - Caramel - 2.75, Large Flavoured hot chocolate - Hazelnut - 2.90, Large Iced americano - 2.50",8.15,CARD,7189839713891788
18/12/2024 16:35,Coventry,Gloria Schwieger,"Large Speciality Tea - Camomile - 1.60, Large Speciality Tea - Camomile - 1.60, Large Flavoured hot chocolate - Hazelnut - 2.90, Large Flavoured iced latte - Caramel - 3.25",9.35,CARD,7710077208282166
18/12/2024 16:40,Coventry,Brent Carlisle,"Large Flavoured iced latte - Caramel - 3.25, Regular Iced americano - 2.15, Regular Iced latte - 2.35, Regular Flavoured hot chocolate - Hazelnut - 2.60",10.35,CARD,7849657607904691
18/12/2024 16:45,Coventry,Joann Murphy,"Large Iced americano - 2.50, Large Iced americano - 2.50",5.0,CARD,6671324863457892
18/12/2024 16:50,Coventry,John Mendez,"Regular Speciality Tea - Camomile - 1.30, Large Iced americano - 2.50, Regular Speciality Tea - Camomile - 1.30",5.1,CARD,8876310989200160
18/12/2024 16:55,Coventry,Dorothy Godfrey,"Regular Speciality Tea - Camomile - 1.30, Regular Iced americano - 2.15",3.45,CARD,7110493645516319
18/12/2024 17:00,Coventry,Timmy Price,"Large Iced americano - 2.50, Large Speciality Tea - Camomile - 1.60, Regular Flavoured iced latte - Caramel - 2.75, Regular Flavoured iced latte - Caramel - 2.75, Large Speciality Tea - Camomile - 1.60",11.2,CARD,8467500408805187
18/12/2024 17:03,Coventry,Richard Thomas,Large Iced americano - 2.50,2.5,CASH,
18/12/2024 17:05,Coventry,Jon Webb,"Regular Speciality Tea - Camomile - 1.30, Large Iced americano - 2.50, Large Speciality Tea - Camomile - 1.60",5.4,CARD,5855995513464631
18/12/2024 17:08,Coventry,Vivian Young,Regular Flavoured hot chocolate - Hazelnut - 2.60,2.6,CASH,
18/12/2024 17:10,Coventry,Craig Adams,"Large Flavoured iced latte - Caramel - 3.25, Large Flavoured hot chocolate - Hazelnut - 2.90, Large Speciality Tea - Camomile - 1.60",7.75,CASH,
18/12/2024 17:13,Coventry,Kenneth Russo,Regular Flavoured hot chocolate - Hazelnut - 2.60,2.6,CARD,5826838270277839
18/12/2024 17:15,Coventry,Joyce Head,"Large Flavoured hot chocolate - Hazelnut - 2.90, Regular Flavoured iced latte - Caramel - 2.75, Regular Speciality Tea - Camomile - 1.30",6.95,CARD,5919109143015489
18/12/2024 17:18,Coventry,Andria Walling,Regular Flavoured iced latte - Caramel - 2.75,2.75,CARD,2778255633041014
18/12/2024 17:20,Coventry,Eva Frost,Regular Flavoured iced latte - Caramel - 2.75,2.75,CASH,
18/12/2024 17:23,Coventry,Judy Brinker,"Regular Iced americano - 2.15, Regular Flavoured iced latte - Caramel - 2.75, Large Flavoured iced latte - Caramel - 3.25",8.15,CASH,
18/12/2024 17:25,Coventry,Debra Madden,"Regular Iced americano - 2.15, Regular Iced latte - 2.35, Large Flavoured iced latte - Caramel - 3.25, Large Flavoured iced latte - Caramel - 3.25, Regular Iced latte - 2.35, Regular Iced americano - 2.15",15.5,CARD,5624824972697682
18/12/2024 17:28,Coventry,Shirley Williams,"Regular Iced americano - 2.15, Regular Iced americano - 2.15, Large Flavoured hot chocolate - Hazelnut - 2.90",7.2,CARD,9534251124029387
18/12/2024 17:30,Coventry,Maria Richard,"Regular Flavoured iced latte - Caramel - 2.75, Regular Flavoured iced latte - Caramel - 2.75",5.5,CARD,3477672921596081
18/12/2024 17:33,Coventry,Mary Astorga,"Regular Iced latte - 2.35, Large Iced americano - 2.50",4.85,CARD,5937401337850786
18/12/2024 17:35,Coventry,Nathaniel Bullins,Regular Flavoured hot chocolate - Hazelnut - 2.60,2.6,CARD,3940403052645705
18/12/2024 17:38,Coventry,Sara Borges,"Large Iced americano - 2.50, Large Iced americano - 2.50, Large Flavoured hot chocolate - Hazelnut - 2.90, Large Speciality Tea - Camomile - 1.60",9.5,CASH,
18/12/2024 17:40,Coventry,John Huffman,"Large Iced americano - 2.50, Regular Iced latte - 2.35, Large Iced latte - 2.85, Regular Iced americano - 2.15",9.85,CASH,
18/12/2024 17:43,Coventry,Bridgett Buck,"Regular Flavoured iced latte - Caramel - 2.75, Large Iced latte - 2.85, Large Flavoured iced latte - Caramel - 3.25, Large Flavoured iced latte - Caramel - 3.25",12.1,CARD,6283302610836216
18/12/2024 17:45,Coventry,John Meeler,Large Flavoured iced latte - Caramel - 3.25,3.25,CARD,8640611826954846
18/12/2024 17:48,Coventry,Freda Neveu,"Large Iced latte - 2.85, Large Flavoured iced latte - Caramel - 3.25",6.1,CARD,7235973156276773
18/12/2024 17:50,Coventry,James Kennedy,"Regular Iced latte - 2.35, Large Speciality Tea - Camomile - 1.60, Large Flavoured hot chocolate - Hazelnut - 2.90, Large Flavoured hot chocolate - Hazelnut - 2.90",9.75,CASH,
18/12/2024 17:53,Coventry,James Singh,"Large Speciality Tea - Camomile - 1.60, Regular Flavoured hot chocolate - Hazelnut - 2.60, Regular Flavoured hot chocolate - Hazelnut - 2.60",6.8,CARD,6708325214529020
18/12/2024 17:55,Coventry,Rodney Williams,Regular Flavoured iced latte - Caramel - 2.75,2.75,CARD,1757979327463322
18/12/2024 17:58,Coventry,Michael Somerville,Regular Flavoured iced latte - Caramel - 2.75,2.75,CASH,
18/12/2024 18:00,Coventry,William Scott,"Large Iced americano - 2.50, Large Flavoured hot chocolate - Hazelnut - 2.90, Large Iced latte - 2.85",8.25,CARD,4055383847759335
18/12/2024 18:02,Coventry,Kelvin Bergan,"Regular Flavoured hot chocolate - Hazelnut - 2.60, Large Flavoured iced latte - Caramel - 3.25",5.85,CARD,7356395606885477
18/12/2024 18:03,Coventry,Billy Long,"Large Iced latte - 2.85, Large Flavoured iced latte - Caramel - 3.25, Large Speciality Tea - Camomile - 1.60, Regular Speciality Tea - Camomile - 1.30",9.0,CARD,8387764055220678
18/12/2024 18:05,Coventry,Alvin Marsh,"Large Flavoured hot chocolate - Hazelnut - 2.90, Large Iced americano - 2.50",5.4,CARD,2043639001972229
18/12/2024 18:06,Coventry,Carina Jankowski,"Large Flavoured hot chocolate - Hazelnut - 2.90, Regular Iced latte - 2.35",5.25,CARD,1523873219317623
18/12/2024 18:08,Coventry,Dennis Matney,"Large Flavoured iced latte - Caramel - 3.25, Large Flavoured iced latte - Caramel - 3.25, Regular Flavoured hot chocolate - Hazelnut - 2.60",9.1,CARD,5631931784717164
18/12/2024 18:09,Coventry,Janice Greer,"Regular Iced latte - 2.35, Regular Iced americano - 2.15, Regular Flavoured hot chocolate - Hazelnut - 2.60, Regular Flavoured hot chocolate - Hazelnut - 2.60",9.7,CARD,7629772523839415
18/12/2024 18:11,Coventry,Kelly Farner,"Large Flavoured hot chocolate - Hazelnut - 2.90, Large Iced latte - 2.85, Regular Speciality Tea - Camomile - 1.30",7.05,CASH,
18/12/2024 18:12,Coventry,Christopher Medina,Large Iced americano - 2.50,2.5,CASH,
18/12/2024 18:13,Coventry,Leilani Morales,Regular Speciality Tea - Camomile - 1.30,1.3,CARD,9180945506089280
18/12/2024 18:15,Coventry,Michelle Ellis,"Large Flavoured iced latte - Caramel - 3.25, Regular Iced americano - 2.15, Large Flavoured hot chocolate - Hazelnut - 2.90",8.3,CARD,6417612843024428
18/12/2024 18:16,Coventry,Kendall Cea,"Large Iced americano - 2.50, Large Speciality Tea - Camomile - 1.60, Large Flavoured hot chocolate - Hazelnut - 2.90",7.0,CASH,
18/12/2024 18:18,Coventry,Jeffrey Lee,"Large Iced americano - 2.50, Large Iced latte - 2.85",5.35,CASH,
18/12/2024 18:19,Coventry,Felipe Salazar,"Large Iced latte - 2.85, Regular Iced americano - 2.15, Regular Iced americano - 2.15, Large Flavoured iced latte - Caramel - 3.25",10.4,CARD,3891247060645445
18/12/2024 18:21,Coventry,Alexander Stull,"Large Iced americano - 2.50, Large Iced latte - 2.85, Regular Flavoured iced latte - Caramel - 2.75, Large Iced latte - 2.85, Large Speciality Tea - Camomile - 1.60",12.55,CASH,
18/12/2024 18:22,Coventry,Franklin Dansby,"Regular Flavoured iced latte - Caramel - 2.75, Regular Speciality Tea - Camomile - 1.30, Regular Iced americano - 2.15, Regular Iced latte - 2.35, Regular Iced americano - 2.15",10.7,CARD,9893733547372170
18/12/2024 18:24,Coventry,Irma Cushing,"Regular Iced americano - 2.15, Regular Flavoured iced latte - Caramel - 2.75, Large Flavoured iced latte - Caramel - 3.25, Large Speciality Tea - Camomile - 1.60",9.75,CARD,8385309694889577
18/12/2024 18:25,Coventry,Robert Huggins,"Large Iced latte - 2.85, Regular Iced latte - 2.35, Regular Speciality Tea - Camomile - 1.30",6.5,CARD,6058639024638981
18/12/2024 18:27,Coventry,Lisa Wandler,"Large Speciality Tea - Camomile - 1.60, Large Flavoured iced latte - Caramel - 3.25",4.85,CASH,
18/12/2024 18:28,Coventry,Donald Liu,"Large Flavoured iced latte - Caramel - 3.25, Regular Flavoured hot chocolate - Hazelnut - 2.60, Large Flavoured iced latte - Caramel - 3.25, Large Flavoured iced latte - Caramel - 3.25, Regular Iced latte - 2.35",14.7,CARD,9491871068706232
18/12/2024 18:29,Coventry,Marvin Lysak,Large Iced latte - 2.85,2.85,CARD,2482972581288533
18/12/2024 18:31,Coventry,Chris Hines,"Large Iced americano - 2.50, Regular Flavoured hot chocolate - Hazelnut - 2.60, Large Speciality Tea - Camomile - 1.60, Regular Iced americano - 2.15",8.85,CARD,9632577180742257
18/12/2024 18:32,Coventry,Michael Dominguez,Large Speciality Tea - Camomile - 1.60,1.6,CARD,1152261275279596
18/12/2024 18:34,Coventry,Jack Taylor,Large Flavoured hot chocolate - Hazelnut - 2.90,2.9,CASH,
18/12/2024 18:35,Coventry,Shawn Hernandez,"Regular Flavoured hot chocolate - Hazelnut - 2.60, Large Iced americano - 2.50, Regular Iced latte - 2.35",7.45,CARD,9360735645279843
18/12/2024 18:37,Coventry,Karen Juhasz,Large Flavoured hot chocolate - Hazelnut - 2.90,2.9,CARD,4816098747347156
18/12/2024 18:38,Coventry,Yukiko Alston,"Regular Speciality Tea - Camomile - 1.30, Regular Speciality Tea - Camomile - 1.30, Large Speciality Tea - Camomile - 1.60, Regular Flavoured hot chocolate - Hazelnut - 2.60, Large Flavoured iced latte - Caramel - 3.25, Regular Iced latte - 2.35",12.4,CARD,4401363983560699
18/12/2024 18:40,Coventry,Elizabeth Beaman,"Regular Iced latte - 2.35, Large Flavoured hot chocolate - Hazelnut - 2.90",5.25,CARD,1635073527973263
18/12/2024 18:41,Coventry,Margaret Banuelos,"Regular Iced americano - 2.15, Regular Iced americano - 2.15, Regular Flavoured hot chocolate - Hazelnut - 2.60, Regular Iced latte - 2.35",9.25,CARD,3298600191668188
18/12/2024 18:43,Coventry,Lessie Hays,Large Flavoured iced latte - Caramel - 3.25,3.25,CARD,2994031354158401
18/12/2024 18:44,Coventry,Dominick Rozar,"Regular Speciality Tea - Camomile - 1.30, Large Flavoured iced latte - Caramel - 3.25",4.55,CARD,6518229702704834
18/12/2024 18:45,Coventry,Belinda Babers,Large Flavoured hot chocolate - Hazelnut - 2.90,2.9,CARD,4841893630251969
18/12/2024 18:47,Coventry,Henry Addiego,Regular Flavoured iced latte - Caramel - 2.75,2.75,CARD,8703297303545958
18/12/2024 18:48,Coventry,Walter Jemmott,Large Flavoured iced latte - Caramel - 3.25,3.25,CASH,
18/12/2024 18:50,Coventry,Nathaniel Duncan,"Regular Flavoured iced latte - Caramel - 2.75, Large Iced americano - 2.50, Large Flavoured iced latte - Caramel - 3.25, Regular Speciality Tea - Camomile - 1.30, Regular Speciality Tea - Camomile - 1.30",11.1,CARD,7856937191913641
18/12/2024 18:51,Coventry,Danielle Avis,"Large Iced latte - 2.85, Regular Flavoured iced latte - Caramel - 2.75, Regular Iced americano - 2.15",7.75,CARD,4507100342317592
18/12/2024 18:53,Coventry,Michelle Caines,"Large Speciality Tea - Camomile - 1.60, Large Flavoured hot chocolate - Hazelnut - 2.90, Regular Flavoured hot chocolate - Hazelnut - 2.60",7.1,CARD,5272163554246870
18/12/2024 18:54,Coventry,Gary Fairhurst,"Regular Iced latte - 2.35, Large Flavoured iced latte - Caramel - 3.25, Large Speciality Tea - Camomile - 1.60, Regular Flavoured hot chocolate - Hazelnut - 2.60",9.8,CARD,2159833696497647
18/12/2024 18:56,Coventry,Ethel Sweet,"Large Iced americano - 2.50, Regular Flavoured hot chocolate - Hazelnut - 2.60, Large Iced latte - 2.85",7.95,CARD,7211773239705029
18/12/2024 18:57,Coventry,Jewell Lewis,"Large Iced americano - 2.50, Large Flavoured hot chocolate - Hazelnut - 2.90",5.4,CASH,
18/12/2024 18:58,Coventry,Mark Turbyfill,Regular Flavoured iced latte - Caramel - 2.75,2.75,CASH,
18/12/2024 19:00,Coventry,Carla Elkins,"Regular Speciality Tea - Camomile - 1.30, Large Iced americano - 2.50",3.8,CASH,
18/12/2024 19:01,Coventry,Joseph Corbeil,"Regular Iced americano - 2.15, Large Flavoured hot chocolate - Hazelnut - 2.90, Large Iced latte - 2.85",7.9,CASH,
18/12/2024 19:03,Coventry,Thomas Christian,"Large Iced latte - 2.85, Regular Speciality Tea - Camomile - 1.30",4.15,CARD,8480403046073048
18/12/2024 19:04,Coventry,Fernando Boggs,"Large Flavoured hot chocolate - Hazelnut - 2.90, Large Flavoured hot chocolate - Hazelnut - 2.90, Large Flavoured iced latte - Caramel - 3.25",9.05,CARD,8516190873300846
18/12/2024 19:06,Coventry,Keith Tripp,"Regular Flavoured hot chocolate - Hazelnut - 2.60, Large Iced latte - 2.85, Regular Flavoured iced latte - Caramel - 2.75, Regular Flavoured iced latte - Caramel - 2.75",10.95,CARD,6024543122120144
18/12/2024 19:07,Coventry,Jean Respress,"Large Flavoured iced latte - Caramel - 3.25, Regular Iced americano - 2.15, Regular Iced americano - 2.15",7.55,CARD,3028020709464839
18/12/2024 19:09,Coventry,Jesse Holman,"Regular Flavoured hot chocolate - Hazelnut - 2.60, Regular Flavoured hot chocolate - Hazelnut - 2.60, Large Iced americano - 2.50, Regular Iced latte - 2.35",10.05,CARD,6862841533632495
18/12/2024 19:10,Coventry,Tammy Wood,"Large Iced americano - 2.50, Regular Flavoured hot chocolate - Hazelnut - 2.60, Regular Speciality Tea - Camomile - 1.30, Large Iced americano - 2.50",8.9,CASH,
18/12/2024 19:12,Coventry,Edmond Hopper,Regular Flavoured iced latte - Caramel - 2.75,2.75,CARD,4425624596802675
18/12/2024 19:13,Coventry,Pedro Bolton,"Large Flavoured hot chocolate - Hazelnut - 2.90, Large Flavoured iced latte - Caramel - 3.25",6.15,CARD,5970826174354231
18/12/2024 19:15,Coventry,Cathy Sullivan,Large Flavoured iced latte - Caramel - 3.25,3.25,CARD,8296020636140226
18/12/2024 19:16,Coventry,Joslyn Mcclimon,"Regular Flavoured hot chocolate - Hazelnut - 2.60, Regular Iced americano - 2.15, Regular Flavoured iced latte - Caramel - 2.75",7.5,CASH,
18/12/2024 19:18,Coventry,Annette Chinn,"Regular Flavoured hot chocolate - Hazelnut - 2.60, Regular Iced americano - 2.15, Regular Speciality Tea - Camomile - 1.30",6.05,CASH,
18/12/2024 19:19,Coventry,Matthew Taylor,"Regular Flavoured hot chocolate - Hazelnut - 2.60, Large Iced latte - 2.85, Regular Iced americano - 2.15, Regular Speciality Tea - Camomile - 1.30",8.9,CASH,
18/12/2024 19:21,Coventry,James Kerby,"Regular Flavoured hot chocolate - Hazelnut - 2.60, Regular Iced americano - 2.15, Large Iced latte - 2.85",7.6,CARD,5589980328361056
18/12/2024 19:22,Coventry,Mabel Johnson,"Regular Iced americano - 2.15, Large Speciality Tea - Camomile - 1.60, Regular Flavoured hot chocolate - Hazelnut - 2.60, Regular Flavoured iced latte - Caramel - 2.75",9.1,CARD,4454334368798613
18/12/2024 19:24,Coventry,Amanda Gabbard,"Regular Flavoured iced latte - Caramel - 2.75, Regular Iced americano - 2.15, Regular Flavoured iced latte - Caramel - 2.75, Large Iced americano - 2.50, Regular Flavoured hot chocolate - Hazelnut - 2.60",12.75,CARD,2485457735918820
18/12/2024 19:25,Coventry,Brenda Clark,Large Iced americano - 2.50,2.5,CASH,
18/12/2024 19:27,Coventry,Zane Gilleland,Regular Flavoured hot chocolate - Hazelnut - 2.60,2.6,CARD,9665081340592486
18/12/2024 19:28,Coventry,Roy Paskey,"Regular Flavoured hot chocolate - Hazelnut - 2.60, Large Flavoured iced latte - Caramel - 3.25",5.85,CASH,
18/12/2024 19:30,Coventry,John Mccain,Regular Iced latte - 2.35,2.35,CARD,8976498456714950
18/12/2024 19:31,Coventry,William Havel,"Large Flavoured hot chocolate - Hazelnut - 2.90, Regular Flavoured iced latte - Caramel - 2.75, Large Speciality Tea - Camomile - 1.60",7.25,CASH,
18/12/2024 19:33,Coventry,Arnold Peavy,"Regular Speciality Tea - Camomile - 1.30, Regular Speciality Tea - Camomile - 1.30, Large Iced latte - 2.85, Large Speciality Tea - Camomile - 1.60",7.05,CARD,4239920684903837
18/12/2024 19:34,Coventry,Ivan Hinkle,"Regular Speciality Tea - Camomile - 1.30, Large Speciality Tea - Camomile - 1.60, Regular Flavoured hot chocolate - Hazelnut - 2.60",5.5,CARD,5523737471155232
18/12/2024 19:36,Coventry,John Ross,"Regular Iced americano - 2.15, Regular Iced latte - 2.35",4.5,CARD,6933987247820036
18/12/2024 19:37,Coventry,William Donovan,"Large Speciality Tea - Camomile - 1.60, Regular Iced americano - 2.15, Large Speciality Tea - Camomile - 1.60",5.35,CASH,
18/12/2024 19:39,Coventry,Tyree Lynch,"Large Speciality Tea - Camomile - 1.60, Large Flavoured hot chocolate - Hazelnut - 2.90",4.5,CASH,
18/12/2024 19:40,Coventry,Elaine Woodruff,"Large Flavoured hot chocolate - Hazelnut - 2.90, Large Iced americano - 2.50, Large Flavoured hot chocolate - Hazelnut - 2.90, Regular Iced latte - 2.35, Large Flavoured hot chocolate - Hazelnut - 2.90, Regular Iced latte - 2.35",15.9,CASH,
18/12/2024 19:42,Coventry,Sergio Morris,"Regular Flavoured hot chocolate - Hazelnut - 2.60, Large Flavoured hot chocolate - Hazelnut - 2.90, Regular Flavoured iced latte - Caramel - 2.75, Large Iced americano - 2.50, Regular Iced latte - 2.35",13.1,CARD,7182842199865548
18/12/2024 19:43,Coventry,Wilma Heisler,"Regular Iced latte - 2.35, Regular Flavoured hot chocolate - Hazelnut - 2.60, Large Iced latte - 2.85",7.8,CASH,
18/12/2024 19:45,Coventry,Rusty Gallipeau,Large Flavoured iced latte - Caramel - 3.25,3.25,CARD,3782411411235492
18/12/2024 19:46,Coventry,Simon Gomez,"Regular Flavoured hot chocolate - Hazelnut - 2.60, Large Speciality Tea - Camomile - 1.60, Large Flavoured iced latte - Caramel - 3.25, Large Flavoured iced latte - Caramel - 3.25, Large Flavoured iced latte - Caramel - 3.25",13.95,CARD,7289158656874814
18/12/2024 19:48,Coventry,Helen Weeks,"Regular Flavoured hot chocolate - Hazelnut - 2.60, Large Speciality Tea - Camomile - 1.60, Regular Iced americano - 2.15, Large Iced americano - 2.50, Large Iced americano - 2.50, Large Flavoured hot chocolate - Hazelnut - 2.90",14.25,CARD,2649620346047126
18/12/2024 19:49,Coventry,Rose Jenkins,Regular Iced americano - 2.15,2.15,CASH,
18/12/2024 19:51,Coventry,Hayden Hamilton,"Regular Iced americano - 2.15, Regular Flavoured hot chocolate - Hazelnut - 2.60, Regular Flavoured iced latte - Caramel - 2.75",7.5,CASH,
18/12/2024 19:52,Coventry,James Jones,Large Flavoured iced latte - Caramel - 3.25,3.25,CARD,2270687582368786
18/12/2024 19:54,Coventry,Cheryl Kirkpatrick,Large Iced americano - 2.50,2.5,CARD,8520629381565352
18/12/2024 19:55,Coventry,Mildred Vincent,"Large Iced americano - 2.50, Large Iced americano - 2.50",5.0,CARD,6404344785134544
18/12/2024 19:57,Coventry,Mark Bean,"Regular Flavoured iced latte - Caramel - 2.75, Large Flavoured iced latte - Caramel - 3.25",6.0,CARD,6375950685503283
18/12/2024 19:58,Coventry,Dawn Dodson,Regular Flavoured hot chocolate - Hazelnut - 2.60,2.6,CARD,7018890916196072
18/12/2024 20:00,Coventry,Jenny Troup,Large Speciality Tea - Camomile - 1.60,1.6,CARD,7552688284618496
18/12/2024 20:05,Coventry,Eric Ahmed,Large Iced americano - 2.50,2.5,CASH,
18/12/2024 20:09,Coventry,Mary Leta,Large Iced latte - 2.85,2.85,CARD,2670178768814530
18/12/2024 20:14,Coventry,Gerald Peak,"Regular Flavoured iced latte - Caramel - 2.75, Regular Flavoured hot chocolate - Hazelnut - 2.60",5.35,CARD,3074105484021274
18/12/2024 20:18,Coventry,Kay Lever,"Large Flavoured hot chocolate - Hazelnut - 2.90, Regular Iced latte - 2.35, Large Iced americano - 2.50",7.75,CARD,6972663513540387
18/12/2024 20:23,Coventry,Donald Thompson,"Regular Iced americano - 2.15, Regular Flavoured iced latte - Caramel - 2.75, Regular Flavoured hot chocolate - Hazelnut - 2.60",7.5,CARD,3180887163803239
18/12/2024 20:28,Coventry,Tammy Beaumont,"Regular Speciality Tea - Camomile - 1.30, Large Flavoured iced latte - Caramel - 3.25, Regular Flavoured iced latte - Caramel - 2.75",7.3,CASH,
18/12/2024 20:32,Coventry,Howard Mayfield,"Large Iced latte - 2.85, Large Iced latte - 2.85, Regular Iced americano - 2.15, Regular Flavoured hot chocolate - Hazelnut - 2.60, Large Iced americano - 2.50",12.95,CASH,
18/12/2024 20:37,Coventry,Minnie Berger,"Large Flavoured hot chocolate - Hazelnut - 2.90, Large Iced americano - 2.50, Large Iced americano - 2.50",7.9,CARD,5651184038606097
18/12/2024 20:41,Coventry,Amanda Raygoza,Regular Flavoured iced latte - Caramel - 2.75,2.75,CARD,4255312856405567
18/12/2024 20:46,Coventry,Kenneth Harper,"Regular Flavoured iced latte - Caramel - 2.75, Large Flavoured hot chocolate - Hazelnut - 2.90",5.65,CARD,9899196692911990
18/12/2024 20:51,Coventry,William Bohnet,"Regular Iced latte - 2.35, Regular Iced latte - 2.35, Large Flavoured hot chocolate - Hazelnut - 2.90, Regular Flavoured iced latte - Caramel - 2.75",10.35,CARD,5850699564645840
18/12/2024 20:55,Coventry,Michael Reyna,Large Speciality Tea - Camomile - 1.60,1.6,CARD,1429971889873488
