18/12/2024 09:00,Edinburgh,Ruth Vargas,Large Smoothies - Carrot Kick - 2.50,2.5,CASH,
18/12/2024 09:01,Edinburgh,Stephan Williams,Regular Flavoured latte - Hazelnut - 2.55,2.55,CARD,1007645409667828
18/12/2024 09:03,Edinburgh,Todd Garfield,"Regular Mocha - 2.30, Regular Flavoured iced latte - Hazelnut - 2.75, Large Flavoured iced latte - Hazelnut - 3.25",8.3,CARD,5266923788316785
18/12/2024 09:05,Edinburgh,Fidela Choiniere,"Large Smoothies - Glowing Greens - 2.50, Large Flavoured latte - Hazelnut - 2.85, Large Flavoured iced latte - Hazelnut - 3.25",8.6,CARD,5984283624985752
18/12/2024 09:07,Edinburgh,Sara Palma,"Regular Smoothies - Carrot Kick - 2.00, Regular Americano - 1.95, Large Smoothies - Glowing Greens - 2.50",6.45,CARD,1383713463699453
18/12/2024 09:09,Edinburgh,Gladys Loughmiller,"Large Speciality Tea - Earl Grey - 1.60, Regular Americano - 1.95",3.55,CARD,3586738345866650
18/12/2024 09:10,Edinburgh,Larry Arreola,"Regular Flavoured iced latte - Hazelnut - 2.75, Regular Speciality Tea - Green - 1.30",4.05,CARD,3513309507750389
18/12/2024 09:12,Edinburgh,Jeff Upchurch,"Large Smoothies - Glowing Greens - 2.50, Large Speciality Tea - Fruit - 1.60",4.1,CARD,3321912525297784
18/12/2024 09:14,Edinburgh,Jeanna Reinhardt,"Regular Smoothies - Glowing Greens - 2.00, Regular Flavoured latte - Hazelnut - 2.55",4.55,CARD,5498609009191254
18/12/2024 09:16,Edinburgh,Richard Gibbs,"Regular Americano - 1.95, Regular Speciality Tea - Earl Grey - 1.30",3.25,CASH,
18/12/2024 09:18,Edinburgh,Kristin Hafner,"Large Flavoured latte - Hazelnut - 2.85, Large Speciality Tea - Fruit - 1.60, Large Flavoured iced latte - Hazelnut - 3.25",7.7,CARD,2832512542181983
18/12/2024 09:19,Edinburgh,Reyes Patterson,"Large Speciality Tea - Earl Grey - 1.60, Regular Chai latte - 2.30, Regular Speciality Tea - Green - 1.30, Large Mocha - 2.70",7.9,CARD,3429428480389728
18/12/2024 09:21,Edinburgh,Christopher Post,Large Smoothies - Glowing Greens - 2.50,2.5,CARD,7392530382561037
18/12/2024 09:23,Edinburgh,Amber Perez,Regular Americano - 1.95,1.95,CARD,8837441408945129
18/12/2024 09:25,Edinburgh,Tracie Gonzalez,Large Smoothies - Glowing Greens - 2.50,2.5,CASH,
18/12/2024 09:27,Edinburgh,Jaime Ortiz,"Regular Speciality Tea - Earl Grey - 1.30, Regular Speciality Tea - Green - 1.30, Large Speciality Tea - Fruit - 1.60, Large Americano - 2.25, Regular Speciality Tea - Green - 1.30, Regular Speciality Tea - Fruit - 1.30",9.05,CARD,8011933445551758
18/12/2024 09:29,Edinburgh,Truman Stubbs,Large Speciality Tea - Fruit - 1.60,1.6,CASH,
18/12/2024 09:30,Edinburgh,Brian Denard,"Large Flavoured iced latte - Hazelnut - 3.25, Large Mocha - 2.70, Regular Mocha - 2.30",8.25,CARD,7413559731809885
18/12/2024 09:32,Edinburgh,Cornelius Ochwat,Large Chai latte - 2.60,2.6,CARD,7888285175408962
18/12/2024 09:34,Edinburgh,Kimberlee Ortega,"Large Chai latte - 2.60, Large Smoothies - Carrot Kick - 2.50, Large Flavoured iced latte - Hazelnut - 3.25, Large Flavoured iced latte - Hazelnut - 3.25",11.6,CASH,
18/12/2024 09:36,Edinburgh,Mary Rojas,Regular Smoothies - Glowing Greens - 2.00,2.0,CARD,2892277488200287
18/12/2024 09:38,Edinburgh,Brandon Webster,"Large Flavoured latte - Hazelnut - 2.85, Large Smoothies - Carrot Kick - 2.50",5.35,CARD,5928190167897786
18/12/2024 09:39,Edinburgh,Robert Escobar,"Regular Smoothies - Carrot Kick - 2.00, Large Americano - 2.25",4.25,CARD,6088754536667976
18/12/2024 09:41,Edinburgh,Cynthia Yannone,"Regular Mocha - 2.30, Regular Flavoured iced latte - Hazelnut - 2.75, Regular Mocha - 2.30, Large Americano - 2.25",9.6,CASH,
18/12/2024 09:43,Edinburgh,Marion Ramirez,"Regular Chai latte - 2.30, Large Smoothies - Glowing Greens - 2.50",4.8,CARD,6699907889350832
18/12/2024 09:45,Edinburgh,Patricia Sibert,"Large Speciality Tea - Green - 1.60, Regular Smoothies - Glowing Greens - 2.00, Regular Flavoured latte - Hazelnut - 2.55",6.15,CASH,
18/12/2024 09:47,Edinburgh,William Wetzel,Regular Speciality Tea - Fruit - 1.30,1.3,CARD,7253889952237483
18/12/2024 09:49,Edinburgh,Travis Ellis,"Large Chai latte - 2.60, Large Speciality Tea - Fruit - 1.60, Regular Smoothies - Carrot Kick - 2.00, Large Speciality Tea - Fruit - 1.60",7.8,CASH,
18/12/2024 09:50,Edinburgh,Christa Davis,"Large Flavoured iced latte - Hazelnut - 3.25, Large Mocha - 2.70, Large Mocha - 2.70",8.65,CASH,
18/12/2024 09:52,Edinburgh,Lee Costello,"Large Smoothies - Glowing Greens - 2.50, Regular Mocha - 2.30, Large Mocha - 2.70",7.5,CASH,
18/12/2024 09:54,Edinburgh,Sammy Opie,Large Flavoured iced latte - Hazelnut - 3.25,3.25,CARD,7678077106741985
18/12/2024 09:56,Edinburgh,Anthony Britt,"Large Mocha - 2.70, Regular Speciality Tea - Green - 1.30",4.0,CARD,3945824847275274
18/12/2024 09:58,Edinburgh,Roger Rugg,Large Flavoured iced latte - Hazelnut - 3.25,3.25,CASH,
18/12/2024 09:59,Edinburgh,Richard Cheek,Regular Smoothies - Glowing Greens - 2.00,2.0,CARD,8104661839956079
18/12/2024 10:01,Edinburgh,Thomas Davis,"Large Speciality Tea - Earl Grey - 1.60, Regular Flavoured latte - Hazelnut - 2.55, Regular Chai latte - 2.30, Regular Speciality Tea - Earl Grey - 1.30, Large Speciality Tea - Earl Grey - 1.60",9.35,CASH,
18/12/2024 10:03,Edinburgh,Arlene Vandis,"Large Mocha - 2.70, Regular Speciality Tea - Fruit - 1.30, Regular Speciality Tea - Earl Grey - 1.30, Large Americano - 2.25",7.55,CARD,5947551510304087
18/12/2024 10:04,Edinburgh,Cindy Austin,"Large Speciality Tea - Green - 1.60, Regular Smoothies - Glowing Greens - 2.00, Regular Mocha - 2.30",5.9,CARD,9270772805104414
18/12/2024 10:05,Edinburgh,Sara Trosper,"Large Flavoured latte - Hazelnut - 2.85, Regular Americano - 1.95, Regular Smoothies - Carrot Kick - 2.00, Large Smoothies - Carrot Kick - 2.50, Large Speciality Tea - Fruit - 1.60",10.9,CARD,5373895674596203
18/12/2024 10:07,Edinburgh,Shanta Alexander,"Regular Americano - 1.95, Regular Smoothies - Glowing Greens - 2.00",3.95,CARD,8869899849733930
18/12/2024 10:08,Edinburgh,Sarah Babel,"Large Speciality Tea - Fruit - 1.60, Regular Speciality Tea - Earl Grey - 1.30, Regular Smoothies - Glowing Greens - 2.00, Regular Smoothies - Carrot Kick - 2.00",6.9,CARD,9402585527649800
18/12/2024 10:09,Edinburgh,William Lewis,"Regular Flavoured iced latte - Hazelnut - 2.75, Large Flavoured latte - Hazelnut - 2.85, Large Mocha - 2.70, Regular Chai latte - 2.30, Regular Smoothies - Carrot Kick - 2.00",12.6,CASH,
18/12/2024 10:11,Edinburgh,Deborah Davis,Large Mocha - 2.70,2.7,CASH,
18/12/2024 10:12,Edinburgh,Rita Richardson,"Regular Flavoured iced latte - Hazelnut - 2.75, Large Americano - 2.25, Regular Speciality Tea - Green - 1.30",6.3,CARD,2653399100673089
18/12/2024 10:13,Edinburgh,Sara Reader,"Regular Mocha - 2.30, Regular Chai latte - 2.30",4.6,CASH,
18/12/2024 10:15,Edinburgh,Jennifer Lowenstein,"Large Speciality Tea - Fruit - 1.60, Regular Mocha - 2.30",3.9,CARD,4405388564304757
18/12/2024 10:16,Edinburgh,Brittney Alonzo,"Regular Chai latte - 2.30, Regular Mocha - 2.30, Regular Mocha - 2.30, Regular Chai latte - 2.30, Large Mocha - 2.70",11.9,CARD,9012033062505122
18/12/2024 10:17,Edinburgh,Marion Hanrahan,Regular Flavoured iced latte - Hazelnut - 2.75,2.75,CARD,4448395082734286
18/12/2024 10:19,Edinburgh,Steve Huntzinger,"Large Americano - 2.25, Regular Chai latte - 2.30, Regular Flavoured iced latte - Hazelnut - 2.75, Regular Speciality Tea - Earl Grey - 1.30",8.6,CARD,2459872437926464
18/12/2024 10:20,Edinburgh,Kathleen Robertson,Regular Mocha - 2.30,2.3,CARD,8352802805068169
18/12/2024 10:21,Edinburgh,Juanita Dodge,Large Flavoured iced latte - Hazelnut - 3.25,3.25,CARD,3011769391770244
18/12/2024 10:23,Edinburgh,Pedro Boulerice,"Regular Flavoured iced latte - Hazelnut - 2.75, Regular Speciality Tea - Green - 1.30, Large Mocha - 2.70, Regular Smoothies - Carrot Kick - 2.00",8.75,CARD,6352214491806751
18/12/2024 10:24,Edinburgh,Ryan Prost,"Large Speciality Tea - Fruit - 1.60, Large Smoothies - Glowing Greens - 2.50, Regular Smoothies - Glowing Greens - 2.00, Regular Mocha - 2.30, Regular Flavoured latte - Hazelnut - 2.55, Regular Mocha - 2.30",13.25,CARD,7342590468773152
18/12/2024 10:25,Edinburgh,Jeffrey Coverdale,Large Smoothies - Carrot Kick - 2.50,2.5,CARD,6056947459328838
18/12/2024 10:27,Edinburgh,Eugene Fretwell,"Regular Flavoured iced latte - Hazelnut - 2.75, Large Smoothies - Glowing Greens - 2.50, Large Flavoured iced latte - Hazelnut - 3.25",8.5,CARD,3819404942098803
18/12/2024 10:28,Edinburgh,Sharon Shoals,"Large Flavoured latte - Hazelnut - 2.85, Large Mocha - 2.70, Regular Smoothies - Carrot Kick - 2.00",7.55,CASH,
18/12/2024 10:29,Edinburgh,Gloria Owen,"Large Smoothies - Carrot Kick - 2.50, Large Flavoured iced latte - Hazelnut - 3.25, Large Speciality Tea - Fruit - 1.60",7.35,CASH,
18/12/2024 10:31,Edinburgh,Christopher Soper,"Regular Chai latte - 2.30, Large Americano - 2.25, Regular Speciality Tea - Fruit - 1.30",5.85,CASH,
18/12/2024 10:32,Edinburgh,Amanda Lay,"Regular Smoothies - Glowing Greens - 2.00, Regular Chai latte - 2.30",4.3,CARD,7140473354365399
18/12/2024 10:33,Edinburgh,Robert Eaton,Large Chai latte - 2.60,2.6,CARD,7060075483162634
18/12/2024 10:35,Edinburgh,Barbara Gardner,"Large Speciality Tea - Earl Grey - 1.60, Large Chai latte - 2.60, Regular Speciality Tea - Earl Grey - 1.30",5.5,CARD,2717182127789559
18/12/2024 10:36,Edinburgh,Philip Krause,"Regular Mocha - 2.30, Large Smoothies - Carrot Kick - 2.50",4.8,CARD,4433048797041270
18/12/2024 10:37,Edinburgh,Todd Haynes,"Large Mocha - 2.70, Regular Americano - 1.95",4.65,CASH,
18/12/2024 10:39,Edinburgh,Thomas Bader,"Large Chai latte - 2.60, Regular Americano - 1.95",4.55,CARD,2856037903089753
18/12/2024 10:40,Edinburgh,Lorena Nadeau,"Regular Flavoured latte - Hazelnut - 2.55, Regular Speciality Tea - Fruit - 1.30",3.85,CASH,
18/12/2024 10:41,Edinburgh,James Smith,"Regular Mocha - 2.30, Regular Americano - 1.95, Large Speciality Tea - Green - 1.60, Large Americano - 2.25",8.1,CASH,
18/12/2024 10:43,Edinburgh,Mary Deloye,"Large Chai latte - 2.60, Regular Speciality Tea - Fruit - 1.30, Large Flavoured latte - Hazelnut - 2.85",6.75,CASH,
18/12/2024 10:44,Edinburgh,Matthew Wong,"Large Flavoured latte - Hazelnut - 2.85, Regular Chai latte - 2.30",5.15,CARD,4430104261613192
18/12/2024 10:45,Edinburgh,Daniel Lynch,"Large Flavoured iced latte - Hazelnut - 3.25, Regular Smoothies - Carrot Kick - 2.00, Regular Speciality Tea - Green - 1.30, Large Flavoured latte - Hazelnut - 2.85",9.4,CARD,4075910688484775
18/12/2024 10:47,Edinburgh,Tammy Jarzombek,"Regular Flavoured iced latte - Hazelnut - 2.75, Large Smoothies - Glowing Greens - 2.50",5.25,CARD,3300961062863833
18/12/2024 10:48,Edinburgh,Richard Braddy,"Large Speciality Tea - Fruit - 1.60, Large Americano - 2.25, Regular Smoothies - Glowing Greens - 2.00",5.85,CARD,3788396110795333
18/12/2024 10:49,Edinburgh,Harrison Quick,"Large Flavoured latte - Hazelnut - 2.85, Regular Smoothies - Carrot Kick - 2.00",4.85,CASH,
18/12/2024 10:51,Edinburgh,Adam Fox,"Large Chai latte - 2.60, Regular Speciality Tea - Earl Grey - 1.30, Large Chai latte - 2.60, Regular Mocha - 2.30",8.8,CASH,
18/12/2024 10:52,Edinburgh,Ruth Reed,"Large Flavoured latte - Hazelnut - 2.85, Large Speciality Tea - Earl Grey - 1.60",4.45,CARD,1941631135138447
18/12/2024 10:53,Edinburgh,Carol Gobert,"Large Smoothies - Glowing Greens - 2.50, Large Smoothies - Carrot Kick - 2.50",5.0,CARD,2324627283256450
18/12/2024 10:55,Edinburgh,Joyce Leon,"Large Flavoured latte - Hazelnut - 2.85, Regular Speciality Tea - Green - 1.30, Large Americano - 2.25, Large Americano - 2.25",8.65,CARD,6064202994129988
18/12/2024 10:56,Edinburgh,Tony Negbenebor,"Large Speciality Tea - Fruit - 1.60, Large Speciality Tea - Green - 1.60, Large Americano - 2.25, Regular Speciality Tea - Green - 1.30, Large Americano - 2.25",9.0,CARD,6978191371976702
18/12/2024 10:57,Edinburgh,Albert Sankey,"Large Smoothies - Glowing Greens - 2.50, Regular Americano - 1.95, Regular Smoothies - Glowing Greens - 2.00, Large Americano - 2.25, Large Mocha - 2.70",11.4,CARD,8238790254804431
18/12/2024 10:59,Edinburgh,Michael Webster,"Large Flavoured latte - Hazelnut - 2.85, Large Smoothies - Glowing Greens - 2.50",5.35,CARD,8543819630542567
18/12/2024 11:00,Edinburgh,Donna Buckingham,"Large Speciality Tea - Green - 1.60, Regular Flavoured latte - Hazelnut - 2.55, Regular Smoothies - Carrot Kick - 2.00, Regular Speciality Tea - Earl Grey - 1.30, Large Speciality Tea - Green - 1.60",9.05,CARD,7732180082182172
18/12/2024 11:02,Edinburgh,Jeffrey North,Large Speciality Tea - Green - 1.60,1.6,CARD,6998273431392961
18/12/2024 11:05,Edinburgh,Tory Mcgraw,"Regular Flavoured iced latte - Hazelnut - 2.75, Regular Smoothies - Carrot Kick - 2.00",4.75,CASH,
18/12/2024 11:07,Edinburgh,Richard Liles,"Large Smoothies - Carrot Kick - 2.50, Regular Flavoured latte - Hazelnut - 2.55, Large Speciality Tea - Green - 1.60, Regular Speciality Tea - Fruit - 1.30, Large Americano - 2.25",10.2,CARD,1035499597603399
18/12/2024 11:10,Edinburgh,Brenda Wilburn,"Large Speciality Tea - Fruit - 1.60, Large Smoothies - Glowing Greens - 2.50, Regular Mocha - 2.30, Regular Speciality Tea - Green - 1.30",7.7,CARD,7696972420387013
18/12/2024 11:12,Edinburgh,Michael Alva,"Regular Speciality Tea - Green - 1.30, Regular Speciality Tea - Fruit - 1.30, Large Speciality Tea - Green - 1.60, Large Flavoured iced latte - Hazelnut - 3.25",7.45,CARD,8501223304797136
18/12/2024 11:15,Edinburgh,Michael Walker,"Large Smoothies - Glowing Greens - 2.50, Large Flavoured iced latte - Hazelnut - 3.25, Regular Speciality Tea - Earl Grey - 1.30, Large Smoothies - Carrot Kick - 2.50, Large Flavoured iced latte - Hazelnut - 3.25, Large Speciality Tea - Green - 1.60",14.4,CARD,6310507261354760
18/12/2024 11:17,Edinburgh,Charles Micks,"Large Speciality Tea - Green - 1.60, Large Mocha - 2.70",4.3,CARD,1091488889882471
18/12/2024 11:20,Edinburgh,Matthew Jimenez,"Large Chai latte - 2.60, Regular Americano - 1.95",4.55,CASH,
18/12/2024 11:22,Edinburgh,Lin Barker,Regular Americano - 1.95,1.95,CARD,8316154965282532
18/12/2024 11:25,Edinburgh,Connie Capps,"Large Speciality Tea - Green - 1.60, Large Americano - 2.25, Large Smoothies - Glowing Greens - 2.50, Regular Mocha - 2.30",8.65,CASH,
18/12/2024 11:27,Edinburgh,Yolanda Hodge,"Large Smoothies - Carrot Kick - 2.50, Regular Smoothies - Glowing Greens - 2.00, Regular Speciality Tea - Earl Grey - 1.30, Large Smoothies - Glowing Greens - 2.50",8.3,CARD,9672062496534262
18/12/2024 11:30,Edinburgh,Lawrence Isenberg,"Large Smoothies - Carrot Kick - 2.50, Large Speciality Tea - Fruit - 1.60",4.1,CARD,2706967147896336
18/12/2024 11:32,Edinburgh,Joe Martinez,Regular Flavoured iced latte - Hazelnut - 2.75,2.75,CARD,4578173926980523
18/12/2024 11:35,Edinburgh,John Vil,"Large Smoothies - Glowing Greens - 2.50, Large Speciality Tea - Fruit - 1.60, Large Speciality Tea - Green - 1.60, Regular Chai latte - 2.30",8.0,CARD,1606602474159328
18/12/2024 11:37,Edinburgh,Antonina Morrison,"Large Flavoured latte - Hazelnut - 2.85, Regular Smoothies - Glowing Greens - 2.00",4.85,CARD,1837012666854410
18/12/2024 11:40,Edinburgh,Theodore Frankel,Regular Speciality Tea - Fruit - 1.30,1.3,CASH,
18/12/2024 11:42,Edinburgh,Brad Starr,"Regular Flavoured iced latte - Hazelnut - 2.75, Regular Speciality Tea - Fruit - 1.30",4.05,CARD,1941683533173365
18/12/2024 11:45,Edinburgh,Marry Pennell,"Regular Flavoured iced latte - Hazelnut - 2.75, Large Speciality Tea - Earl Grey - 1.60, Large Smoothies - Glowing Greens - 2.50, Regular Smoothies - Carrot Kick - 2.00",8.85,CARD,4833422679706238
18/12/2024 11:47,Edinburgh,Elizabeth Pillar,"Regular Mocha - 2.30, Regular Americano - 1.95, Large Speciality Tea - Green - 1.60",5.85,CASH,
18/12/2024 11:50,Edinburgh,Judy Peters,"Large Speciality Tea - Earl Grey - 1.60, Regular Americano - 1.95, Large Americano - 2.25, Large Flavoured latte - Hazelnut - 2.85",8.65,CASH,
18/12/2024 11:52,Edinburgh,Douglas Wall,"Regular Mocha - 2.30, Large Speciality Tea - Earl Grey - 1.60, Large Flavoured iced latte - Hazelnut - 3.25",7.15,CASH,
18/12/2024 11:55,Edinburgh,Ivy Davidson,Large Flavoured iced latte - Hazelnut - 3.25,3.25,CARD,3647442289718222
18/12/2024 11:57,Edinburgh,Anthony Walker,"Large Americano - 2.25, Regular Americano - 1.95, Regular Americano - 1.95",6.15,CARD,3650366906883980
18/12/2024 12:00,Edinburgh,Marla Raman,"Large Mocha - 2.70, Regular Mocha - 2.30, Regular Smoothies - Carrot Kick - 2.00, Large Smoothies - Carrot Kick - 2.50, Regular Speciality Tea - Green - 1.30, Large Speciality Tea - Earl Grey - 1.60",12.4,CARD,6930792176026520
18/12/2024 12:12,Edinburgh,Dolores Herring,"Large Speciality Tea - Green - 1.60, Large Chai latte - 2.60",4.2,CASH,
18/12/2024 12:24,Edinburgh,Kenneth Polk,Regular Chai latte - 2.30,2.3,CARD,1193817952308183
18/12/2024 12:36,Edinburgh,Cynthia Murillo,Regular Americano - 1.95,1.95,CARD,1135968175849568
18/12/2024 12:48,Edinburgh,Neil Jones,"Regular Smoothies - Glowing Greens - 2.00, Regular Speciality Tea - Earl Grey - 1.30",3.3,CARD,5550395955250880
18/12/2024 13:00,Edinburgh,Mildred Liggins,"Regular Smoothies - Carrot Kick - 2.00, Large Mocha - 2.70, Regular Smoothies - Glowing Greens - 2.00, Large Chai latte - 2.60",9.3,CARD,6025600176139971
18/12/2024 13:01,Edinburgh,Lauren Quinn,"Regular Chai latte - 2.30, Regular Speciality Tea - Green - 1.30, Regular Speciality Tea - Fruit - 1.30",4.9,CARD,7335703030051112
18/12/2024 13:02,Edinburgh,Jan Espinosa,"Large Smoothies - Glowing Greens - 2.50, Large Chai latte - 2.60, Regular Flavoured iced latte - Hazelnut - 2.75, Large Smoothies - Carrot Kick - 2.50, Large Speciality Tea - Fruit - 1.60, Large Speciality Tea - Earl Grey - 1.60",13.55,CARD,9968783469015933
18/12/2024 13:03,Edinburgh,Lisa Bellamy,"Regular Americano - 1.95, Large Flavoured iced latte - Hazelnut - 3.25",5.2,CARD,9628039656910951
18/12/2024 13:04,Edinburgh,Angelia Engstrom,Large Chai latte - 2.60,2.6,CASH,
18/12/2024 13:05,Edinburgh,Michelle Bowen,"Regular Speciality Tea - Green - 1.30, Regular Chai latte - 2.30, Large Smoothies - Glowing Greens - 2.50, Regular Flavoured iced latte - Hazelnut - 2.75",8.85,CASH,
18/12/2024 13:06,Edinburgh,Daisy Heagney,"Large Chai latte - 2.60, Large Mocha - 2.70, Regular Smoothies - Carrot Kick - 2.00",7.3,CARD,8473364408824588
18/12/2024 13:07,Edinburgh,Eric Vincent,"Regular Mocha - 2.30, Regular Speciality Tea - Green - 1.30, Regular Smoothies - Glowing Greens - 2.00, Large Speciality Tea - Earl Grey - 1.60, Regular Mocha - 2.30",9.5,CARD,2875635857714211
18/12/2024 13:08,Edinburgh,Alice Smith,"Large Speciality Tea - Green - 1.60, Regular Americano - 1.95, Regular Speciality Tea - Fruit - 1.30, Large Chai latte - 2.60, Large Speciality Tea - Green - 1.60",9.05,CARD,7380888316035837
18/12/2024 13:09,Edinburgh,James Nichols,"Regular Smoothies - Glowing Greens - 2.00, Regular Smoothies - Carrot Kick - 2.00",4.0,CASH,
18/12/2024 13:10,Edinburgh,Martha Cruz,"Large Chai latte - 2.60, Regular Speciality Tea - Fruit - 1.30, Regular Speciality Tea - Fruit - 1.30, Regular Chai latte - 2.30",7.5,CASH,
18/12/2024 13:11,Edinburgh,Nicole Crouchet,"Regular Speciality Tea - Green - 1.30, Regular Mocha - 2.30, Regular Mocha - 2.30, Large Mocha - 2.70",8.6,CASH,
18/12/2024 13:13,Edinburgh,Ernest Simpson,"Regular Flavoured latte - Hazelnut - 2.55, Large Chai latte - 2.60, Large Speciality Tea - Fruit - 1.60, Regular Smoothies - Carrot Kick - 2.00",8.75,CARD,9131929579311745
18/12/2024 13:14,Edinburgh,Mildred Hubbs,Large Flavoured latte - Hazelnut - 2.85,2.85,CARD,2008457869042263
18/12/2024 13:15,Edinburgh,Christina Kernan,"Large Flavoured iced latte - Hazelnut - 3.25, Regular Speciality Tea - Green - 1.30, Regular Chai latte - 2.30, Large Smoothies - Carrot Kick - 2.50, Large Speciality Tea - Fruit - 1.60, Large Speciality Tea - Green - 1.60",12.55,CASH,
18/12/2024 13:16,Edinburgh,Jean Pritchard,"Regular Flavoured iced latte - Hazelnut - 2.75, Large Mocha - 2.70",5.45,CARD,3969235391618183
18/12/2024 13:17,Edinburgh,Linda Watanabe,Regular Americano - 1.95,1.95,CARD,8549067348152624
18/12/2024 13:18,Edinburgh,Robert Rork,Large Americano - 2.25,2.25,CARD,8222387995058223
18/12/2024 13:19,Edinburgh,Glenda Morse,"Regular Smoothies - Glowing Greens - 2.00, Large Speciality Tea - Earl Grey - 1.60, Large Mocha - 2.70, Large Smoothies - Carrot Kick - 2.50",8.8,CARD,5416821178447654
18/12/2024 13:20,Edinburgh,Johnny Shinn,"Regular Smoothies - Glowing Greens - 2.00, Large Speciality Tea - Green - 1.60, Large Speciality Tea - Earl Grey - 1.60",5.2,CASH,
18/12/2024 13:21,Edinburgh,Paul Melendez,"Regular Smoothies - Carrot Kick - 2.00, Regular Speciality Tea - Green - 1.30, Regular Speciality Tea - Fruit - 1.30, Regular Flavoured latte - Hazelnut - 2.55",7.15,CASH,
18/12/2024 13:22,Edinburgh,Gerald Spooner,"Regular Speciality Tea - Fruit - 1.30, Regular Flavoured latte - Hazelnut - 2.55, Regular Chai latte - 2.30",6.15,CARD,2495678947219034
18/12/2024 13:23,Edinburgh,Mike Shaffer,"Regular Flavoured latte - Hazelnut - 2.55, Large Flavoured latte - Hazelnut - 2.85, Regular Chai latte - 2.30",7.7,CARD,7357378880603019
18/12/2024 13:24,Edinburgh,Frank Poreda,"Regular Flavoured latte - Hazelnut - 2.55, Large Chai latte - 2.60",5.15,CARD,2071112747209227
18/12/2024 13:25,Edinburgh,Catherine Maddox,Large Flavoured iced latte - Hazelnut - 3.25,3.25,CASH,
18/12/2024 13:26,Edinburgh,Keith Mcbride,"Regular Mocha - 2.30, Regular Smoothies - Glowing Greens - 2.00, Regular Flavoured latte - Hazelnut - 2.55, Large Americano - 2.25",9.1,CASH,
18/12/2024 13:27,Edinburgh,Jose Heavilin,Large Speciality Tea - Earl Grey - 1.60,1.6,CARD,9833152841454567
18/12/2024 13:28,Edinburgh,Latosha Haine,"Large Flavoured latte - Hazelnut - 2.85, Regular Chai latte - 2.30, Regular Mocha - 2.30, Large Chai latte - 2.60, Regular Flavoured latte - Hazelnut - 2.55",12.6,CARD,5556908165199750
18/12/2024 13:29,Edinburgh,Noel Milligan,Large Speciality Tea - Fruit - 1.60,1.6,CARD,2658529262113433
18/12/2024 13:30,Edinburgh,Earle Garris,Regular Smoothies - Carrot Kick - 2.00,2.0,CASH,
18/12/2024 13:31,Edinburgh,Thomas Lindsey,"Large Americano - 2.25, Large Smoothies - Carrot Kick - 2.50",4.75,CASH,
18/12/2024 13:32,Edinburgh,Jason Brown,"Regular Speciality Tea - Green - 1.30, Large Smoothies - Glowing Greens - 2.50, Regular Smoothies - Carrot Kick - 2.00",5.8,CARD,5726186533559647
18/12/2024 13:34,Edinburgh,Charlie Barrett,"Large Mocha - 2.70, Large Chai latte - 2.60, Regular Speciality Tea - Fruit - 1.30, Regular Speciality Tea - Earl Grey - 1.30",7.9,CARD,5641159168349852
18/12/2024 13:35,Edinburgh,Fanny Brinkley,"Regular Smoothies - Glowing Greens - 2.00, Large Americano - 2.25, Large Americano - 2.25",6.5,CARD,4486967517969684
18/12/2024 13:36,Edinburgh,Andrea Haines,Large Mocha - 2.70,2.7,CARD,2869665410035014
18/12/2024 13:37,Edinburgh,Louisa Pierce,Regular Smoothies - Glowing Greens - 2.00,2.0,CARD,5015972159837694
18/12/2024 13:38,Edinburgh,John Rester,Large Smoothies - Glowing Greens - 2.50,2.5,CARD,7526047097417674
18/12/2024 13:39,Edinburgh,George Wolf,"Regular Americano - 1.95, Regular Chai latte - 2.30, Regular Speciality Tea - Green - 1.30, Regular Speciality Tea - Fruit - 1.30",6.85,CARD,5077970328181561
18/12/2024 13:40,Edinburgh,Kyle Krout,Regular Chai latte - 2.30,2.3,CARD,1157231710277709
18/12/2024 13:41,Edinburgh,Jennifer Higgins,"Large Flavoured iced latte - Hazelnut - 3.25, Large Flavoured iced latte - Hazelnut - 3.25, Regular Smoothies - Carrot Kick - 2.00, Regular Chai latte - 2.30",10.8,CARD,1890903484865077
18/12/2024 13:42,Edinburgh,Nancy Laborde,"Large Smoothies - Glowing Greens - 2.50, Large Speciality Tea - Green - 1.60, Regular Flavoured latte - Hazelnut - 2.55",6.65,CASH,
18/12/2024 13:43,Edinburgh,Kesha Lumley,"Regular Chai latte - 2.30, Regular Speciality Tea - Fruit - 1.30, Large Chai latte - 2.60",6.2,CARD,7286082533896917
18/12/2024 13:44,Edinburgh,Billy Uzelac,Regular Speciality Tea - Earl Grey - 1.30,1.3,CARD,9206364218336027
18/12/2024 13:45,Edinburgh,Betty Patterson,"Regular Speciality Tea - Fruit - 1.30, Large Speciality Tea - Earl Grey - 1.60, Regular Mocha - 2.30, Regular Speciality Tea - Green - 1.30, Large Chai latte - 2.60",9.1,CARD,9376414566918626
18/12/2024 13:46,Edinburgh,Daniel Miller,"Large Americano - 2.25, Large Speciality Tea - Green - 1.60, Large Speciality Tea - Fruit - 1.60, Regular Smoothies - Carrot Kick - 2.00, Large Flavoured latte - Hazelnut - 2.85",10.3,CARD,5539388220398495
18/12/2024 13:47,Edinburgh,Joyce Hunter,"Large Speciality Tea - Green - 1.60, Regular Smoothies - Glowing Greens - 2.00, Large Flavoured iced latte - Hazelnut - 3.25, Large Speciality Tea - Green - 1.60",8.45,CARD,7260076838038652
18/12/2024 13:48,Edinburgh,Edna Jimenez,"Regular Flavoured iced latte - Hazelnut - 2.75, Regular Americano - 1.95, Large Mocha - 2.70",7.4,CARD,1829923874899644
18/12/2024 13:49,Edinburgh,Kevin Reardon,"Regular Chai latte - 2.30, Regular Mocha - 2.30",4.6,CARD,1899460465895972
18/12/2024 13:50,Edinburgh,Billy Oneill,"Regular Speciality Tea - Green - 1.30, Regular Speciality Tea - Green - 1.30, Regular Speciality Tea - Fruit - 1.30, Regular Mocha - 2.30",6.2,CASH,
18/12/2024 13:51,Edinburgh,Robert Smith,"Regular Smoothies - Carrot Kick - 2.00, Regular Americano - 1.95",3.95,CARD,8393003207226003
18/12/2024 13:52,Edinburgh,Sandra Watkins,"Large Smoothies - Glowing Greens - 2.50, Large Flavoured iced latte - Hazelnut - 3.25, Large Speciality Tea - Green - 1.60",7.35,CARD,6148879410095484
18/12/2024 13:53,Edinburgh,Paul Figueroa,"Large Americano - 2.25, Large Americano - 2.25, Large Smoothies - Glowing Greens - 2.50",7.0,CASH,
18/12/2024 13:55,Edinburgh,Carroll Gailey,Large Flavoured iced latte - Hazelnut - 3.25,3.25,CARD,9680560986709718
18/12/2024 13:56,Edinburgh,Michael Sichler,"Large Flavoured iced latte - Hazelnut - 3.25, Regular Speciality Tea - Earl Grey - 1.30, Regular Flavoured iced latte - Hazelnut - 2.75, Large Chai latte - 2.60",9.9,CARD,4624993750079167
18/12/2024 13:57,Edinburgh,Gary Carnes,"Large Mocha - 2.70, Regular Americano - 1.95, Regular Americano - 1.95, Regular Americano - 1.95",8.55,CASH,
18/12/2024 13:58,Edinburgh,Kenneth Kirkwood,"Large Smoothies - Carrot Kick - 2.50, Regular Mocha - 2.30, Regular Speciality Tea - Earl Grey - 1.30, Regular Smoothies - Carrot Kick - 2.00, Large Mocha - 2.70",10.8,CARD,2965165391320810
18/12/2024 13:59,Edinburgh,Natasha Gray,"Regular Flavoured iced latte - Hazelnut - 2.75, Large Speciality Tea - Earl Grey - 1.60, Regular Americano - 1.95",6.3,CASH,
18/12/2024 14:00,Edinburgh,John Moscato,Regular Speciality Tea - Earl Grey - 1.30,1.3,CARD,8905551853838721
18/12/2024 14:01,Edinburgh,Bruce Mooney,"Large Smoothies - Glowing Greens - 2.50, Large Smoothies - Carrot Kick - 2.50, Large Speciality Tea - Earl Grey - 1.60",6.6,CARD,4792957144068237
18/12/2024 14:02,Edinburgh,Norma Pappan,"Large Chai latte - 2.60, Regular Flavoured iced latte - Hazelnut - 2.75",5.35,CARD,8595742877406282
18/12/2024 14:03,Edinburgh,Cody Johnson,"Regular Speciality Tea - Green - 1.30, Large Speciality Tea - Green - 1.60",2.9,CARD,7077285435770450
18/12/2024 14:04,Edinburgh,James Johnston,"Large Smoothies - Glowing Greens - 2.50, Regular Americano - 1.95, Large Smoothies - Carrot Kick - 2.50",6.95,CARD,6405812501965072
18/12/2024 14:04,Edinburgh,Matt Stevens,"Large Speciality Tea - Fruit - 1.60, Large Mocha - 2.70, Large Speciality Tea - Green - 1.60, Large Chai latte - 2.60, Large Speciality Tea - Earl Grey - 1.60",10.1,CARD,8298771929166066
18/12/2024 14:05,Edinburgh,Hannah Doering,Regular Speciality Tea - Earl Grey - 1.30,1.3,CASH,
18/12/2024 14:06,Edinburgh,Josephine Falgout,"Large Chai latte - 2.60, Large Chai latte - 2.60",5.2,CARD,1671071815797418
18/12/2024 14:07,Edinburgh,Marion Mattingly,"Regular Speciality Tea - Earl Grey - 1.30, Regular Mocha - 2.30, Large Speciality Tea - Fruit - 1.60, Regular Americano - 1.95",7.15,CARD,2392016624982369
18/12/2024 14:08,Edinburgh,Joel Jacobsen,"Regular Smoothies - Carrot Kick - 2.00, Large Flavoured iced latte - Hazelnut - 3.25",5.25,CARD,8914213164455445
18/12/2024 14:09,Edinburgh,Andrew Nekola,"Large Speciality Tea - Fruit - 1.60, Regular Speciality Tea - Fruit - 1.30, Large Smoothies - Glowing Greens - 2.50",5.4,CASH,
18/12/2024 14:10,Edinburgh,John Brown,"Large Americano - 2.25, Large Flavoured iced latte - Hazelnut - 3.25",5.5,CASH,
18/12/2024 14:11,Edinburgh,Tony Marble,"Regular Speciality Tea - Earl Grey - 1.30, Large Smoothies - Glowing Greens - 2.50",3.8,CARD,7861293270363924
18/12/2024 14:12,Edinburgh,James Norton,"Regular Chai latte - 2.30, Regular Flavoured iced latte - Hazelnut - 2.75, Regular Chai latte - 2.30",7.35,CARD,9656017021802718
18/12/2024 14:13,Edinburgh,Bryan Brunell,Regular Speciality Tea - Green - 1.30,1.3,CARD,2878341723616272
18/12/2024 14:14,Edinburgh,Hye Simpkins,"Large Flavoured iced latte - Hazelnut - 3.25, Regular Flavoured latte - Hazelnut - 2.55",5.8,CARD,5101479134831048
18/12/2024 14:15,Edinburgh,David Coleman,"Regular Flavoured latte - Hazelnut - 2.55, Large Speciality Tea - Green - 1.60, Regular Mocha - 2.30",6.45,CARD,5645333025086387
18/12/2024 14:16,Edinburgh,Marcia Weems,"Large Chai latte - 2.60, Regular Smoothies - Glowing Greens - 2.00",4.6,CARD,6859822867042781
18/12/2024 14:17,Edinburgh,James Lopez,"Large Smoothies - Glowing Greens - 2.50, Large Speciality Tea - Fruit - 1.60, Regular Speciality Tea - Fruit - 1.30, Regular Americano - 1.95, Large Americano - 2.25",9.6,CARD,4744346270351201
18/12/2024 14:18,Edinburgh,Daniel Dunn,"Large Mocha - 2.70, Large Speciality Tea - Fruit - 1.60, Regular Smoothies - Glowing Greens - 2.00, Regular Speciality Tea - Earl Grey - 1.30",7.6,CARD,6602548227070760
18/12/2024 14:18,Edinburgh,Maria Haase,"Large Smoothies - Glowing Greens - 2.50, Large Chai latte - 2.60, Large Speciality Tea - Earl Grey - 1.60, Regular Chai latte - 2.30, Regular Speciality Tea - Earl Grey - 1.30",10.3,CARD,4382775468194943
18/12/2024 14:19,Edinburgh,Shirley Schoemaker,Regular Speciality Tea - Green - 1.30,1.3,CARD,6166118360922220
18/12/2024 14:20,Edinburgh,William Harris,"Large Chai latte - 2.60, Regular Chai latte - 2.30, Regular Smoothies - Glowing Greens - 2.00",6.9,CASH,
18/12/2024 14:21,Edinburgh,James Cogswell,"Regular Americano - 1.95, Large Speciality Tea - Green - 1.60, Large Flavoured latte - Hazelnut - 2.85, Large Speciality Tea - Earl Grey - 1.60, Regular Speciality Tea - Earl Grey - 1.30",9.3,CASH,
18/12/2024 14:22,Edinburgh,Charles Desantis,"Large Speciality Tea - Green - 1.60, Regular Smoothies - Glowing Greens - 2.00, Regular Flavoured latte - Hazelnut - 2.55",6.15,CARD,5433045067321526
18/12/2024 14:23,Edinburgh,Jose Gilbert,Large Flavoured iced latte - Hazelnut - 3.25,3.25,CASH,
18/12/2024 14:24,Edinburgh,Michael Winn,Large Speciality Tea - Green - 1.60,1.6,CASH,
18/12/2024 14:25,Edinburgh,Rafael Cochran,"Regular Mocha - 2.30, Large Speciality Tea - Green - 1.60, Regular Chai latte - 2.30",6.2,CARD,5425623306090814
18/12/2024 14:26,Edinburgh,William Burns,"Regular Americano - 1.95, Large Mocha - 2.70",4.65,CARD,4806493592134675
18/12/2024 14:27,Edinburgh,Ronald Matthews,"Regular Flavoured latte - Hazelnut - 2.55, Large Americano - 2.25",4.8,CARD,6674180042419347
18/12/2024 14:28,Edinburgh,Cynthia Marinello,"Large Mocha - 2.70, Regular Chai latte - 2.30",5.0,CARD,8964951976417495
18/12/2024 14:29,Edinburgh,Mike Torres,Large Mocha - 2.70,2.7,CARD,4788621931651771
18/12/2024 14:30,Edinburgh,Charles Razor,"Large Americano - 2.25, Large Speciality Tea - Fruit - 1.60",3.85,CASH,
18/12/2024 14:31,Edinburgh,Michelle Hodgdon,Large Mocha - 2.70,2.7,CASH,
18/12/2024 14:32,Edinburgh,Frances Wilson,Regular Speciality Tea - Earl Grey - 1.30,1.3,CARD,3659846061995347
18/12/2024 14:32,Edinburgh,Carrie Randall,"Regular Flavoured iced latte - Hazelnut - 2.75, Regular Smoothies - Glowing Greens - 2.00, Regular Speciality Tea - Earl Grey - 1.30, Large Speciality Tea - Earl Grey - 1.60, Large Speciality Tea - Green - 1.60",9.25,CARD,1138408700774635
18/12/2024 14:33,Edinburgh,Kristy Burrows,"Large Chai latte - 2.60, Regular Speciality Tea - Green - 1.30, Regular Americano - 1.95, Large Flavoured iced latte - Hazelnut - 3.25",9.1,CARD,7175572008013280
18/12/2024 14:34,Edinburgh,John Fredrick,"Regular Speciality Tea - Fruit - 1.30, Regular Mocha - 2.30",3.6,CARD,5044649560752024
18/12/2024 14:35,Edinburgh,Helen Young,"Large Speciality Tea - Earl Grey - 1.60, Large Smoothies - Glowing Greens - 2.50, Regular Mocha - 2.30, Regular Flavoured iced latte - Hazelnut - 2.75, Regular Flavoured iced latte - Hazelnut - 2.75, Large Smoothies - Glowing Greens - 2.50",14.4,CARD,5569570208884070
18/12/2024 14:36,Edinburgh,Daniel Merritt,"Regular Americano - 1.95, Large Smoothies - Glowing Greens - 2.50",4.45,CASH,
18/12/2024 14:37,Edinburgh,Kenny Coltrain,Regular Americano - 1.95,1.95,CASH,
18/12/2024 14:38,Edinburgh,William Jackson,"Regular Smoothies - Glowing Greens - 2.00, Large Speciality Tea - Green - 1.60, Regular Smoothies - Glowing Greens - 2.00",5.6,CASH,
18/12/2024 14:39,Edinburgh,Mary Senior,"Large Mocha - 2.70, Large Speciality Tea - Green - 1.60, Regular Mocha - 2.30, Regular Speciality Tea - Fruit - 1.30, Regular Smoothies - Carrot Kick - 2.00",9.9,CASH,
18/12/2024 14:40,Edinburgh,Amanda Hardy,Large Flavoured latte - Hazelnut - 2.85,2.85,CARD,2524849100031705
18/12/2024 14:41,Edinburgh,John Silver,Large Flavoured iced latte - Hazelnut - 3.25,3.25,CARD,4918330161486796
18/12/2024 14:42,Edinburgh,Crystal Amos,"Large Smoothies - Carrot Kick - 2.50, Regular Americano - 1.95",4.45,CASH,
18/12/2024 14:43,Edinburgh,Christy Tuttle,"Large Flavoured iced latte - Hazelnut - 3.25, Regular Mocha - 2.30, Large Flavoured iced latte - Hazelnut - 3.25, Large Smoothies - Carrot Kick - 2.50",11.3,CASH,
18/12/2024 14:44,Edinburgh,Cora Colon,"Large Flavoured iced latte - Hazelnut - 3.25, Large Flavoured iced latte - Hazelnut - 3.25, Regular Smoothies - Glowing Greens - 2.00, Regular Flavoured iced latte - Hazelnut - 2.75, Regular Speciality Tea - Green - 1.30",12.55,CASH,
18/12/2024 14:45,Edinburgh,Jeffrey Youngs,Large Smoothies - Glowing Greens - 2.50,2.5,CARD,4089433876643913
18/12/2024 14:46,Edinburgh,Craig Hatch,"Large Mocha - 2.70, Regular Speciality Tea - Green - 1.30, Large Speciality Tea - Earl Grey - 1.60, Large Speciality Tea - Fruit - 1.60, Large Speciality Tea - Earl Grey - 1.60, Regular Speciality Tea - Fruit - 1.30",10.1,CARD,1187902554711728
18/12/2024 14:46,Edinburgh,So Clark,"Regular Mocha - 2.30, Regular Speciality Tea - Green - 1.30, Regular Smoothies - Glowing Greens - 2.00",5.6,CARD,8585935700777799
18/12/2024 14:47,Edinburgh,Carrie Cook,"Regular Smoothies - Carrot Kick - 2.00, Regular Americano - 1.95",3.95,CARD,8889430734693785
18/12/2024 14:48,Edinburgh,Rachel James,"Regular Chai latte - 2.30, Regular Speciality Tea - Earl Grey - 1.30, Regular Flavoured iced latte - Hazelnut - 2.75",6.35,CASH,
18/12/2024 14:49,Edinburgh,Zachary Posey,Regular Americano - 1.95,1.95,CARD,1375952479621762
18/12/2024 14:50,Edinburgh,Amelia Fuller,"Regular Flavoured latte - Hazelnut - 2.55, Regular Chai latte - 2.30, Large Chai latte - 2.60",7.45,CASH,
18/12/2024 14:51,Edinburgh,Gary Young,"Regular Americano - 1.95, Regular Speciality Tea - Earl Grey - 1.30, Large Americano - 2.25, Large Americano - 2.25",7.75,CASH,
18/12/2024 14:52,Edinburgh,Carolyn Berkson,"Regular Mocha - 2.30, Regular Smoothies - Carrot Kick - 2.00, Regular Chai latte - 2.30, Regular Americano - 1.95, Regular Chai latte - 2.30",10.85,CASH,
18/12/2024 14:53,Edinburgh,Nannie Stuart,"Regular Flavoured latte - Hazelnut - 2.55, Regular Mocha - 2.30, Large Smoothies - Glowing Greens - 2.50, Large Americano - 2.25, Large Speciality Tea - Green - 1.60, Large Speciality Tea - Fruit - 1.60",12.8,CARD,7084845739680994
18/12/2024 14:54,Edinburgh,Jesse Morgan,"Regular Speciality Tea - Earl Grey - 1.30, Regular Chai latte - 2.30, Large Americano - 2.25",5.85,CARD,6518515643395540
18/12/2024 14:55,Edinburgh,Marcelo Jewell,"Large Smoothies - Carrot Kick - 2.50, Regular Smoothies - Carrot Kick - 2.00, Regular Flavoured iced latte - Hazelnut - 2.75",7.25,CASH,
18/12/2024 14:56,Edinburgh,Junior Lopez,Regular Chai latte - 2.30,2.3,CASH,
18/12/2024 14:57,Edinburgh,Shawn Rase,"Large Flavoured iced latte - Hazelnut - 3.25, Large Chai latte - 2.60, Regular Speciality Tea - Fruit - 1.30, Large Flavoured iced latte - Hazelnut - 3.25",10.4,CARD,8399890469733567
18/12/2024 14:58,Edinburgh,Lora Seling,"Regular Chai latte - 2.30, Regular Flavoured iced latte - Hazelnut - 2.75, Regular Speciality Tea - Green - 1.30",6.35,CASH,
18/12/2024 14:59,Edinburgh,Antoinette Alexander,"Large Smoothies - Glowing Greens - 2.50, Large Smoothies - Carrot Kick - 2.50",5.0,CARD,1424368123362013
18/12/2024 15:00,Edinburgh,Katherine Berger,"Regular Americano - 1.95, Large Speciality Tea - Green - 1.60, Regular Americano - 1.95",5.5,CASH,
18/12/2024 15:00,Edinburgh,James Shropshire,"Regular Speciality Tea - Fruit - 1.30, Regular Speciality Tea - Green - 1.30, Large Speciality Tea - Earl Grey - 1.60, Regular Americano - 1.95, Regular Flavoured iced latte - Hazelnut - 2.75",8.9,CARD,9105354500883262
18/12/2024 15:01,Edinburgh,Raymond Crosby,Regular Americano - 1.95,1.95,CARD,5347805501455180
18/12/2024 15:02,Edinburgh,Paul Flaming,"Large Smoothies - Carrot Kick - 2.50, Large Flavoured iced latte - Hazelnut - 3.25, Regular Flavoured latte - Hazelnut - 2.55, Large Speciality Tea - Green - 1.60",9.9,CARD,1605915543107551
18/12/2024 15:03,Edinburgh,Bobbi Williams,"Regular Smoothies - Glowing Greens - 2.00, Large Chai latte - 2.60, Large Speciality Tea - Fruit - 1.60",6.2,CARD,8802624204568879
18/12/2024 15:04,Edinburgh,Charles Hellwig,"Regular Speciality Tea - Earl Grey - 1.30, Large Speciality Tea - Green - 1.60",2.9,CASH,
18/12/2024 15:04,Edinburgh,Albert Dorgan,"Large Speciality Tea - Fruit - 1.60, Regular Mocha - 2.30, Large Flavoured iced latte - Hazelnut - 3.25",7.15,CARD,5601328962579997
18/12/2024 15:05,Edinburgh,Geraldine Prine,"Large Speciality Tea - Fruit - 1.60, Regular Flavoured iced latte - Hazelnut - 2.75, Large Speciality Tea - Green - 1.60, Large Speciality Tea - Fruit - 1.60",7.55,CARD,8487687692428420
18/12/2024 15:06,Edinburgh,Danielle Drelick,"Regular Flavoured latte - Hazelnut - 2.55, Regular Mocha - 2.30, Regular Flavoured latte - Hazelnut - 2.55",7.4,CARD,9957619899927548
18/12/2024 15:07,Edinburgh,William Jackson,"Large Speciality Tea - Green - 1.60, Regular Speciality Tea - Fruit - 1.30",2.9,CARD,5275285448681699
18/12/2024 15:08,Edinburgh,Phillip Catanzarite,"Large Flavoured latte - Hazelnut - 2.85, Large Speciality Tea - Fruit - 1.60",4.45,CARD,1471190578509540
18/12/2024 15:09,Edinburgh,Patricia Hughes,Regular Smoothies - Glowing Greens - 2.00,2.0,CARD,6371501530256361
18/12/2024 15:09,Edinburgh,Maurice Brighton,Regular Smoothies - Carrot Kick - 2.00,2.0,CARD,6423430442437848
18/12/2024 15:10,Edinburgh,John Goin,Regular Flavoured latte - Hazelnut - 2.55,2.55,CARD,1408326601520049
18/12/2024 15:11,Edinburgh,Russell Corbin,"Large Flavoured iced latte - Hazelnut - 3.25, Large Flavoured latte - Hazelnut - 2.85, Large Flavoured latte - Hazelnut - 2.85, Regular Speciality Tea - Earl Grey - 1.30",10.25,CARD,1557890672158801
18/12/2024 15:12,Edinburgh,Adam Mitchell,"Regular Americano - 1.95, Large Americano - 2.25",4.2,CARD,2680950564368715
18/12/2024 15:13,Edinburgh,Brenda Johnson,Large Smoothies - Glowing Greens - 2.50,2.5,CASH,
18/12/2024 15:13,Edinburgh,Ronald Sanborn,"Large Chai latte - 2.60, Regular Speciality Tea - Earl Grey - 1.30, Large Smoothies - Glowing Greens - 2.50",6.4,CARD,8966086693027083
18/12/2024 15:14,Edinburgh,Yolanda Graham,"Regular Flavoured iced latte - Hazelnut - 2.75, Regular Americano - 1.95",4.7,CASH,
18/12/2024 15:15,Edinburgh,Gladys Canary,"Regular Speciality Tea - Earl Grey - 1.30, Regular Speciality Tea - Earl Grey - 1.30, Large Speciality Tea - Green - 1.60, Regular Chai latte - 2.30, Regular Smoothies - Glowing Greens - 2.00, Large Flavoured iced latte - Hazelnut - 3.25",11.75,CASH,
18/12/2024 15:16,Edinburgh,Lula Rodriquez,Regular Mocha - 2.30,2.3,CARD,7349990136882810
18/12/2024 15:17,Edinburgh,Juanita Bermudez,Large Flavoured iced latte - Hazelnut - 3.25,3.25,CARD,1096861967921532
18/12/2024 15:17,Edinburgh,David Newell,"Regular Flavoured iced latte - Hazelnut - 2.75, Large Chai latte - 2.60, Regular Chai latte - 2.30",7.65,CARD,7592439735945573
18/12/2024 15:18,Edinburgh,Gregory Rivera,"Regular Speciality Tea - Fruit - 1.30, Regular Speciality Tea - Earl Grey - 1.30, Regular Flavoured latte - Hazelnut - 2.55, Large Flavoured iced latte - Hazelnut - 3.25",8.4,CASH,
18/12/2024 15:19,Edinburgh,Jason Martin,"Large Speciality Tea - Fruit - 1.60, Large Flavoured iced latte - Hazelnut - 3.25",4.85,CARD,7981603802881431
18/12/2024 15:20,Edinburgh,Mark Hodges,"Regular Americano - 1.95, Regular Speciality Tea - Green - 1.30, Large Mocha - 2.70, Regular Speciality Tea - Earl Grey - 1.30, Large Speciality Tea - Fruit - 1.60",8.85,CARD,3623842998314644
18/12/2024 15:21,Edinburgh,Adrienne West,Large Speciality Tea - Earl Grey - 1.60,1.6,CARD,7066151323554226
18/12/2024 15:22,Edinburgh,Dave Thomsen,Large Mocha - 2.70,2.7,CARD,4509615413576827
18/12/2024 15:22,Edinburgh,Lucille Adair,"Large Americano - 2.25, Large Chai latte - 2.60, Large Americano - 2.25, Regular Smoothies - Carrot Kick - 2.00",9.1,CARD,4167387085023679
18/12/2024 15:23,Edinburgh,Henry Larkin,"Regular Chai latte - 2.30, Large Smoothies - Carrot Kick - 2.50, Large Speciality Tea - Fruit - 1.60",6.4,CARD,5282113112737354
18/12/2024 15:24,Edinburgh,Jannette Mitchell,Large Flavoured iced latte - Hazelnut - 3.25,3.25,CARD,9823831116202998
18/12/2024 15:25,Edinburgh,Louis Wright,Large Americano - 2.25,2.25,CARD,1312519190196552
18/12/2024 15:26,Edinburgh,Gwendolyn Dunn,"Regular Speciality Tea - Earl Grey - 1.30, Regular Speciality Tea - Earl Grey - 1.30",2.6,CARD,2617162869700158
18/12/2024 15:26,Edinburgh,Michael Beverly,"Large Flavoured iced latte - Hazelnut - 3.25, Regular Smoothies - Glowing Greens - 2.00, Large Flavoured iced latte - Hazelnut - 3.25",8.5,CARD,6222160818695590
18/12/2024 15:27,Edinburgh,Susan Bluhm,"Large Smoothies - Carrot Kick - 2.50, Large Flavoured iced latte - Hazelnut - 3.25, Large Mocha - 2.70, Large Chai latte - 2.60",11.05,CARD,3072360020468275
18/12/2024 15:28,Edinburgh,Henry Cornelius,"Large Flavoured iced latte - Hazelnut - 3.25, Regular Smoothies - Glowing Greens - 2.00",5.25,CASH,
18/12/2024 15:29,Edinburgh,Clifford Turner,"Large Smoothies - Carrot Kick - 2.50, Large Chai latte - 2.60, Regular Mocha - 2.30, Regular Flavoured latte - Hazelnut - 2.55, Regular Speciality Tea - Green - 1.30, Large Americano - 2.25",13.5,CARD,3615826235817364
18/12/2024 15:30,Edinburgh,John Schmidt,"Large Speciality Tea - Earl Grey - 1.60, Regular Flavoured iced latte - Hazelnut - 2.75",4.35,CARD,9708633119560839
18/12/2024 15:31,Edinburgh,Louise Howlett,Large Smoothies - Glowing Greens - 2.50,2.5,CARD,3359984007954790
18/12/2024 15:31,Edinburgh,Gregory Carlow,"Large Smoothies - Carrot Kick - 2.50, Large Flavoured iced latte - Hazelnut - 3.25, Regular Smoothies - Carrot Kick - 2.00",7.75,CARD,5897174823079107
18/12/2024 15:32,Edinburgh,Marc Allen,"Large Smoothies - Glowing Greens - 2.50, Large Smoothies - Carrot Kick - 2.50, Large Smoothies - Carrot Kick - 2.50, Regular Speciality Tea - Fruit - 1.30, Regular Flavoured iced latte - Hazelnut - 2.75, Large Speciality Tea - Earl Grey - 1.60",13.15,CARD,9983551335835825
18/12/2024 15:33,Edinburgh,Lisa Coffie,"Large Speciality Tea - Fruit - 1.60, Regular Flavoured latte - Hazelnut - 2.55, Large Smoothies - Carrot Kick - 2.50, Regular Flavoured latte - Hazelnut - 2.55",9.2,CARD,7542985802637814
18/12/2024 15:34,Edinburgh,Judith Bell,"Large Americano - 2.25, Regular Flavoured iced latte - Hazelnut - 2.75, Large Flavoured latte - Hazelnut - 2.85, Regular Smoothies - Glowing Greens - 2.00, Regular Smoothies - Carrot Kick - 2.00, Large Chai latte - 2.60",14.45,CARD,6220173546918699
18/12/2024 15:35,Edinburgh,Morris Chirinos,"Large Speciality Tea - Green - 1.60, Regular Speciality Tea - Green - 1.30, Large Flavoured iced latte - Hazelnut - 3.25, Large Americano - 2.25, Large Mocha - 2.70",11.1,CASH,
18/12/2024 15:35,Edinburgh,Aaron Martinez,"Regular Speciality Tea - Earl Grey - 1.30, Large Smoothies - Carrot Kick - 2.50, Regular Chai latte - 2.30, Large Speciality Tea - Fruit - 1.60, Regular Flavoured latte - Hazelnut - 2.55",10.25,CARD,3244258500383748
18/12/2024 15:36,Edinburgh,James Williams,"Large Speciality Tea - Green - 1.60, Regular Americano - 1.95, Regular Americano - 1.95, Large Chai latte - 2.60",8.1,CASH,
18/12/2024 15:37,Edinburgh,Lucy Lee,"Regular Chai latte - 2.30, Large Flavoured iced latte - Hazelnut - 3.25",5.55,CASH,
18/12/2024 15:38,Edinburgh,Martha Keene,"Regular Chai latte - 2.30, Large Flavoured latte - Hazelnut - 2.85, Large Flavoured iced latte - Hazelnut - 3.25",8.4,CARD,7135416121604739
18/12/2024 15:39,Edinburgh,Cynthia Reulet,"Large Mocha - 2.70, Large Chai latte - 2.60, Large Speciality Tea - Green - 1.60, Large Speciality Tea - Earl Grey - 1.60",8.5,CASH,
18/12/2024 15:40,Edinburgh,Richard Plummer,"Large Speciality Tea - Earl Grey - 1.60, Large Smoothies - Glowing Greens - 2.50, Large Mocha - 2.70, Large Mocha - 2.70",9.5,CARD,5318579048786032
18/12/2024 15:40,Edinburgh,Sylvia Fisherman,"Regular Smoothies - Carrot Kick - 2.00, Large Americano - 2.25, Large Flavoured latte - Hazelnut - 2.85, Regular Flavoured iced latte - Hazelnut - 2.75, Regular Smoothies - Carrot Kick - 2.00, Large Flavoured latte - Hazelnut - 2.85",14.7,CASH,
18/12/2024 15:41,Edinburgh,Ronald Boulanger,"Large Flavoured latte - Hazelnut - 2.85, Regular Smoothies - Carrot Kick - 2.00, Large Flavoured latte - Hazelnut - 2.85, Regular Speciality Tea - Fruit - 1.30",9.0,CARD,2460043974678257
18/12/2024 15:42,Edinburgh,Larry Bonelli,Regular Smoothies - Carrot Kick - 2.00,2.0,CARD,3274596463825189
18/12/2024 15:43,Edinburgh,Armando Armes,Large Speciality Tea - Fruit - 1.60,1.6,CASH,
18/12/2024 15:44,Edinburgh,Elmer White,"Regular Smoothies - Carrot Kick - 2.00, Large Flavoured latte - Hazelnut - 2.85, Regular Americano - 1.95, Regular Flavoured iced latte - Hazelnut - 2.75",9.55,CARD,8866022033720700
18/12/2024 15:44,Edinburgh,James Coward,"Regular Speciality Tea - Green - 1.30, Large Smoothies - Carrot Kick - 2.50, Regular Chai latte - 2.30",6.1,CARD,5958379833005701
18/12/2024 15:45,Edinburgh,Douglas Brothers,"Regular Flavoured latte - Hazelnut - 2.55, Regular Americano - 1.95, Large Flavoured latte - Hazelnut - 2.85",7.35,CARD,7411407074053556
18/12/2024 15:46,Edinburgh,Bill Chisum,Regular Flavoured iced latte - Hazelnut - 2.75,2.75,CARD,9238059215000131
18/12/2024 15:47,Edinburgh,Debra Vanscyoc,"Large Flavoured latte - Hazelnut - 2.85, Regular Mocha - 2.30",5.15,CASH,
18/12/2024 15:48,Edinburgh,Danny Burke,"Regular Americano - 1.95, Regular Speciality Tea - Earl Grey - 1.30, Regular Mocha - 2.30",5.55,CARD,9394753224483036
18/12/2024 15:49,Edinburgh,Giovanni Dowell,"Regular Chai latte - 2.30, Regular Flavoured iced latte - Hazelnut - 2.75, Large Speciality Tea - Fruit - 1.60, Regular Chai latte - 2.30",8.95,CARD,8814778001508188
18/12/2024 15:49,Edinburgh,Monique Klingensmith,"Large Mocha - 2.70, Regular Mocha - 2.30, Regular Americano - 1.95",6.95,CARD,4587423057093987
18/12/2024 15:50,Edinburgh,Ann Flowers,Large Smoothies - Carrot Kick - 2.50,2.5,CARD,8134891020904107
18/12/2024 15:51,Edinburgh,Steven Pickett,"Large Flavoured iced latte - Hazelnut - 3.25, Regular Flavoured latte - Hazelnut - 2.55, Large Flavoured latte - Hazelnut - 2.85",8.65,CARD,8052319923810211
18/12/2024 15:52,Edinburgh,Marshall Brown,"Regular Flavoured iced latte - Hazelnut - 2.75, Large Smoothies - Glowing Greens - 2.50, Regular Flavoured latte - Hazelnut - 2.55",7.8,CARD,1198107172399475
18/12/2024 15:53,Edinburgh,Mark Bush,"Large Mocha - 2.70, Large Mocha - 2.70, Large Smoothies - Carrot Kick - 2.50, Large Flavoured iced latte - Hazelnut - 3.25, Regular Speciality Tea - Fruit - 1.30, Regular Speciality Tea - Green - 1.30",13.75,CASH,
18/12/2024 15:53,Edinburgh,Anthony Chastain,"Large Speciality Tea - Fruit - 1.60, Large Speciality Tea - Earl Grey - 1.60, Regular Mocha - 2.30",5.5,CASH,
18/12/2024 15:54,Edinburgh,Pedro Amato,"Large Speciality Tea - Green - 1.60, Large Speciality Tea - Earl Grey - 1.60, Large Flavoured latte - Hazelnut - 2.85, Regular Flavoured iced latte - Hazelnut - 2.75",8.8,CARD,7290116845223743
18/12/2024 15:55,Edinburgh,Peter Courson,Regular Smoothies - Carrot Kick - 2.00,2.0,CARD,5739244628296442
18/12/2024 15:56,Edinburgh,Maude Cruz,"Large Smoothies - Carrot Kick - 2.50, Large Flavoured iced latte - Hazelnut - 3.25",5.75,CASH,
18/12/2024 15:57,Edinburgh,Cesar Tadych,"Regular Americano - 1.95, Regular Chai latte - 2.30, Regular Flavoured latte - Hazelnut - 2.55",6.8,CASH,
18/12/2024 15:58,Edinburgh,Mary Hammock,"Regular Speciality Tea - Fruit - 1.30, Regular Chai latte - 2.30, Large Flavoured iced latte - Hazelnut - 3.25",6.85,CARD,7972219451762937
18/12/2024 15:58,Edinburgh,Byron Gray,"Regular Mocha - 2.30, Regular Speciality Tea - Fruit - 1.30",3.6,CARD,5237416386111069
18/12/2024 15:59,Edinburgh,Helen Alton,"Large Chai latte - 2.60, Regular Flavoured latte - Hazelnut - 2.55, Large Flavoured latte - Hazelnut - 2.85, Regular Smoothies - Glowing Greens - 2.00",10.0,CARD,4005243189118488
18/12/2024 16:00,Edinburgh,Wm Garza,Regular Speciality Tea - Fruit - 1.30,1.3,CARD,9990688550702660
18/12/2024 16:03,Edinburgh,Catherine Mullins,"Large Speciality Tea - Green - 1.60, Large Chai latte - 2.60, Large Speciality Tea - Green - 1.60, Regular Chai latte - 2.30",8.1,CASH,
18/12/2024 16:06,Edinburgh,Roberto Blackmon,Large Speciality Tea - Green - 1.60,1.6,CARD,8448228462023792
18/12/2024 16:09,Edinburgh,Mabel Ruano,"Large Chai latte - 2.60, Large Speciality Tea - Fruit - 1.60, Regular Americano - 1.95",6.15,CASH,
18/12/2024 16:13,Edinburgh,Naomi Roberts,"Regular Chai latte - 2.30, Large Americano - 2.25",4.55,CASH,
18/12/2024 16:16,Edinburgh,Jean Heninger,"Large Flavoured latte - Hazelnut - 2.85, Regular Speciality Tea - Fruit - 1.30, Large Speciality Tea - Green - 1.60",5.75,CARD,7427854028139214
18/12/2024 16:19,Edinburgh,James Anderson,"Regular Smoothies - Glowing Greens - 2.00, Regular Flavoured iced latte - Hazelnut - 2.75, Regular Speciality Tea - Fruit - 1.30, Regular Flavoured iced latte - Hazelnut - 2.75, Regular Speciality Tea - Fruit - 1.30, Regular Flavoured latte - Hazelnut - 2.55",12.65,CARD,8240837404582589
18/12/2024 16:22,Edinburgh,Shawn Poston,"Large Flavoured latte - Hazelnut - 2.85, Large Mocha - 2.70, Regular Smoothies - Carrot Kick - 2.00",7.55,CARD,6221570972360510
18/12/2024 16:25,Edinburgh,Daisy Gonzalez,Regular Speciality Tea - Green - 1.30,1.3,CARD,7601728742096231
18/12/2024 16:28,Edinburgh,Adam Boyer,"Regular Speciality Tea - Earl Grey - 1.30, Large Mocha - 2.70, Large Americano - 2.25",6.25,CARD,4206553279522018
18/12/2024 16:31,Edinburgh,Teresa Powell,"Regular Flavoured iced latte - Hazelnut - 2.75, Large Speciality Tea - Fruit - 1.60",4.35,CARD,6024892799257156
18/12/2024 16:35,Edinburgh,Michael Hood,"Regular Mocha - 2.30, Large Americano - 2.25, Large Speciality Tea - Earl Grey - 1.60",6.15,CARD,5191869591796034
18/12/2024 16:38,Edinburgh,Darwin Keith,"Large Flavoured iced latte - Hazelnut - 3.25, Large Chai latte - 2.60, Large Speciality Tea - Fruit - 1.60",7.45,CARD,9720998457093894
18/12/2024 16:41,Edinburgh,Benjamin Mathias,"Large Speciality Tea - Earl Grey - 1.60, Large Flavoured latte - Hazelnut - 2.85",4.45,CASH,
18/12/2024 16:44,Edinburgh,Jonah Harvey,"Regular Speciality Tea - Earl Grey - 1.30, Large Speciality Tea - Green - 1.60, Regular Mocha - 2.30",5.2,CARD,9984114205393107
18/12/2024 16:47,Edinburgh,Raymond Ebinger,"Large Flavoured iced latte - Hazelnut - 3.25, Regular Flavoured latte - Hazelnut - 2.55",5.8,CARD,3474843645576214
18/12/2024 16:50,Edinburgh,Minnie Fairley,"Large Speciality Tea - Green - 1.60, Regular Flavoured latte - Hazelnut - 2.55",4.15,CASH,
18/12/2024 16:54,Edinburgh,Sandra Cooper,Regular Speciality Tea - Green - 1.30,1.3,CARD,8032440624828955
18/12/2024 16:57,Edinburgh,Virginia Ing,"Regular Americano - 1.95, Large Mocha - 2.70",4.65,CARD,5449964137583043
