18/12/2024 08:00,Glasgow,Diane Menzel,"Large Cappuccino - 2.45, Regular Smoothies - Berry Beautiful - 2.00, Large Speciality Tea - Camomile - 1.60, Large Cappuccino - 2.45, Large Hot chocolate - 2.90",11.4,CASH,
18/12/2024 08:03,Glasgow,Kimberly Folsom,"Regular Flavoured iced latte - Vanilla - 2.75, Large Cappuccino - 2.45",5.2,CASH,
18/12/2024 08:06,Glasgow,David Tiscareno,"Regular Flavoured iced latte - Vanilla - 2.75, Regular Flavoured hot chocolate - Hazelnut - 2.60",5.35,CARD,4166621271256867
18/12/2024 08:09,Glasgow,Stephen Stimmell,"Regular Speciality Tea - Camomile - 1.30, Large Flavoured iced latte - Hazelnut - 3.25",4.55,CARD,5635038826725847
18/12/2024 08:12,Glasgow,Steve Yount,"Large Smoothies - Berry Beautiful - 2.50, Large Cappuccino - 2.45",4.95,CARD,5542751911413859
18/12/2024 08:15,Glasgow,Michelle Lazar,"Large Smoothies - Berry Beautiful - 2.50, Large Hot chocolate - 2.90",5.4,CARD,6804070583276878
18/12/2024 08:18,Glasgow,Michael Valez,Regular Cappuccino - 2.15,2.15,CASH,
18/12/2024 08:21,Glasgow,Jason Mehling,"Large Flavoured iced latte - Hazelnut - 3.25, Large Flavoured iced latte - Vanilla - 3.25",6.5,CARD,2269103142043476
18/12/2024 08:24,Glasgow,Allen Garcia,"Large Speciality Tea - Camomile - 1.60, Regular Americano - 1.95, Regular Smoothies - Berry Beautiful - 2.00",5.55,CASH,
18/12/2024 08:27,Glasgow,William Garner,"Large Chai latte - 2.60, Regular Flavoured iced latte - Vanilla - 2.75",5.35,CARD,9642002972049391
18/12/2024 08:30,Glasgow,Guy Green,"Regular Cappuccino - 2.15, Large Flavoured hot chocolate - Hazelnut - 2.90, Regular Smoothies - Berry Beautiful - 2.00, Regular Hot chocolate - 2.20",9.25,CARD,8801784017966684
18/12/2024 08:33,Glasgow,Patricia Taylor,"Large Flavoured iced latte - Vanilla - 3.25, Large Americano - 2.25, Large Flavoured iced latte - Vanilla - 3.25, Regular Flavoured iced latte - Vanilla - 2.75, Large Smoothies - Berry Beautiful - 2.50, Large Smoothies - Berry Beautiful - 2.50",16.5,CASH,
18/12/2024 08:36,Glasgow,John Quinonez,"Regular Flavoured hot chocolate - Hazelnut - 2.60, Large Americano - 2.25, Regular Cappuccino - 2.15",7.0,CARD,4823810008591499
18/12/2024 08:39,Glasgow,Mitchell Mcbeth,"Regular Chai latte - 2.30, Large Speciality Tea - Camomile - 1.60, Regular Cappuccino - 2.15, Regular Chai latte - 2.30, Large Flavoured iced latte - Vanilla - 3.25, Regular Flavoured iced latte - Hazelnut - 2.75",14.35,CARD,6542729797580268
18/12/2024 08:42,Glasgow,Stephanie Brewster,"Regular Hot chocolate - 2.20, Regular Speciality Tea - Camomile - 1.30, Large Speciality Tea - Camomile - 1.60",5.1,CASH,
18/12/2024 08:45,Glasgow,Constance Osborn,"Regular Flavoured iced latte - Hazelnut - 2.75, Large Flavoured iced latte - Vanilla - 3.25",6.0,CARD,1701335375074925
18/12/2024 08:48,Glasgow,Mamie Eckart,Large Flavoured iced latte - Vanilla - 3.25,3.25,CASH,
18/12/2024 08:51,Glasgow,Carolyn Tucker,"Large Cappuccino - 2.45, Regular Flavoured iced latte - Hazelnut - 2.75",5.2,CARD,1855606028939802
18/12/2024 08:54,Glasgow,Daniel Willis,"Large Americano - 2.25, Regular Speciality Tea - Camomile - 1.30, Regular Chai latte - 2.30",5.85,CARD,5536979896942492
18/12/2024 08:57,Glasgow,Ramona Lindsey,"Large Frappes - Coffee - 3.25, Regular Flavoured iced latte - Vanilla - 2.75, Regular Flavoured iced latte - Vanilla - 2.75",8.75,CASH,
18/12/2024 09:00,Glasgow,Alex Norman,"Large Cappuccino - 2.45, Regular Hot chocolate - 2.20, Large Americano - 2.25, Large Flavoured iced latte - Vanilla - 3.25, Large Smoothies - Berry Beautiful - 2.50, Regular Chai latte - 2.30",14.95,CARD,8361857941549059
18/12/2024 09:01,Glasgow,Carl Miller,Large Frappes - Coffee - 3.25,3.25,CARD,5044470658263380
18/12/2024 09:03,Glasgow,Arthur Sowers,Large Flavoured iced latte - Hazelnut - 3.25,3.25,CARD,9255420038729278
18/12/2024 09:05,Glasgow,Shirley Britcher,Regular Cappuccino - 2.15,2.15,CARD,8635827651143426
18/12/2024 09:07,Glasgow,James Cruz,"Large Cappuccino - 2.45, Large Chai latte - 2.60, Regular Flavoured iced latte - Vanilla - 2.75, Regular Hot chocolate - 2.20",10.0,CARD,9674798378716848
18/12/2024 09:09,Glasgow,Youlanda Maglori,"Large Frappes - Coffee - 3.25, Large Smoothies - Berry Beautiful - 2.50, Regular Flavoured iced latte - Vanilla - 2.75, Large Smoothies - Berry Beautiful - 2.50, Regular Speciality Tea - Camomile - 1.30, Regular Speciality Tea - Camomile - 1.30",13.6,CARD,2578398071413257
18/12/2024 09:11,Glasgow,Kenneth Millwood,"Regular Speciality Tea - Camomile - 1.30, Large Frappes - Coffee - 3.25, Large Flavoured iced latte - Vanilla - 3.25",7.8,CARD,5986837994941972
18/12/2024 09:13,Glasgow,Nancy Wagner,"Regular Speciality Tea - Camomile - 1.30, Regular Flavoured hot chocolate - Hazelnut - 2.60",3.9,CARD,7758619437102554
18/12/2024 09:15,Glasgow,Glenda Orts,Large Flavoured hot chocolate - Hazelnut - 2.90,2.9,CARD,1807668634199033
18/12/2024 09:17,Glasgow,Vincent Nichols,Regular Hot chocolate - 2.20,2.2,CARD,1657661316501239
18/12/2024 09:19,Glasgow,Albert Gilbert,"Regular Cappuccino - 2.15, Regular Flavoured hot chocolate - Hazelnut - 2.60",4.75,CARD,1069462018615272
18/12/2024 09:21,Glasgow,Michael Manor,Regular Smoothies - Berry Beautiful - 2.00,2.0,CARD,8258248670702500
18/12/2024 09:23,Glasgow,Thomas Murphy,"Large Frappes - Coffee - 3.25, Large Flavoured iced latte - Vanilla - 3.25",6.5,CARD,6866312705944010
18/12/2024 09:25,Glasgow,Jared Ray,Large Cappuccino - 2.45,2.45,CASH,
18/12/2024 09:27,Glasgow,Eileen Kitchen,"Regular Smoothies - Berry Beautiful - 2.00, Regular Flavoured iced latte - Hazelnut - 2.75",4.75,CASH,
18/12/2024 09:29,Glasgow,Bianca Joyner,"Regular Flavoured iced latte - Vanilla - 2.75, Regular Hot chocolate - 2.20, Large Speciality Tea - Camomile - 1.60",6.55,CARD,8748115183534522
18/12/2024 09:30,Glasgow,Trenton Armendarez,"Large Flavoured iced latte - Vanilla - 3.25, Regular Speciality Tea - Camomile - 1.30, Regular Flavoured iced latte - Hazelnut - 2.75",7.3,CARD,5006732288747936
18/12/2024 09:32,Glasgow,Ruby Thady,Large Americano - 2.25,2.25,CARD,7626042565896501
18/12/2024 09:34,Glasgow,Tracie Burrell,Large Flavoured iced latte - Vanilla - 3.25,3.25,CARD,7060940328262125
18/12/2024 09:36,Glasgow,Barbara Callender,Large Americano - 2.25,2.25,CARD,7118447333360016
18/12/2024 09:38,Glasgow,Deborah Morris,Large Flavoured iced latte - Hazelnut - 3.25,3.25,CARD,7822583635989045
18/12/2024 09:40,Glasgow,Willie Wagner,"Large Americano - 2.25, Large Frappes - Coffee - 3.25, Large Smoothies - Berry Beautiful - 2.50",8.0,CARD,6887388777403380
18/12/2024 09:42,Glasgow,Kimberly Estell,Large Flavoured hot chocolate - Hazelnut - 2.90,2.9,CARD,1436018059440428
18/12/2024 09:44,Glasgow,Doris Harvey,"Regular Americano - 1.95, Regular Smoothies - Berry Beautiful - 2.00, Large Smoothies - Berry Beautiful - 2.50, Regular Cappuccino - 2.15, Large Speciality Tea - Camomile - 1.60",10.2,CARD,3916428236811214
18/12/2024 09:46,Glasgow,Esperanza Mitchell,"Large Speciality Tea - Camomile - 1.60, Large Cappuccino - 2.45, Regular Flavoured iced latte - Hazelnut - 2.75",6.8,CASH,
18/12/2024 09:48,Glasgow,Latoya Yi,Regular Flavoured iced latte - Hazelnut - 2.75,2.75,CARD,3921705875136840
18/12/2024 09:50,Glasgow,Robyn Dee,"Large Flavoured iced latte - Vanilla - 3.25, Large Frappes - Coffee - 3.25, Regular Flavoured iced latte - Vanilla - 2.75, Regular Flavoured iced latte - Vanilla - 2.75",12.0,CARD,5778858206436600
18/12/2024 09:52,Glasgow,Charles Carroll,"Large Americano - 2.25, Regular Flavoured iced latte - Hazelnut - 2.75, Large Flavoured iced latte - Vanilla - 3.25, Regular Chai latte - 2.30",10.55,CARD,4085216125869107
18/12/2024 09:54,Glasgow,Mary Wheeler,"Large Americano - 2.25, Large Smoothies - Berry Beautiful - 2.50, Large Hot chocolate - 2.90, Large Frappes - Coffee - 3.25",10.9,CARD,1276268988527732
18/12/2024 09:56,Glasgow,Andrew Roberts,"Large Chai latte - 2.60, Large Cappuccino - 2.45, Large Cappuccino - 2.45",7.5,CARD,4820583780320150
18/12/2024 09:58,Glasgow,Jordon Dearth,"Large Flavoured iced latte - Vanilla - 3.25, Large Flavoured iced latte - Vanilla - 3.25",6.5,CASH,
18/12/2024 09:59,Glasgow,Bobbie Hurless,"Large Americano - 2.25, Large Speciality Tea - Camomile - 1.60",3.85,CARD,6118782685980276
18/12/2024 10:01,Glasgow,Charles Brown,"Large Flavoured iced latte - Vanilla - 3.25, Large Hot chocolate - 2.90",6.15,CARD,1157051706287971
18/12/2024 10:03,Glasgow,Mark Tipton,"Regular Speciality Tea - Camomile - 1.30, Large Flavoured iced latte - Vanilla - 3.25, Large Hot chocolate - 2.90",7.45,CARD,9908254869345412
18/12/2024 10:05,Glasgow,Kenneth Depaolo,"Regular Americano - 1.95, Regular Smoothies - Berry Beautiful - 2.00, Large Cappuccino - 2.45",6.4,CASH,
18/12/2024 10:06,Glasgow,Thomas Beech,"Regular Flavoured iced latte - Vanilla - 2.75, Regular Americano - 1.95",4.7,CARD,3198214743133825
18/12/2024 10:08,Glasgow,Hugh Mohmed,"Regular Smoothies - Berry Beautiful - 2.00, Large Smoothies - Berry Beautiful - 2.50",4.5,CASH,
18/12/2024 10:10,Glasgow,Patricia Richter,"Regular Smoothies - Berry Beautiful - 2.00, Large Smoothies - Berry Beautiful - 2.50, Regular Flavoured hot chocolate - Hazelnut - 2.60",7.1,CARD,6043219551380413
18/12/2024 10:11,Glasgow,Robert Johnston,Large Speciality Tea - Camomile - 1.60,1.6,CASH,
18/12/2024 10:13,Glasgow,Bill Hutchins,"Regular Smoothies - Berry Beautiful - 2.00, Regular Speciality Tea - Camomile - 1.30",3.3,CARD,9051943657181663
18/12/2024 10:15,Glasgow,Ronald Kirk,"Regular Flavoured iced latte - Hazelnut - 2.75, Regular Speciality Tea - Camomile - 1.30",4.05,CASH,
18/12/2024 10:16,Glasgow,Evelyn Johns,"Regular Speciality Tea - Camomile - 1.30, Regular Smoothies - Berry Beautiful - 2.00, Large Americano - 2.25",5.55,CARD,5861109024151639
18/12/2024 10:18,Glasgow,Larry Wren,"Large Flavoured hot chocolate - Hazelnut - 2.90, Regular Flavoured hot chocolate - Hazelnut - 2.60, Large Frappes - Coffee - 3.25",8.75,CARD,5636955936214630
18/12/2024 10:20,Glasgow,Dawn Bernal,Large Flavoured iced latte - Hazelnut - 3.25,3.25,CARD,5637740858000324
18/12/2024 10:21,Glasgow,Gladys Albino,Large Flavoured iced latte - Vanilla - 3.25,3.25,CARD,9881765604464145
18/12/2024 10:23,Glasgow,Margaret Waller,"Regular Speciality Tea - Camomile - 1.30, Large Smoothies - Berry Beautiful - 2.50",3.8,CARD,2482717604178841
18/12/2024 10:25,Glasgow,Paula Goldizen,Large Frappes - Coffee - 3.25,3.25,CARD,3076351020785965
18/12/2024 10:26,Glasgow,Barbara Benchoff,"Regular Smoothies - Berry Beautiful - 2.00, Large Americano - 2.25",4.25,CARD,5171590430439451
18/12/2024 10:28,Glasgow,Sonya Floyd,"Regular Flavoured iced latte - Hazelnut - 2.75, Regular Smoothies - Berry Beautiful - 2.00",4.75,CASH,
18/12/2024 10:30,Glasgow,Virginia Jones,"Large Flavoured hot chocolate - Hazelnut - 2.90, Regular Flavoured hot chocolate - Hazelnut - 2.60, Large Smoothies - Berry Beautiful - 2.50, Large Americano - 2.25",10.25,CASH,
18/12/2024 10:31,Glasgow,Maria Hrabal,"Regular Americano - 1.95, Large Flavoured iced latte - Vanilla - 3.25, Large Flavoured hot chocolate - Hazelnut - 2.90, Regular Flavoured iced latte - Vanilla - 2.75",10.85,CARD,1288069756578051
18/12/2024 10:33,Glasgow,Douglas Bonner,Regular Smoothies - Berry Beautiful - 2.00,2.0,CARD,3679085236282663
18/12/2024 10:35,Glasgow,George Koehne,"Large Flavoured hot chocolate - Hazelnut - 2.90, Regular Americano - 1.95, Large Flavoured hot chocolate - Hazelnut - 2.90, Regular Chai latte - 2.30",10.05,CARD,3369153452465192
18/12/2024 10:36,Glasgow,Julie Blair,"Large Frappes - Coffee - 3.25, Large Speciality Tea - Camomile - 1.60, Large Smoothies - Berry Beautiful - 2.50, Large Frappes - Coffee - 3.25",10.6,CARD,3035800819346005
18/12/2024 10:38,Glasgow,Brian Ruffin,"Regular Smoothies - Berry Beautiful - 2.00, Large Flavoured iced latte - Vanilla - 3.25",5.25,CARD,8785069540087955
18/12/2024 10:40,Glasgow,Harry Geppert,"Large Speciality Tea - Camomile - 1.60, Regular Flavoured iced latte - Hazelnut - 2.75, Regular Speciality Tea - Camomile - 1.30, Regular Flavoured hot chocolate - Hazelnut - 2.60",8.25,CARD,2963841396960787
18/12/2024 10:41,Glasgow,William Whetstone,"Large Speciality Tea - Camomile - 1.60, Regular Frappes - Coffee - 2.75, Regular Frappes - Coffee - 2.75",7.1,CASH,
18/12/2024 10:43,Glasgow,Linda Vincent,Large Flavoured hot chocolate - Hazelnut - 2.90,2.9,CARD,8413321146997384
18/12/2024 10:45,Glasgow,Peter Golden,"Regular Flavoured iced latte - Vanilla - 2.75, Regular Americano - 1.95",4.7,CASH,
18/12/2024 10:46,Glasgow,James Lane,Large Flavoured iced latte - Vanilla - 3.25,3.25,CASH,
18/12/2024 10:48,Glasgow,Harvey Espinoza,"Large Cappuccino - 2.45, Regular Frappes - Coffee - 2.75",5.2,CARD,5574903183262690
18/12/2024 10:50,Glasgow,Chris Kramer,"Large Frappes - Coffee - 3.25, Regular Chai latte - 2.30, Large Cappuccino - 2.45, Large Cappuccino - 2.45, Large Chai latte - 2.60",13.05,CARD,6924259745439984
18/12/2024 10:51,Glasgow,Jack Coker,"Large Speciality Tea - Camomile - 1.60, Large Frappes - Coffee - 3.25, Large Americano - 2.25, Regular Smoothies - Berry Beautiful - 2.00",9.1,CASH,
18/12/2024 10:53,Glasgow,Shelly Hansen,"Large Frappes - Coffee - 3.25, Large Frappes - Coffee - 3.25, Large Smoothies - Berry Beautiful - 2.50",9.0,CARD,9115101530609271
18/12/2024 10:55,Glasgow,Woodrow Medina,Regular Cappuccino - 2.15,2.15,CARD,3173145331108009
18/12/2024 10:56,Glasgow,Angelica Anderson,"Large Speciality Tea - Camomile - 1.60, Regular Americano - 1.95, Large Frappes - Coffee - 3.25, Regular Hot chocolate - 2.20",9.0,CARD,2053459774349049
18/12/2024 10:58,Glasgow,Steve Pitcherello,Regular Chai latte - 2.30,2.3,CARD,6868961126813288
18/12/2024 11:00,Glasgow,Deborah Rivero,"Large Flavoured hot chocolate - Hazelnut - 2.90, Regular Frappes - Coffee - 2.75",5.65,CARD,2615630310638902
18/12/2024 11:02,Glasgow,Antoinette Tate,Large Flavoured iced latte - Hazelnut - 3.25,3.25,CARD,9625616657764372
18/12/2024 11:05,Glasgow,Patricia Rathbone,Regular Frappes - Coffee - 2.75,2.75,CARD,2725768055473020
18/12/2024 11:08,Glasgow,Norma Aune,"Regular Speciality Tea - Camomile - 1.30, Regular Americano - 1.95",3.25,CARD,2898401238447659
18/12/2024 11:10,Glasgow,Maurice Franqui,"Regular Speciality Tea - Camomile - 1.30, Large Flavoured iced latte - Hazelnut - 3.25",4.55,CARD,8791824417484448
18/12/2024 11:13,Glasgow,Joan Clemons,"Regular Cappuccino - 2.15, Regular Smoothies - Berry Beautiful - 2.00, Regular Frappes - Coffee - 2.75, Regular Chai latte - 2.30, Large Cappuccino - 2.45",11.65,CASH,
18/12/2024 11:15,Glasgow,Betty Altic,"Large Flavoured iced latte - Vanilla - 3.25, Large Americano - 2.25, Large Frappes - Coffee - 3.25, Regular Chai latte - 2.30, Regular Speciality Tea - Camomile - 1.30",12.35,CASH,
18/12/2024 11:18,Glasgow,Javier Hicks,"Large Speciality Tea - Camomile - 1.60, Regular Americano - 1.95",3.55,CASH,
18/12/2024 11:21,Glasgow,Anthony Krueger,"Large Americano - 2.25, Large Americano - 2.25, Large Flavoured hot chocolate - Hazelnut - 2.90",7.4,CARD,3088116460233144
18/12/2024 11:23,Glasgow,Rhonda Barnett,"Regular Smoothies - Berry Beautiful - 2.00, Large Flavoured iced latte - Vanilla - 3.25",5.25,CASH,
18/12/2024 11:26,Glasgow,Roger Simmons,"Regular Speciality Tea - Camomile - 1.30, Large Cappuccino - 2.45, Large Flavoured iced latte - Vanilla - 3.25",7.0,CASH,
18/12/2024 11:28,Glasgow,Eugene Carroll,"Large Chai latte - 2.60, Large Americano - 2.25, Large Flavoured iced latte - Vanilla - 3.25, Large Flavoured iced latte - Vanilla - 3.25, Large Flavoured iced latte - Vanilla - 3.25",14.6,CARD,5575093035835925
18/12/2024 11:31,Glasgow,Robert Smith,Large Flavoured iced latte - Vanilla - 3.25,3.25,CARD,5844422137518745
18/12/2024 11:34,Glasgow,Joan Burns,"Large Smoothies - Berry Beautiful - 2.50, Regular Hot chocolate - 2.20, Large Americano - 2.25, Regular Americano - 1.95, Regular Smoothies - Berry Beautiful - 2.00",10.9,CARD,6754783641329399
18/12/2024 11:36,Glasgow,Nicole Bailey,"Regular Chai latte - 2.30, Regular Chai latte - 2.30",4.6,CARD,5588340220558887
18/12/2024 11:39,Glasgow,William Bustos,Regular Hot chocolate - 2.20,2.2,CARD,3801484122721372
18/12/2024 11:41,Glasgow,Donna Trent,"Regular Americano - 1.95, Regular Americano - 1.95, Regular Cappuccino - 2.15",6.05,CARD,2970943458836395
18/12/2024 11:44,Glasgow,Eugene Riner,"Regular Chai latte - 2.30, Large Speciality Tea - Camomile - 1.60, Large Flavoured iced latte - Vanilla - 3.25, Regular Flavoured iced latte - Hazelnut - 2.75",9.9,CARD,9753690393734221
18/12/2024 11:47,Glasgow,Rogelio Flores,"Regular Hot chocolate - 2.20, Large Flavoured iced latte - Vanilla - 3.25, Large Flavoured iced latte - Hazelnut - 3.25",8.7,CARD,3967338030147647
18/12/2024 11:49,Glasgow,Agnes Sowell,"Regular Speciality Tea - Camomile - 1.30, Large Flavoured iced latte - Hazelnut - 3.25, Large Smoothies - Berry Beautiful - 2.50, Regular Cappuccino - 2.15",9.2,CARD,8115316687116221
18/12/2024 11:52,Glasgow,Marie Mcmanus,"Regular Smoothies - Berry Beautiful - 2.00, Large Hot chocolate - 2.90, Large Frappes - Coffee - 3.25",8.15,CASH,
18/12/2024 11:54,Glasgow,John Cuevas,"Regular Cappuccino - 2.15, Regular Hot chocolate - 2.20, Large Flavoured iced latte - Vanilla - 3.25, Regular Cappuccino - 2.15",9.75,CASH,
18/12/2024 11:57,Glasgow,William Bronn,Large Hot chocolate - 2.90,2.9,CARD,4299701246817872
18/12/2024 12:00,Glasgow,Richard Dickey,"Large Americano - 2.25, Regular Americano - 1.95",4.2,CARD,3633505782153781
18/12/2024 12:02,Glasgow,Dennis Freeman,Regular Cappuccino - 2.15,2.15,CASH,
18/12/2024 12:05,Glasgow,Virginia Szeto,Regular Americano - 1.95,1.95,CARD,1667510957478950
18/12/2024 12:07,Glasgow,Frances Kerr,"Large Flavoured iced latte - Hazelnut - 3.25, Regular Frappes - Coffee - 2.75, Regular Chai latte - 2.30",8.3,CASH,
18/12/2024 12:10,Glasgow,Brandon Nolette,"Large Flavoured iced latte - Vanilla - 3.25, Regular Frappes - Coffee - 2.75",6.0,CARD,1130626886785690
18/12/2024 12:12,Glasgow,Patrick Stanford,"Large Flavoured hot chocolate - Hazelnut - 2.90, Large Chai latte - 2.60, Regular Smoothies - Berry Beautiful - 2.00, Large Smoothies - Berry Beautiful - 2.50",10.0,CARD,8626061809277144
18/12/2024 12:15,Glasgow,Autumn Doke,"Large Flavoured iced latte - Hazelnut - 3.25, Regular Americano - 1.95, Regular Frappes - Coffee - 2.75, Large Smoothies - Berry Beautiful - 2.50, Regular Speciality Tea - Camomile - 1.30",11.75,CASH,
18/12/2024 12:17,Glasgow,Beth Douglas,"Large Flavoured iced latte - Hazelnut - 3.25, Large Hot chocolate - 2.90",6.15,CARD,9424221141591272
18/12/2024 12:20,Glasgow,Valerie Palmer,"Regular Flavoured iced latte - Vanilla - 2.75, Regular Cappuccino - 2.15, Large Hot chocolate - 2.90, Regular Chai latte - 2.30",10.1,CARD,4574369687697227
18/12/2024 12:22,Glasgow,Laura Edwards,Regular Smoothies - Berry Beautiful - 2.00,2.0,CARD,9109699789123647
18/12/2024 12:25,Glasgow,Kathryn Ramey,"Regular Cappuccino - 2.15, Large Hot chocolate - 2.90, Large Flavoured iced latte - Vanilla - 3.25",8.3,CASH,
18/12/2024 12:27,Glasgow,Maria Wilkerson,"Large Frappes - Coffee - 3.25, Large Smoothies - Berry Beautiful - 2.50",5.75,CARD,5050491995004438
18/12/2024 12:30,Glasgow,Natalie Whitmire,"Large Speciality Tea - Camomile - 1.60, Regular Flavoured iced latte - Hazelnut - 2.75, Large Smoothies - Berry Beautiful - 2.50",6.85,CARD,1584181332571861
18/12/2024 12:32,Glasgow,Tim Burke,Regular Frappes - Coffee - 2.75,2.75,CARD,6292319268106034
18/12/2024 12:35,Glasgow,Tony Gantner,Large Chai latte - 2.60,2.6,CARD,9039309571455462
18/12/2024 12:37,Glasgow,Amelia Gugino,"Large Hot chocolate - 2.90, Large Flavoured hot chocolate - Hazelnut - 2.90",5.8,CARD,2346113585556389
18/12/2024 12:40,Glasgow,Javier Funderburke,"Large Americano - 2.25, Large Flavoured iced latte - Hazelnut - 3.25, Large Americano - 2.25",7.75,CARD,3694701367642535
18/12/2024 12:42,Glasgow,Richard Martinez,"Large Flavoured iced latte - Vanilla - 3.25, Large Flavoured iced latte - Vanilla - 3.25, Large Smoothies - Berry Beautiful - 2.50, Large Frappes - Coffee - 3.25, Regular Flavoured iced latte - Hazelnut - 2.75",15.0,CARD,4514011549329950
18/12/2024 12:45,Glasgow,Candida Moorman,"Large Smoothies - Berry Beautiful - 2.50, Large Flavoured hot chocolate - Hazelnut - 2.90, Large Chai latte - 2.60, Large Hot chocolate - 2.90, Large Smoothies - Berry Beautiful - 2.50",13.4,CARD,9727932885093457
18/12/2024 12:47,Glasgow,Martin Crossley,Regular Chai latte - 2.30,2.3,CARD,3152854768934861
18/12/2024 12:50,Glasgow,Iris Heatherly,Large Smoothies - Berry Beautiful - 2.50,2.5,CARD,8300027805113501
18/12/2024 12:52,Glasgow,Kelly Tyler,Large Chai latte - 2.60,2.6,CARD,8639391872406057
18/12/2024 12:55,Glasgow,Cruz Hibbard,"Large Americano - 2.25, Large Flavoured iced latte - Hazelnut - 3.25, Large Chai latte - 2.60, Regular Cappuccino - 2.15",10.25,CARD,2070689162425264
18/12/2024 12:57,Glasgow,Christian Solorio,Large Speciality Tea - Camomile - 1.60,1.6,CASH,
18/12/2024 13:00,Glasgow,Ester Schroeder,"Large Americano - 2.25, Large Flavoured iced latte - Vanilla - 3.25, Regular Cappuccino - 2.15, Regular Hot chocolate - 2.20",9.85,CASH,
18/12/2024 13:02,Glasgow,Joshua Pool,"Regular Hot chocolate - 2.20, Regular Speciality Tea - Camomile - 1.30",3.5,CARD,5476709514065321
18/12/2024 13:04,Glasgow,Armand Kuhn,"Regular Hot chocolate - 2.20, Large Flavoured iced latte - Hazelnut - 3.25, Large Chai latte - 2.60",8.05,CASH,
18/12/2024 13:07,Glasgow,Earl Bliler,Large Chai latte - 2.60,2.6,CASH,
18/12/2024 13:09,Glasgow,Amber Lockwood,Large Smoothies - Berry Beautiful - 2.50,2.5,CARD,8941046948337020
18/12/2024 13:12,Glasgow,Charles Boatright,"Large Americano - 2.25, Regular Flavoured hot chocolate - Hazelnut - 2.60, Regular Hot chocolate - 2.20",7.05,CARD,5077981602158314
18/12/2024 13:14,Glasgow,Regina Richardson,"Regular Flavoured hot chocolate - Hazelnut - 2.60, Regular Cappuccino - 2.15, Regular Hot chocolate - 2.20, Large Americano - 2.25, Regular Flavoured iced latte - Hazelnut - 2.75",11.95,CASH,
18/12/2024 13:16,Glasgow,Wesley Barton,Regular Flavoured hot chocolate - Hazelnut - 2.60,2.6,CASH,
18/12/2024 13:19,Glasgow,Brian Portillo,Large Chai latte - 2.60,2.6,CARD,6357442074996100
18/12/2024 13:21,Glasgow,Timothy Mason,"Regular Flavoured iced latte - Hazelnut - 2.75, Regular Flavoured iced latte - Hazelnut - 2.75",5.5,CASH,
18/12/2024 13:24,Glasgow,Robert Warren,"Large Americano - 2.25, Regular Flavoured iced latte - Hazelnut - 2.75",5.0,CASH,
18/12/2024 13:26,Glasgow,Michael Lewis,"Regular Cappuccino - 2.15, Large Speciality Tea - Camomile - 1.60, Large Flavoured hot chocolate - Hazelnut - 2.90",6.65,CARD,9199801134093274
18/12/2024 13:28,Glasgow,Sarah Rimbey,"Large Flavoured iced latte - Hazelnut - 3.25, Large Flavoured iced latte - Hazelnut - 3.25, Regular Smoothies - Berry Beautiful - 2.00, Large Frappes - Coffee - 3.25",11.75,CASH,
18/12/2024 13:31,Glasgow,Mike Harrison,"Large Smoothies - Berry Beautiful - 2.50, Regular Americano - 1.95",4.45,CASH,
18/12/2024 13:33,Glasgow,Jonathan Mallard,"Regular Hot chocolate - 2.20, Regular Flavoured iced latte - Hazelnut - 2.75",4.95,CARD,2244960375677291
18/12/2024 13:36,Glasgow,Susan Nelson,"Regular Flavoured iced latte - Hazelnut - 2.75, Regular Hot chocolate - 2.20",4.95,CARD,5456553597218467
18/12/2024 13:38,Glasgow,Roselyn Farthing,Large Smoothies - Berry Beautiful - 2.50,2.5,CARD,4424996245912217
18/12/2024 13:40,Glasgow,Marion Hayden,"Regular Hot chocolate - 2.20, Regular Speciality Tea - Camomile - 1.30, Regular Hot chocolate - 2.20, Regular Hot chocolate - 2.20, Large Cappuccino - 2.45",10.35,CARD,8820147109650635
18/12/2024 13:43,Glasgow,Anthony Norman,"Regular Flavoured iced latte - Vanilla - 2.75, Regular Frappes - Coffee - 2.75, Regular Flavoured iced latte - Vanilla - 2.75",8.25,CASH,
18/12/2024 13:45,Glasgow,Cynthia Abney,Regular Flavoured iced latte - Hazelnut - 2.75,2.75,CARD,2896017160748393
18/12/2024 13:48,Glasgow,John Watson,"Large Frappes - Coffee - 3.25, Regular Speciality Tea - Camomile - 1.30, Large Frappes - Coffee - 3.25, Regular Flavoured hot chocolate - Hazelnut - 2.60, Large Flavoured hot chocolate - Hazelnut - 2.90",13.3,CARD,2792781403311319
18/12/2024 13:50,Glasgow,Joseph Martin,"Regular Americano - 1.95, Regular Americano - 1.95, Regular Flavoured iced latte - Hazelnut - 2.75",6.65,CASH,
18/12/2024 13:52,Glasgow,Nick Nash,"Regular Flavoured iced latte - Hazelnut - 2.75, Large Chai latte - 2.60, Large Frappes - Coffee - 3.25, Large Americano - 2.25",10.85,CARD,7298866916695689
18/12/2024 13:55,Glasgow,Judith Hammon,Large Speciality Tea - Camomile - 1.60,1.6,CARD,2146856861180819
18/12/2024 13:57,Glasgow,John Jennings,"Large Frappes - Coffee - 3.25, Large Americano - 2.25, Regular Flavoured iced latte - Hazelnut - 2.75, Regular Speciality Tea - Camomile - 1.30",9.55,CARD,6048920595269458
18/12/2024 14:00,Glasgow,Jack Love,"Regular Chai latte - 2.30, Regular Flavoured hot chocolate - Hazelnut - 2.60, Large Smoothies - Berry Beautiful - 2.50, Large Cappuccino - 2.45",9.85,CASH,
18/12/2024 14:01,Glasgow,Philip Simpson,Large Hot chocolate - 2.90,2.9,CARD,8526798615594151
18/12/2024 14:03,Glasgow,Annette Sullivan,"Large Hot chocolate - 2.90, Regular Cappuccino - 2.15, Regular Frappes - Coffee - 2.75, Large Americano - 2.25, Large Hot chocolate - 2.90",12.95,CASH,
18/12/2024 14:05,Glasgow,Jonathan Ross,Large Flavoured iced latte - Hazelnut - 3.25,3.25,CARD,2578447748795828
18/12/2024 14:07,Glasgow,Tony Farrell,"Large Cappuccino - 2.45, Large Smoothies - Berry Beautiful - 2.50, Large Chai latte - 2.60",7.55,CARD,4164828441442622
18/12/2024 14:09,Glasgow,Peter Middleton,"Large Americano - 2.25, Large Hot chocolate - 2.90, Large Americano - 2.25",7.4,CARD,5315311413486491
18/12/2024 14:11,Glasgow,Richard Jones,Regular Flavoured iced latte - Vanilla - 2.75,2.75,CARD,8375445817983445
18/12/2024 14:13,Glasgow,Wanda Booker,"Regular Flavoured iced latte - Vanilla - 2.75, Regular Speciality Tea - Camomile - 1.30, Regular Flavoured iced latte - Hazelnut - 2.75",6.8,CARD,7955816526931927
18/12/2024 14:15,Glasgow,Herbert Kirby,"Large Smoothies - Berry Beautiful - 2.50, Regular Hot chocolate - 2.20, Regular Cappuccino - 2.15, Regular Americano - 1.95",8.8,CARD,9415974147020531
18/12/2024 14:17,Glasgow,Ava Gardner,Large Flavoured hot chocolate - Hazelnut - 2.90,2.9,CARD,1217522125289347
18/12/2024 14:19,Glasgow,Bobby Holiday,"Large Chai latte - 2.60, Regular Smoothies - Berry Beautiful - 2.00",4.6,CASH,
18/12/2024 14:21,Glasgow,Jesse Cook,Regular Smoothies - Berry Beautiful - 2.00,2.0,CARD,8920735278299483
18/12/2024 14:23,Glasgow,Dennis Corbridge,"Large Frappes - Coffee - 3.25, Large Flavoured hot chocolate - Hazelnut - 2.90, Large Americano - 2.25, Large Smoothies - Berry Beautiful - 2.50, Large Americano - 2.25",13.15,CARD,9368462591708679
18/12/2024 14:25,Glasgow,Ira Burwell,"Large Frappes - Coffee - 3.25, Large Flavoured hot chocolate - Hazelnut - 2.90",6.15,CASH,
18/12/2024 14:27,Glasgow,Cecil Ingram,"Large Flavoured iced latte - Vanilla - 3.25, Large Flavoured hot chocolate - Hazelnut - 2.90",6.15,CARD,8325860899554674
18/12/2024 14:29,Glasgow,Nancy Wold,"Regular Flavoured hot chocolate - Hazelnut - 2.60, Large Flavoured iced latte - Hazelnut - 3.25, Large Americano - 2.25",8.1,CARD,7456482411576537
18/12/2024 14:30,Glasgow,Ann Tucker,"Large Smoothies - Berry Beautiful - 2.50, Regular Chai latte - 2.30, Regular Speciality Tea - Camomile - 1.30",6.1,CARD,9769689988525176
18/12/2024 14:32,Glasgow,Michael Burgess,"Large Flavoured hot chocolate - Hazelnut - 2.90, Regular Frappes - Coffee - 2.75, Large Flavoured iced latte - Vanilla - 3.25, Regular Speciality Tea - Camomile - 1.30",10.2,CARD,6264445434106472
18/12/2024 14:34,Glasgow,Claire Boothe,Regular Flavoured iced latte - Hazelnut - 2.75,2.75,CARD,7741692371214316
18/12/2024 14:36,Glasgow,Melissa Heinlein,"Large Flavoured iced latte - Hazelnut - 3.25, Regular Speciality Tea - Camomile - 1.30",4.55,CARD,2329467338739869
18/12/2024 14:38,Glasgow,Juanita Larowe,"Large Frappes - Coffee - 3.25, Large Hot chocolate - 2.90, Regular Flavoured iced latte - Hazelnut - 2.75, Regular Chai latte - 2.30",11.2,CARD,3445548483143310
18/12/2024 14:40,Glasgow,Kenneth Pendleton,Regular Flavoured iced latte - Hazelnut - 2.75,2.75,CARD,5685022365675268
18/12/2024 14:42,Glasgow,Phillip Oliverio,"Regular Flavoured iced latte - Hazelnut - 2.75, Regular Hot chocolate - 2.20",4.95,CARD,6722825948740609
18/12/2024 14:44,Glasgow,Crystal Mcgilvray,"Large Flavoured iced latte - Vanilla - 3.25, Regular Frappes - Coffee - 2.75, Regular Americano - 1.95, Regular Hot chocolate - 2.20",10.15,CASH,
18/12/2024 14:46,Glasgow,Marion Lopez,"Large Flavoured hot chocolate - Hazelnut - 2.90, Regular Americano - 1.95, Regular Smoothies - Berry Beautiful - 2.00, Large Hot chocolate - 2.90",9.75,CASH,
18/12/2024 14:48,Glasgow,Erin Huber,"Regular Smoothies - Berry Beautiful - 2.00, Large Americano - 2.25, Regular Chai latte - 2.30, Regular Americano - 1.95",8.5,CARD,6835517231778542
18/12/2024 14:50,Glasgow,Aletha Steger,"Large Smoothies - Berry Beautiful - 2.50, Regular Frappes - Coffee - 2.75",5.25,CARD,6875070067712346
18/12/2024 14:52,Glasgow,David Mooreland,"Regular Americano - 1.95, Regular Hot chocolate - 2.20",4.15,CARD,5222066623686636
18/12/2024 14:54,Glasgow,Syble Hulse,"Large Chai latte - 2.60, Regular Hot chocolate - 2.20, Regular Chai latte - 2.30, Regular Smoothies - Berry Beautiful - 2.00, Regular Hot chocolate - 2.20",11.3,CASH,
18/12/2024 14:56,Glasgow,Jose Stevens,Regular Hot chocolate - 2.20,2.2,CASH,
18/12/2024 14:58,Glasgow,Jaime Johnson,"Regular Flavoured iced latte - Vanilla - 2.75, Large Speciality Tea - Camomile - 1.60, Regular Americano - 1.95, Large Flavoured iced latte - Hazelnut - 3.25, Large Flavoured iced latte - Vanilla - 3.25",12.8,CARD,3659345630209734
18/12/2024 14:59,Glasgow,Scott Pierce,Regular Americano - 1.95,1.95,CASH,
18/12/2024 15:01,Glasgow,Geneva Tarver,Regular Hot chocolate - 2.20,2.2,CARD,6227526053141013
18/12/2024 15:04,Glasgow,Charlotte Tallant,Large Smoothies - Berry Beautiful - 2.50,2.5,CARD,9565579635056111
18/12/2024 15:07,Glasgow,Carol Willems,"Regular Speciality Tea - Camomile - 1.30, Large Hot chocolate - 2.90, Large Chai latte - 2.60, Large Speciality Tea - Camomile - 1.60",8.4,CARD,7203278670708537
18/12/2024 15:09,Glasgow,Ali Leonard,"Regular Cappuccino - 2.15, Regular Hot chocolate - 2.20",4.35,CASH,
18/12/2024 15:12,Glasgow,Joshua Warman,"Large Flavoured iced latte - Hazelnut - 3.25, Large Speciality Tea - Camomile - 1.60, Regular Smoothies - Berry Beautiful - 2.00",6.85,CARD,8202045710257389
18/12/2024 15:14,Glasgow,Eric Matthews,Regular Cappuccino - 2.15,2.15,CASH,
18/12/2024 15:17,Glasgow,James Brown,Regular Chai latte - 2.30,2.3,CARD,4652030823140343
18/12/2024 15:20,Glasgow,Marcos Borja,"Regular Cappuccino - 2.15, Regular Frappes - Coffee - 2.75, Regular Chai latte - 2.30",7.2,CASH,
18/12/2024 15:22,Glasgow,James Mcginnis,Large Americano - 2.25,2.25,CARD,7154044908868317
18/12/2024 15:25,Glasgow,Michelle Barnhurst,Large Americano - 2.25,2.25,CARD,3289840555688898
18/12/2024 15:27,Glasgow,Amy Lilley,"Regular Chai latte - 2.30, Regular Frappes - Coffee - 2.75, Regular Flavoured iced latte - Vanilla - 2.75, Large Flavoured hot chocolate - Hazelnut - 2.90",10.7,CASH,
18/12/2024 15:30,Glasgow,Nathan Echevarria,"Regular Americano - 1.95, Large Frappes - Coffee - 3.25, Large Flavoured iced latte - Hazelnut - 3.25, Regular Flavoured iced latte - Vanilla - 2.75",11.2,CARD,9826617644316527
18/12/2024 15:33,Glasgow,Kenneth Lipp,"Regular Flavoured iced latte - Vanilla - 2.75, Regular Hot chocolate - 2.20, Regular Americano - 1.95",6.9,CASH,
18/12/2024 15:35,Glasgow,Michelle Santana,"Regular Cappuccino - 2.15, Large Speciality Tea - Camomile - 1.60, Regular Speciality Tea - Camomile - 1.30, Regular Smoothies - Berry Beautiful - 2.00, Regular Frappes - Coffee - 2.75",9.8,CARD,8162497735080995
18/12/2024 15:38,Glasgow,Pamelia Brady,"Large Hot chocolate - 2.90, Regular Cappuccino - 2.15",5.05,CARD,8948082632444787
18/12/2024 15:40,Glasgow,Ellen Ortiz,"Large Cappuccino - 2.45, Large Hot chocolate - 2.90, Large Hot chocolate - 2.90",8.25,CARD,1985669006542360
18/12/2024 15:43,Glasgow,Warren Dye,"Regular Flavoured iced latte - Hazelnut - 2.75, Large Chai latte - 2.60, Regular Flavoured hot chocolate - Hazelnut - 2.60, Regular Flavoured hot chocolate - Hazelnut - 2.60, Large Flavoured iced latte - Hazelnut - 3.25",13.8,CARD,5980856839181061
18/12/2024 15:46,Glasgow,Evelyn Smith,"Large Hot chocolate - 2.90, Regular Flavoured iced latte - Vanilla - 2.75, Large Flavoured iced latte - Vanilla - 3.25",8.9,CARD,5249383208378141
18/12/2024 15:48,Glasgow,Andrew Munoz,Large Cappuccino - 2.45,2.45,CARD,4655770810093850
18/12/2024 15:51,Glasgow,Harry Ivory,"Regular Speciality Tea - Camomile - 1.30, Regular Frappes - Coffee - 2.75, Regular Americano - 1.95",6.0,CARD,7678098551565884
18/12/2024 15:53,Glasgow,Bob Sorenson,Large Speciality Tea - Camomile - 1.60,1.6,CASH,
18/12/2024 15:56,Glasgow,Terry Karins,Large Flavoured iced latte - Vanilla - 3.25,3.25,CARD,1368030957699056
18/12/2024 15:59,Glasgow,Lydia Vaughn,"Large Flavoured iced latte - Vanilla - 3.25, Regular Speciality Tea - Camomile - 1.30, Regular Flavoured iced latte - Vanilla - 2.75, Regular Hot chocolate - 2.20",9.5,CARD,1013238797466706
18/12/2024 16:01,Glasgow,Veronica Carathers,"Large Smoothies - Berry Beautiful - 2.50, Regular Chai latte - 2.30, Regular Hot chocolate - 2.20, Regular Cappuccino - 2.15, Large Frappes - Coffee - 3.25, Large Hot chocolate - 2.90",15.3,CARD,9211923016918992
18/12/2024 16:04,Glasgow,Daniel Grose,"Large Cappuccino - 2.45, Regular Americano - 1.95",4.4,CASH,
18/12/2024 16:07,Glasgow,William Robinette,Regular Chai latte - 2.30,2.3,CASH,
18/12/2024 16:10,Glasgow,Kimberley Evans,"Regular Cappuccino - 2.15, Regular Smoothies - Berry Beautiful - 2.00, Large Chai latte - 2.60",6.75,CASH,
18/12/2024 16:13,Glasgow,Linda Janssen,"Large Frappes - Coffee - 3.25, Large Flavoured hot chocolate - Hazelnut - 2.90",6.15,CASH,
18/12/2024 16:15,Glasgow,Jessica Boyce,"Large Flavoured iced latte - Hazelnut - 3.25, Regular Flavoured iced latte - Hazelnut - 2.75",6.0,CASH,
18/12/2024 16:18,Glasgow,Freddie Morgan,"Large Cappuccino - 2.45, Regular Frappes - Coffee - 2.75",5.2,CARD,8130933138722452
18/12/2024 16:21,Glasgow,John Dyer,"Large Cappuccino - 2.45, Regular Frappes - Coffee - 2.75, Regular Chai latte - 2.30, Large Hot chocolate - 2.90, Regular Chai latte - 2.30",12.7,CARD,7971493824312337
18/12/2024 16:24,Glasgow,Bertha Ordway,"Large Flavoured iced latte - Hazelnut - 3.25, Large Flavoured hot chocolate - Hazelnut - 2.90",6.15,CASH,
18/12/2024 16:27,Glasgow,Marguerite Hruby,Large Flavoured iced latte - Vanilla - 3.25,3.25,CARD,1300020337171893
18/12/2024 16:30,Glasgow,Charles Miller,"Large Speciality Tea - Camomile - 1.60, Regular Smoothies - Berry Beautiful - 2.00",3.6,CARD,6605715209132223
18/12/2024 16:33,Glasgow,James Hardin,Regular Smoothies - Berry Beautiful - 2.00,2.0,CARD,4924814275891476
18/12/2024 16:35,Glasgow,Edgar Kay,"Regular Flavoured iced latte - Vanilla - 2.75, Large Cappuccino - 2.45, Regular Flavoured iced latte - Hazelnut - 2.75, Large Smoothies - Berry Beautiful - 2.50, Regular Cappuccino - 2.15",12.6,CARD,4029919319119485
18/12/2024 16:38,Glasgow,Nicholas Griffin,"Large Hot chocolate - 2.90, Regular Cappuccino - 2.15, Large Frappes - Coffee - 3.25, Large Flavoured iced latte - Hazelnut - 3.25, Regular Speciality Tea - Camomile - 1.30, Large Americano - 2.25",15.1,CARD,5670795881738651
18/12/2024 16:41,Glasgow,Kasey Nelson,Large Flavoured iced latte - Hazelnut - 3.25,3.25,CARD,3406065129771768
18/12/2024 16:44,Glasgow,Steven Crowson,"Regular Frappes - Coffee - 2.75, Regular Frappes - Coffee - 2.75, Regular Smoothies - Berry Beautiful - 2.00",7.5,CARD,1958600349132070
18/12/2024 16:47,Glasgow,Bethany Davidson,Regular Flavoured iced latte - Vanilla - 2.75,2.75,CARD,9544443737567881
18/12/2024 16:50,Glasgow,Graciela Harris,"Regular Americano - 1.95, Large Smoothies - Berry Beautiful - 2.50, Large Flavoured hot chocolate - Hazelnut - 2.90, Regular Flavoured hot chocolate - Hazelnut - 2.60",9.95,CASH,
18/12/2024 16:52,Glasgow,Rose Freeman,"Regular Frappes - Coffee - 2.75, Large Flavoured iced latte - Vanilla - 3.25, Large Hot chocolate - 2.90, Regular Flavoured iced latte - Vanilla - 2.75",11.65,CARD,8849803580522312
18/12/2024 16:55,Glasgow,Miguel Gibson,"Large Smoothies - Berry Beautiful - 2.50, Regular Smoothies - Berry Beautiful - 2.00, Regular Speciality Tea - Camomile - 1.30, Regular Flavoured hot chocolate - Hazelnut - 2.60",8.4,CARD,8258380817167946
18/12/2024 16:58,Glasgow,Jerome Bruce,"Large Americano - 2.25, Large Americano - 2.25",4.5,CARD,1805665017528345
