18/12/2024 09:00,Leeds,William Washington,"Regular Filter coffee - 1.50, Large Hot Chocolate - 1.70",3.2,CASH,
18/12/2024 09:01,Leeds,Dixie Vallejo,"Large Filter coffee - 1.80, Regular Chai latte - 2.30",4.1,CARD,7363995691318074
18/12/2024 09:03,Leeds,Donald Walters,Large Chai latte - 2.60,2.6,CARD,7273900877721127
18/12/2024 09:04,Leeds,Antonio Owens,Regular Chai latte - 2.30,2.3,CARD,3431148067649157
18/12/2024 09:06,Leeds,Michael Hamff,Regular Filter coffee - 1.50,1.5,CASH,
18/12/2024 09:08,Leeds,Brian Allen,"Regular Chai latte - 2.30, Regular Filter coffee - 1.50, Large Hot Chocolate - 1.70, Regular Iced americano - 2.15",7.65,CASH,
18/12/2024 09:09,Leeds,Stephanie Muscarella,"Regular Iced americano - 2.15, Large Hot Chocolate - 1.70, Regular Hot Chocolate - 1.40, Regular Hot Chocolate - 1.40",6.65,CASH,
18/12/2024 09:11,Leeds,David Feeley,"Regular Iced americano - 2.15, Regular Iced americano - 2.15, Large Filter coffee - 1.80, Large Speciality Tea - English breakfast - 1.60",7.7,CARD,3679213304996880
18/12/2024 09:12,Leeds,Carol Sutera,"Large Filter coffee - 1.80, Large Filter coffee - 1.80, Large Iced americano - 2.50, Regular Chai latte - 2.30",8.4,CARD,6112463028603085
18/12/2024 09:14,Leeds,Thomas Lank,"Regular Filter coffee - 1.50, Large Filter coffee - 1.80, Regular Filter coffee - 1.50, Large Chai latte - 2.60, Regular Filter coffee - 1.50, Large Filter coffee - 1.80",10.7,CASH,
18/12/2024 09:16,Leeds,Meta Raad,Regular Hot Chocolate - 1.40,1.4,CARD,4665419864028651
18/12/2024 09:17,Leeds,Albert Johnson,"Large Filter coffee - 1.80, Regular Filter coffee - 1.50, Regular Hot Chocolate - 1.40, Large Filter coffee - 1.80",6.5,CARD,1015972618476819
18/12/2024 09:19,Leeds,Jeffery Womac,"Regular Filter coffee - 1.50, Regular Iced americano - 2.15, Large Filter coffee - 1.80",5.45,CARD,4286286674059138
18/12/2024 09:21,Leeds,Betty Bellas,"Large Hot Chocolate - 1.70, Large Speciality Tea - English breakfast - 1.60, Large Chai latte - 2.60, Large Speciality Tea - English breakfast - 1.60",7.5,CARD,5300444384127591
18/12/2024 09:22,Leeds,Lora Mcgraw,"Regular Hot Chocolate - 1.40, Large Speciality Tea - English breakfast - 1.60, Large Filter coffee - 1.80",4.8,CARD,9859592497502552
18/12/2024 09:24,Leeds,Albert Mcnair,"Regular Filter coffee - 1.50, Large Filter coffee - 1.80",3.3,CARD,9329786483539036
18/12/2024 09:25,Leeds,Gina Beck,"Large Speciality Tea - English breakfast - 1.60, Regular Hot Chocolate - 1.40",3.0,CARD,8893856290282428
18/12/2024 09:27,Leeds,Verna Treadwell,"Large Iced americano - 2.50, Regular Filter coffee - 1.50, Large Hot Chocolate - 1.70, Regular Hot Chocolate - 1.40, Large Iced americano - 2.50",9.6,CARD,2114211918181354
18/12/2024 09:29,Leeds,Steven Slade,Large Filter coffee - 1.80,1.8,CARD,3358027056895897
18/12/2024 09:30,Leeds,Jason Wiand,"Large Chai latte - 2.60, Regular Hot Chocolate - 1.40",4.0,CARD,6755764752808702
18/12/2024 09:32,Leeds,Ray Hansell,"Large Speciality Tea - English breakfast - 1.60, Large Hot Chocolate - 1.70, Regular Filter coffee - 1.50, Large Chai latte - 2.60",7.4,CASH,
18/12/2024 09:33,Leeds,Amber Boyd,"Large Iced americano - 2.50, Regular Iced americano - 2.15, Regular Iced americano - 2.15, Regular Filter coffee - 1.50, Large Chai latte - 2.60, Large Speciality Tea - English breakfast - 1.60",12.5,CARD,6509681084569148
18/12/2024 09:35,Leeds,Rita Donovan,"Regular Chai latte - 2.30, Regular Iced americano - 2.15, Regular Filter coffee - 1.50",5.95,CARD,3776365607174871
18/12/2024 09:37,Leeds,John Aviles,Large Filter coffee - 1.80,1.8,CARD,7950516206445919
18/12/2024 09:38,Leeds,Charles Cardenas,"Regular Chai latte - 2.30, Large Chai latte - 2.60",4.9,CARD,5204952271012303
18/12/2024 09:40,Leeds,Thurman Murphy,Regular Hot Chocolate - 1.40,1.4,CARD,9516825918176381
18/12/2024 09:42,Leeds,Eric Juergens,"Regular Hot Chocolate - 1.40, Regular Filter coffee - 1.50, Large Speciality Tea - English breakfast - 1.60, Large Hot Chocolate - 1.70, Large Filter coffee - 1.80",8.0,CARD,6714836377582889
18/12/2024 09:43,Leeds,Bryan Fuoco,"Large Iced americano - 2.50, Regular Chai latte - 2.30",4.8,CARD,5183893450792254
18/12/2024 09:45,Leeds,Andrea Reyes,"Large Hot Chocolate - 1.70, Regular Chai latte - 2.30, Large Chai latte - 2.60, Regular Filter coffee - 1.50, Regular Filter coffee - 1.50",9.6,CASH,
18/12/2024 09:46,Leeds,Shirley Hamrick,"Large Filter coffee - 1.80, Regular Speciality Tea - English breakfast - 1.30, Regular Speciality Tea - English breakfast - 1.30, Regular Iced americano - 2.15, Large Iced americano - 2.50, Large Chai latte - 2.60",11.65,CARD,7411900287249720
18/12/2024 09:48,Leeds,Shannon Cushenberry,"Large Iced americano - 2.50, Large Speciality Tea - English breakfast - 1.60, Large Chai latte - 2.60, Large Iced americano - 2.50, Regular Chai latte - 2.30",11.5,CARD,8220607468716073
18/12/2024 09:50,Leeds,Julia Duren,Regular Iced americano - 2.15,2.15,CARD,8407984343570318
18/12/2024 09:51,Leeds,Robert Carroll,"Regular Filter coffee - 1.50, Regular Filter coffee - 1.50",3.0,CARD,5618668649821926
18/12/2024 09:53,Leeds,Roy Carver,"Regular Chai latte - 2.30, Regular Chai latte - 2.30, Large Speciality Tea - English breakfast - 1.60",6.2,CASH,
18/12/2024 09:54,Leeds,Penelope Henderson,Large Filter coffee - 1.80,1.8,CARD,3080981163195846
18/12/2024 09:56,Leeds,Tracy Gladden,"Regular Speciality Tea - English breakfast - 1.30, Regular Chai latte - 2.30, Regular Chai latte - 2.30, Regular Speciality Tea - English breakfast - 1.30, Large Iced americano - 2.50",9.7,CARD,3990061773986691
18/12/2024 09:58,Leeds,Betty Knox,"Large Filter coffee - 1.80, Regular Hot Chocolate - 1.40",3.2,CARD,7119840991434805
18/12/2024 09:59,Leeds,Jenniffer Vigna,Large Hot Chocolate - 1.70,1.7,CASH,
18/12/2024 10:01,Leeds,Jack Hampton,Large Filter coffee - 1.80,1.8,CARD,3991885709997326
18/12/2024 10:02,Leeds,Brendan Nelson,"Regular Speciality Tea - English breakfast - 1.30, Large Filter coffee - 1.80, Large Filter coffee - 1.80, Large Speciality Tea - English breakfast - 1.60",6.5,CARD,8832196206594671
18/12/2024 10:03,Leeds,Melissa Timmons,"Regular Filter coffee - 1.50, Large Hot Chocolate - 1.70, Regular Speciality Tea - English breakfast - 1.30",4.5,CARD,3427227006229340
18/12/2024 10:04,Leeds,Jeannette Gaines,Large Hot Chocolate - 1.70,1.7,CARD,1581930473522298
18/12/2024 10:05,Leeds,Elsie Manzi,Regular Filter coffee - 1.50,1.5,CASH,
18/12/2024 10:06,Leeds,Sarah Nowak,"Large Chai latte - 2.60, Large Chai latte - 2.60, Regular Hot Chocolate - 1.40",6.6,CASH,
18/12/2024 10:07,Leeds,Jerry Baker,Large Filter coffee - 1.80,1.8,CARD,8894852167754920
18/12/2024 10:08,Leeds,Dennis Jacques,"Regular Chai latte - 2.30, Regular Speciality Tea - English breakfast - 1.30, Regular Filter coffee - 1.50, Regular Iced americano - 2.15",7.25,CARD,5575064890943227
18/12/2024 10:09,Leeds,Madeline Cochran,Large Hot Chocolate - 1.70,1.7,CARD,9347799576432727
18/12/2024 10:11,Leeds,Crystal Pettinato,"Regular Speciality Tea - English breakfast - 1.30, Large Hot Chocolate - 1.70, Large Filter coffee - 1.80, Large Iced americano - 2.50, Regular Chai latte - 2.30, Regular Filter coffee - 1.50",11.1,CARD,5890890448765696
18/12/2024 10:12,Leeds,Steven Hoskins,"Large Filter coffee - 1.80, Large Iced americano - 2.50",4.3,CASH,
18/12/2024 10:13,Leeds,Kevin Brown,Regular Chai latte - 2.30,2.3,CARD,7370544431795133
18/12/2024 10:14,Leeds,Carlos Thomas,"Regular Hot Chocolate - 1.40, Regular Speciality Tea - English breakfast - 1.30, Regular Chai latte - 2.30, Regular Hot Chocolate - 1.40, Large Iced americano - 2.50, Regular Chai latte - 2.30",11.2,CARD,2446769140749914
18/12/2024 10:15,Leeds,Kimberly Flowers,Regular Iced americano - 2.15,2.15,CASH,
18/12/2024 10:16,Leeds,Madeline Gomez,Large Speciality Tea - English breakfast - 1.60,1.6,CASH,
18/12/2024 10:17,Leeds,Eva Davidson,"Regular Iced americano - 2.15, Large Hot Chocolate - 1.70",3.85,CARD,3446344631069073
18/12/2024 10:18,Leeds,Leroy Mackin,"Large Filter coffee - 1.80, Large Chai latte - 2.60",4.4,CASH,
18/12/2024 10:19,Leeds,Brady Stone,"Regular Filter coffee - 1.50, Regular Chai latte - 2.30, Regular Filter coffee - 1.50, Large Filter coffee - 1.80",7.1,CARD,3758569220336583
18/12/2024 10:20,Leeds,Sherry Purnell,"Large Filter coffee - 1.80, Regular Filter coffee - 1.50, Large Speciality Tea - English breakfast - 1.60, Regular Filter coffee - 1.50",6.4,CARD,3015393945152389
18/12/2024 10:21,Leeds,Curtis Foushee,"Regular Filter coffee - 1.50, Large Iced americano - 2.50, Regular Filter coffee - 1.50",5.5,CARD,3255423750753959
18/12/2024 10:22,Leeds,Bruno Henderson,"Large Speciality Tea - English breakfast - 1.60, Large Hot Chocolate - 1.70, Large Hot Chocolate - 1.70, Regular Iced americano - 2.15, Regular Filter coffee - 1.50",8.65,CARD,3439479878830343
18/12/2024 10:23,Leeds,Leonard Allison,"Large Iced americano - 2.50, Regular Speciality Tea - English breakfast - 1.30, Regular Chai latte - 2.30",6.1,CARD,7296261430340359
18/12/2024 10:24,Leeds,Dana Wiltberger,"Regular Speciality Tea - English breakfast - 1.30, Regular Filter coffee - 1.50, Large Chai latte - 2.60",5.4,CARD,3390889319749826
18/12/2024 10:25,Leeds,Mary Hernandez,"Regular Filter coffee - 1.50, Regular Iced americano - 2.15, Large Filter coffee - 1.80, Large Filter coffee - 1.80, Large Hot Chocolate - 1.70",8.95,CARD,5440753468118095
18/12/2024 10:27,Leeds,Antonio Kimbrough,"Regular Chai latte - 2.30, Regular Iced americano - 2.15",4.45,CASH,
18/12/2024 10:28,Leeds,Jimmie Wall,"Large Speciality Tea - English breakfast - 1.60, Regular Chai latte - 2.30, Regular Chai latte - 2.30, Regular Hot Chocolate - 1.40, Regular Iced americano - 2.15",9.75,CARD,1481535624954373
18/12/2024 10:29,Leeds,Oliver Pass,"Regular Chai latte - 2.30, Regular Speciality Tea - English breakfast - 1.30, Regular Hot Chocolate - 1.40",5.0,CASH,
18/12/2024 10:30,Leeds,Angelo Hopper,"Large Chai latte - 2.60, Regular Filter coffee - 1.50, Large Speciality Tea - English breakfast - 1.60",5.7,CASH,
18/12/2024 10:31,Leeds,Ann Julian,"Large Chai latte - 2.60, Large Filter coffee - 1.80, Regular Iced americano - 2.15, Large Filter coffee - 1.80",8.35,CASH,
18/12/2024 10:32,Leeds,Ramon Cooper,"Large Chai latte - 2.60, Large Filter coffee - 1.80, Regular Speciality Tea - English breakfast - 1.30",5.7,CARD,4999007359651935
18/12/2024 10:33,Leeds,Edward Nicholson,"Large Hot Chocolate - 1.70, Regular Filter coffee - 1.50, Large Speciality Tea - English breakfast - 1.60",4.8,CARD,1693452192915910
18/12/2024 10:34,Leeds,Patrick Romero,"Large Chai latte - 2.60, Regular Chai latte - 2.30",4.9,CARD,7573515945283199
18/12/2024 10:35,Leeds,Terry Newsome,"Large Filter coffee - 1.80, Regular Iced americano - 2.15, Regular Iced americano - 2.15, Regular Speciality Tea - English breakfast - 1.30, Large Iced americano - 2.50",9.9,CARD,9607984657802118
18/12/2024 10:36,Leeds,Charlie Creagh,Regular Filter coffee - 1.50,1.5,CARD,8674730587165562
18/12/2024 10:37,Leeds,Fred Holliday,"Regular Iced americano - 2.15, Regular Filter coffee - 1.50",3.65,CARD,9856368668912451
18/12/2024 10:38,Leeds,Shelba James,"Regular Chai latte - 2.30, Regular Chai latte - 2.30, Regular Speciality Tea - English breakfast - 1.30",5.9,CASH,
18/12/2024 10:39,Leeds,Luz Sandoval,"Regular Filter coffee - 1.50, Regular Speciality Tea - English breakfast - 1.30, Large Filter coffee - 1.80, Large Filter coffee - 1.80",6.4,CARD,4746982578776651
18/12/2024 10:40,Leeds,Debrah Mckay,"Regular Iced americano - 2.15, Large Hot Chocolate - 1.70",3.85,CARD,4211560395345853
18/12/2024 10:41,Leeds,Linda Hubbard,"Regular Iced americano - 2.15, Regular Iced americano - 2.15, Regular Speciality Tea - English breakfast - 1.30, Large Chai latte - 2.60, Regular Filter coffee - 1.50",9.7,CARD,1175413335620129
18/12/2024 10:43,Leeds,Craig Sartin,"Large Chai latte - 2.60, Large Filter coffee - 1.80",4.4,CARD,8307274871167484
18/12/2024 10:44,Leeds,Timothy Lowe,"Regular Hot Chocolate - 1.40, Regular Chai latte - 2.30",3.7,CARD,3269625333897711
18/12/2024 10:45,Leeds,Willetta Henry,"Large Chai latte - 2.60, Regular Filter coffee - 1.50, Large Filter coffee - 1.80",5.9,CARD,7812527838414733
18/12/2024 10:46,Leeds,Dewey Reese,Large Speciality Tea - English breakfast - 1.60,1.6,CARD,7844072484223547
18/12/2024 10:47,Leeds,Douglas Luna,"Regular Filter coffee - 1.50, Large Speciality Tea - English breakfast - 1.60, Regular Hot Chocolate - 1.40, Regular Speciality Tea - English breakfast - 1.30",5.8,CARD,4659275517694850
18/12/2024 10:48,Leeds,Penny Sisk,Regular Filter coffee - 1.50,1.5,CARD,3458036553674719
18/12/2024 10:49,Leeds,Kathleen Kershaw,Large Filter coffee - 1.80,1.8,CARD,5960294065497331
18/12/2024 10:50,Leeds,Cathy Childress,"Large Speciality Tea - English breakfast - 1.60, Regular Iced americano - 2.15, Regular Chai latte - 2.30, Large Filter coffee - 1.80, Large Chai latte - 2.60",10.45,CASH,
18/12/2024 10:51,Leeds,Kevin Tennant,Large Hot Chocolate - 1.70,1.7,CARD,7355688096961015
18/12/2024 10:52,Leeds,Maria Parker,Large Chai latte - 2.60,2.6,CARD,1833267431424257
18/12/2024 10:53,Leeds,Nancy Johnson,"Large Iced americano - 2.50, Large Speciality Tea - English breakfast - 1.60, Regular Filter coffee - 1.50",5.6,CARD,1777800977563490
18/12/2024 10:54,Leeds,Gertrude Donald,"Large Chai latte - 2.60, Large Chai latte - 2.60, Regular Chai latte - 2.30",7.5,CARD,7290857081985792
18/12/2024 10:55,Leeds,Christopher Simon,"Regular Hot Chocolate - 1.40, Large Filter coffee - 1.80, Regular Iced americano - 2.15, Large Filter coffee - 1.80",7.15,CARD,7765549582199376
18/12/2024 10:56,Leeds,Gertrude Richardson,Large Iced americano - 2.50,2.5,CARD,1945944560190982
18/12/2024 10:57,Leeds,Julio Connolly,Large Speciality Tea - English breakfast - 1.60,1.6,CASH,
18/12/2024 10:59,Leeds,Kelly Cline,"Regular Chai latte - 2.30, Large Iced americano - 2.50, Large Speciality Tea - English breakfast - 1.60",6.4,CARD,9981295683584720
18/12/2024 11:00,Leeds,Rebecca Ramiez,"Regular Iced americano - 2.15, Regular Speciality Tea - English breakfast - 1.30",3.45,CASH,
18/12/2024 11:04,Leeds,Perry Niver,"Large Iced americano - 2.50, Regular Hot Chocolate - 1.40, Regular Iced americano - 2.15",6.05,CASH,
18/12/2024 11:08,Leeds,Robert Coard,Large Hot Chocolate - 1.70,1.7,CARD,1847078880038863
18/12/2024 11:12,Leeds,Wilma Tillman,"Regular Speciality Tea - English breakfast - 1.30, Regular Iced americano - 2.15, Regular Chai latte - 2.30, Large Filter coffee - 1.80, Large Chai latte - 2.60",10.15,CASH,
18/12/2024 11:16,Leeds,Richard Torres,"Large Chai latte - 2.60, Large Iced americano - 2.50, Large Hot Chocolate - 1.70",6.8,CARD,3309656045619788
18/12/2024 11:20,Leeds,Kerrie Williams,Large Filter coffee - 1.80,1.8,CASH,
18/12/2024 11:24,Leeds,Jane Scott,"Large Filter coffee - 1.80, Regular Iced americano - 2.15, Large Iced americano - 2.50, Large Hot Chocolate - 1.70",8.15,CARD,9666225878596816
18/12/2024 11:28,Leeds,Chong Peter,"Regular Hot Chocolate - 1.40, Regular Chai latte - 2.30, Regular Filter coffee - 1.50, Regular Filter coffee - 1.50",6.7,CARD,3417239540061037
18/12/2024 11:32,Leeds,Naomi Mullinax,Large Chai latte - 2.60,2.6,CASH,
18/12/2024 11:36,Leeds,Juan Beck,Large Hot Chocolate - 1.70,1.7,CARD,4705584285998805
18/12/2024 11:40,Leeds,Margaret Chambers,Large Chai latte - 2.60,2.6,CARD,7658878921098737
18/12/2024 11:44,Leeds,Gladys Mccully,"Large Filter coffee - 1.80, Regular Speciality Tea - English breakfast - 1.30, Regular Speciality Tea - English breakfast - 1.30",4.4,CARD,3388648658502468
18/12/2024 11:48,Leeds,Darrell Oliver,"Large Speciality Tea - English breakfast - 1.60, Large Iced americano - 2.50",4.1,CARD,1595114521042286
18/12/2024 11:52,Leeds,Octavio Moline,"Regular Speciality Tea - English breakfast - 1.30, Large Speciality Tea - English breakfast - 1.60, Regular Speciality Tea - English breakfast - 1.30, Large Filter coffee - 1.80, Large Hot Chocolate - 1.70, Large Speciality Tea - English breakfast - 1.60",9.3,CARD,2505818854480153
18/12/2024 11:56,Leeds,Ricky Curtis,"Regular Filter coffee - 1.50, Regular Chai latte - 2.30, Regular Chai latte - 2.30",6.1,CARD,5509826959579523
18/12/2024 12:00,Leeds,Nancy Perry,"Regular Filter coffee - 1.50, Regular Filter coffee - 1.50, Large Filter coffee - 1.80",4.8,CARD,8115773692757742
18/12/2024 12:01,Leeds,Robert Rinaldi,Regular Hot Chocolate - 1.40,1.4,CARD,3857151999781741
18/12/2024 12:03,Leeds,Lakia Tony,"Regular Iced americano - 2.15, Regular Speciality Tea - English breakfast - 1.30, Regular Filter coffee - 1.50, Regular Hot Chocolate - 1.40",6.35,CARD,6398860463124235
18/12/2024 12:05,Leeds,Grady Bellavance,"Regular Speciality Tea - English breakfast - 1.30, Regular Iced americano - 2.15",3.45,CARD,4498051955450537
18/12/2024 12:06,Leeds,Aracely Gonzalez,"Regular Iced americano - 2.15, Regular Iced americano - 2.15",4.3,CASH,
18/12/2024 12:08,Leeds,Bobbie Graves,"Regular Chai latte - 2.30, Regular Hot Chocolate - 1.40, Large Hot Chocolate - 1.70, Regular Filter coffee - 1.50",6.9,CARD,1303155968661120
18/12/2024 12:10,Leeds,Elizabeth Fischer,Regular Chai latte - 2.30,2.3,CASH,
18/12/2024 12:11,Leeds,Erin Kurtz,Large Chai latte - 2.60,2.6,CARD,8881217507577020
18/12/2024 12:13,Leeds,Michael Thompson,"Large Chai latte - 2.60, Regular Iced americano - 2.15",4.75,CARD,1976015479322711
18/12/2024 12:15,Leeds,Lorene Sweeney,"Large Speciality Tea - English breakfast - 1.60, Regular Filter coffee - 1.50",3.1,CARD,3219124808972170
18/12/2024 12:16,Leeds,Patrick Squires,"Large Chai latte - 2.60, Regular Iced americano - 2.15, Regular Speciality Tea - English breakfast - 1.30, Regular Hot Chocolate - 1.40",7.45,CASH,
18/12/2024 12:18,Leeds,Stella Lewis,Large Chai latte - 2.60,2.6,CARD,9017203443112413
18/12/2024 12:20,Leeds,Jaime Jones,"Regular Filter coffee - 1.50, Regular Filter coffee - 1.50, Regular Hot Chocolate - 1.40, Large Speciality Tea - English breakfast - 1.60",6.0,CARD,2262491264296250
18/12/2024 12:21,Leeds,Royce Bettis,"Regular Iced americano - 2.15, Regular Speciality Tea - English breakfast - 1.30, Regular Iced americano - 2.15, Regular Speciality Tea - English breakfast - 1.30",6.9,CARD,2989994619003797
18/12/2024 12:23,Leeds,William Pickle,Large Filter coffee - 1.80,1.8,CARD,3186638919183076
18/12/2024 12:25,Leeds,Robert Zemlicka,"Regular Speciality Tea - English breakfast - 1.30, Large Chai latte - 2.60, Large Speciality Tea - English breakfast - 1.60, Large Speciality Tea - English breakfast - 1.60",7.1,CARD,4805461223702272
18/12/2024 12:26,Leeds,Homer Araujo,Large Hot Chocolate - 1.70,1.7,CASH,
18/12/2024 12:28,Leeds,Donna Gonzales,"Large Filter coffee - 1.80, Large Filter coffee - 1.80, Regular Hot Chocolate - 1.40, Large Iced americano - 2.50",7.5,CASH,
18/12/2024 12:30,Leeds,Joey Addiego,"Regular Iced americano - 2.15, Regular Chai latte - 2.30, Large Iced americano - 2.50",6.95,CARD,4119013595671233
18/12/2024 12:31,Leeds,Peter Lira,"Large Hot Chocolate - 1.70, Regular Speciality Tea - English breakfast - 1.30, Large Iced americano - 2.50, Regular Hot Chocolate - 1.40, Regular Filter coffee - 1.50, Large Chai latte - 2.60",11.0,CARD,2792983212226802
18/12/2024 12:33,Leeds,Sherry Lopez,"Large Filter coffee - 1.80, Regular Iced americano - 2.15",3.95,CARD,5785375490843446
18/12/2024 12:35,Leeds,David Fraser,"Regular Iced americano - 2.15, Regular Chai latte - 2.30, Large Hot Chocolate - 1.70",6.15,CARD,2195656801309614
18/12/2024 12:36,Leeds,Gloria Hughes,"Regular Filter coffee - 1.50, Regular Chai latte - 2.30, Large Filter coffee - 1.80",5.6,CARD,6441755645362726
18/12/2024 12:38,Leeds,Joseph Tice,"Regular Speciality Tea - English breakfast - 1.30, Regular Hot Chocolate - 1.40, Regular Hot Chocolate - 1.40",4.1,CASH,
18/12/2024 12:40,Leeds,James Billingsley,"Large Hot Chocolate - 1.70, Large Filter coffee - 1.80",3.5,CARD,2837543666861086
18/12/2024 12:41,Leeds,Mary Mccutchen,"Regular Hot Chocolate - 1.40, Regular Iced americano - 2.15, Large Speciality Tea - English breakfast - 1.60, Large Speciality Tea - English breakfast - 1.60, Large Chai latte - 2.60",9.35,CARD,8095983790460095
18/12/2024 12:43,Leeds,Walter Varner,Large Chai latte - 2.60,2.6,CARD,7601632967268989
18/12/2024 12:45,Leeds,Edward Russell,"Large Iced americano - 2.50, Large Iced americano - 2.50, Regular Chai latte - 2.30, Large Speciality Tea - English breakfast - 1.60",8.9,CARD,2858008675808860
18/12/2024 12:46,Leeds,Carol Rios,"Large Hot Chocolate - 1.70, Regular Filter coffee - 1.50, Regular Filter coffee - 1.50",4.7,CARD,1927877197877675
18/12/2024 12:48,Leeds,Leroy Bailey,"Regular Iced americano - 2.15, Large Chai latte - 2.60",4.75,CARD,2798576482042848
18/12/2024 12:50,Leeds,Kirk Ferguson,"Regular Chai latte - 2.30, Regular Hot Chocolate - 1.40, Regular Hot Chocolate - 1.40",5.1,CARD,9218444917815226
18/12/2024 12:51,Leeds,William Lee,"Regular Filter coffee - 1.50, Large Chai latte - 2.60",4.1,CASH,
18/12/2024 12:53,Leeds,Louise Grey,Large Filter coffee - 1.80,1.8,CARD,3089571052492804
18/12/2024 12:55,Leeds,Shawn Cooper,"Regular Speciality Tea - English breakfast - 1.30, Large Chai latte - 2.60",3.9,CARD,4010233423140289
18/12/2024 12:56,Leeds,Tori Dudziak,"Regular Chai latte - 2.30, Regular Filter coffee - 1.50, Large Filter coffee - 1.80",5.6,CARD,6679785460964072
18/12/2024 12:58,Leeds,Aida Mcmillin,Large Speciality Tea - English breakfast - 1.60,1.6,CASH,
18/12/2024 13:00,Leeds,Mark Stewart,"Large Hot Chocolate - 1.70, Large Iced americano - 2.50, Large Hot Chocolate - 1.70, Regular Chai latte - 2.30, Regular Speciality Tea - English breakfast - 1.30, Regular Chai latte - 2.30",11.8,CASH,
18/12/2024 13:00,Leeds,Sandra Nadeau,"Regular Hot Chocolate - 1.40, Regular Chai latte - 2.30",3.7,CARD,4350823833026748
18/12/2024 13:01,Leeds,Terry Padilla,Regular Chai latte - 2.30,2.3,CARD,7095942527937499
18/12/2024 13:02,Leeds,Antoinette Lomax,Regular Iced americano - 2.15,2.15,CARD,8342908494796740
18/12/2024 13:03,Leeds,Beth Firestone,"Regular Chai latte - 2.30, Regular Iced americano - 2.15, Large Iced americano - 2.50, Large Hot Chocolate - 1.70",8.65,CARD,6183942829517914
18/12/2024 13:04,Leeds,Randi Pacheco,"Regular Speciality Tea - English breakfast - 1.30, Large Filter coffee - 1.80",3.1,CASH,
18/12/2024 13:05,Leeds,Marsha Bergesen,"Large Filter coffee - 1.80, Regular Hot Chocolate - 1.40",3.2,CARD,3838472691162519
18/12/2024 13:05,Leeds,Judy Coley,"Regular Chai latte - 2.30, Regular Hot Chocolate - 1.40, Regular Speciality Tea - English breakfast - 1.30",5.0,CASH,
18/12/2024 13:06,Leeds,Scott Lanzi,"Regular Filter coffee - 1.50, Regular Filter coffee - 1.50",3.0,CARD,9308584504894721
18/12/2024 13:07,Leeds,Alex Alaibilla,Regular Chai latte - 2.30,2.3,CASH,
18/12/2024 13:08,Leeds,Robert Lopez,"Large Hot Chocolate - 1.70, Regular Filter coffee - 1.50",3.2,CARD,3438047268488379
18/12/2024 13:09,Leeds,Tara Basil,Large Hot Chocolate - 1.70,1.7,CASH,
18/12/2024 13:10,Leeds,Colleen Williams,"Large Chai latte - 2.60, Large Iced americano - 2.50, Large Hot Chocolate - 1.70, Large Speciality Tea - English breakfast - 1.60, Regular Hot Chocolate - 1.40, Large Speciality Tea - English breakfast - 1.60",11.4,CARD,8748966314132766
18/12/2024 13:10,Leeds,James Campbell,"Large Filter coffee - 1.80, Large Hot Chocolate - 1.70",3.5,CARD,4086510496718846
18/12/2024 13:11,Leeds,Rita Bishop,"Regular Hot Chocolate - 1.40, Regular Speciality Tea - English breakfast - 1.30, Large Filter coffee - 1.80, Regular Iced americano - 2.15, Regular Filter coffee - 1.50",8.15,CARD,9712915028730426
18/12/2024 13:12,Leeds,Edwin Sinclair,"Regular Chai latte - 2.30, Large Hot Chocolate - 1.70, Large Speciality Tea - English breakfast - 1.60, Large Filter coffee - 1.80, Regular Chai latte - 2.30",9.7,CARD,1181402298933737
18/12/2024 13:13,Leeds,Kevin Hightower,Large Filter coffee - 1.80,1.8,CARD,2684156845057784
18/12/2024 13:14,Leeds,Scott Taranto,Regular Hot Chocolate - 1.40,1.4,CASH,
18/12/2024 13:15,Leeds,Stuart Jimenez,Large Iced americano - 2.50,2.5,CASH,
18/12/2024 13:15,Leeds,Alice Delton,"Regular Chai latte - 2.30, Large Iced americano - 2.50, Regular Hot Chocolate - 1.40",6.2,CASH,
18/12/2024 13:16,Leeds,Sherron Stewart,"Large Speciality Tea - English breakfast - 1.60, Regular Iced americano - 2.15",3.75,CARD,4873456320127701
18/12/2024 13:17,Leeds,Kenneth Topp,"Regular Chai latte - 2.30, Large Filter coffee - 1.80, Large Hot Chocolate - 1.70, Large Iced americano - 2.50",8.3,CARD,1794315693688791
18/12/2024 13:18,Leeds,Sandra Campbell,Large Hot Chocolate - 1.70,1.7,CASH,
18/12/2024 13:19,Leeds,Frank Proffitt,"Regular Speciality Tea - English breakfast - 1.30, Large Hot Chocolate - 1.70, Regular Iced americano - 2.15",5.15,CARD,3526624674941441
18/12/2024 13:20,Leeds,Ed Wright,"Regular Chai latte - 2.30, Large Filter coffee - 1.80, Regular Hot Chocolate - 1.40",5.5,CARD,5248326676128666
18/12/2024 13:20,Leeds,Jerrod Thompson,Large Iced americano - 2.50,2.5,CARD,3728624328374016
18/12/2024 13:21,Leeds,Robert Holley,Regular Chai latte - 2.30,2.3,CARD,8359564669165095
18/12/2024 13:22,Leeds,Gene Brown,"Large Chai latte - 2.60, Large Hot Chocolate - 1.70, Regular Speciality Tea - English breakfast - 1.30, Regular Hot Chocolate - 1.40",7.0,CARD,9755048062799913
18/12/2024 13:23,Leeds,Angie Megown,"Regular Hot Chocolate - 1.40, Regular Iced americano - 2.15, Regular Filter coffee - 1.50, Regular Hot Chocolate - 1.40",6.45,CARD,6364841163362545
18/12/2024 13:24,Leeds,Krystle Debose,"Regular Hot Chocolate - 1.40, Large Filter coffee - 1.80, Large Hot Chocolate - 1.70, Large Speciality Tea - English breakfast - 1.60",6.5,CARD,2286989492311180
18/12/2024 13:25,Leeds,Sherri Brown,Regular Filter coffee - 1.50,1.5,CASH,
18/12/2024 13:25,Leeds,Sherman Calhoun,"Regular Speciality Tea - English breakfast - 1.30, Large Filter coffee - 1.80, Large Chai latte - 2.60, Large Filter coffee - 1.80",7.5,CARD,9547147476452562
18/12/2024 13:26,Leeds,Ashley Lacey,Large Speciality Tea - English breakfast - 1.60,1.6,CARD,1105144193273103
18/12/2024 13:27,Leeds,Floyd Vail,"Regular Chai latte - 2.30, Regular Speciality Tea - English breakfast - 1.30",3.6,CARD,3948297304299965
18/12/2024 13:28,Leeds,Lucius Gray,"Large Chai latte - 2.60, Regular Hot Chocolate - 1.40",4.0,CASH,
18/12/2024 13:29,Leeds,Gwendolyn Avalos,Regular Hot Chocolate - 1.40,1.4,CARD,1978928142927352
18/12/2024 13:30,Leeds,Anthony Stone,"Regular Filter coffee - 1.50, Regular Chai latte - 2.30, Large Chai latte - 2.60",6.4,CASH,
18/12/2024 13:30,Leeds,Marcellus Perez,Regular Filter coffee - 1.50,1.5,CASH,
18/12/2024 13:31,Leeds,Kay Walter,"Regular Filter coffee - 1.50, Large Iced americano - 2.50",4.0,CARD,3300812487239178
18/12/2024 13:32,Leeds,David Lee,"Large Iced americano - 2.50, Regular Filter coffee - 1.50, Large Filter coffee - 1.80",5.8,CARD,4017260168866135
18/12/2024 13:33,Leeds,Albert Shults,Large Hot Chocolate - 1.70,1.7,CARD,2415540286587474
18/12/2024 13:34,Leeds,Charles Dean,"Regular Speciality Tea - English breakfast - 1.30, Regular Speciality Tea - English breakfast - 1.30",2.6,CASH,
18/12/2024 13:35,Leeds,Mia Allen,"Regular Hot Chocolate - 1.40, Regular Hot Chocolate - 1.40, Regular Iced americano - 2.15, Large Chai latte - 2.60, Large Hot Chocolate - 1.70",9.25,CARD,3559459112882780
18/12/2024 13:35,Leeds,Rhonda Mauldin,Regular Iced americano - 2.15,2.15,CARD,5688640959560870
18/12/2024 13:36,Leeds,Mary Taylor,"Regular Hot Chocolate - 1.40, Large Chai latte - 2.60, Regular Filter coffee - 1.50, Regular Speciality Tea - English breakfast - 1.30",6.8,CARD,9426598547407066
18/12/2024 13:37,Leeds,Brice Morris,"Regular Iced americano - 2.15, Regular Iced americano - 2.15",4.3,CARD,7955665015219364
18/12/2024 13:38,Leeds,Hollis Curl,"Large Chai latte - 2.60, Large Chai latte - 2.60, Large Speciality Tea - English breakfast - 1.60, Large Chai latte - 2.60, Large Hot Chocolate - 1.70",11.1,CARD,7407202437305286
18/12/2024 13:39,Leeds,Homer Lawrence,Regular Filter coffee - 1.50,1.5,CASH,
18/12/2024 13:40,Leeds,Melody Brown,"Large Hot Chocolate - 1.70, Large Hot Chocolate - 1.70, Regular Chai latte - 2.30, Large Iced americano - 2.50",8.2,CASH,
18/12/2024 13:40,Leeds,Andrea Fink,"Regular Chai latte - 2.30, Regular Filter coffee - 1.50",3.8,CARD,3804203620779189
18/12/2024 13:41,Leeds,Carol Jarvis,"Regular Hot Chocolate - 1.40, Large Iced americano - 2.50, Regular Chai latte - 2.30, Regular Iced americano - 2.15, Regular Speciality Tea - English breakfast - 1.30, Large Filter coffee - 1.80",11.45,CARD,9928078509255874
18/12/2024 13:42,Leeds,Robert Redford,"Large Speciality Tea - English breakfast - 1.60, Large Hot Chocolate - 1.70, Large Filter coffee - 1.80, Large Iced americano - 2.50, Large Speciality Tea - English breakfast - 1.60, Large Iced americano - 2.50",11.7,CARD,7090332507867258
18/12/2024 13:43,Leeds,Veronica Hobbs,"Large Iced americano - 2.50, Large Hot Chocolate - 1.70, Regular Chai latte - 2.30, Large Hot Chocolate - 1.70, Regular Speciality Tea - English breakfast - 1.30",9.5,CARD,5357467056871724
18/12/2024 13:44,Leeds,Stacey Dyer,"Regular Speciality Tea - English breakfast - 1.30, Regular Chai latte - 2.30, Large Iced americano - 2.50, Regular Chai latte - 2.30",8.4,CASH,
18/12/2024 13:45,Leeds,Gregory Mccoy,"Large Hot Chocolate - 1.70, Large Chai latte - 2.60, Large Speciality Tea - English breakfast - 1.60",5.9,CASH,
18/12/2024 13:45,Leeds,Ethel Fink,"Regular Iced americano - 2.15, Large Iced americano - 2.50",4.65,CASH,
18/12/2024 13:46,Leeds,Mary Ford,"Regular Filter coffee - 1.50, Regular Speciality Tea - English breakfast - 1.30, Large Chai latte - 2.60",5.4,CASH,
18/12/2024 13:47,Leeds,Leslie Maynard,"Large Filter coffee - 1.80, Large Filter coffee - 1.80, Large Iced americano - 2.50",6.1,CARD,9360975818667504
18/12/2024 13:48,Leeds,Dawn Priolo,"Regular Iced americano - 2.15, Large Speciality Tea - English breakfast - 1.60, Regular Hot Chocolate - 1.40, Regular Filter coffee - 1.50, Large Iced americano - 2.50",9.15,CASH,
18/12/2024 13:49,Leeds,Mary Hanna,"Large Chai latte - 2.60, Large Speciality Tea - English breakfast - 1.60",4.2,CARD,7346749837991894
18/12/2024 13:50,Leeds,Billie Milam,"Regular Filter coffee - 1.50, Large Filter coffee - 1.80, Regular Speciality Tea - English breakfast - 1.30, Regular Iced americano - 2.15",6.75,CARD,8168621465544633
18/12/2024 13:50,Leeds,Mary Eller,"Large Hot Chocolate - 1.70, Large Hot Chocolate - 1.70, Regular Hot Chocolate - 1.40, Regular Chai latte - 2.30, Regular Filter coffee - 1.50",8.6,CASH,
18/12/2024 13:51,Leeds,Andrea Fortin,"Large Speciality Tea - English breakfast - 1.60, Regular Chai latte - 2.30, Large Speciality Tea - English breakfast - 1.60",5.5,CASH,
18/12/2024 13:52,Leeds,David Farmer,"Large Filter coffee - 1.80, Large Filter coffee - 1.80, Regular Iced americano - 2.15, Regular Iced americano - 2.15",7.9,CARD,7202940086492235
18/12/2024 13:53,Leeds,Elizabeth Arrants,"Regular Speciality Tea - English breakfast - 1.30, Regular Speciality Tea - English breakfast - 1.30, Regular Speciality Tea - English breakfast - 1.30, Large Filter coffee - 1.80",5.7,CARD,7598105453335656
18/12/2024 13:54,Leeds,Debra Garcia,Large Chai latte - 2.60,2.6,CARD,3262140398966769
18/12/2024 13:55,Leeds,James Skinner,Large Chai latte - 2.60,2.6,CARD,1876491854147232
18/12/2024 13:55,Leeds,Wade Mcculley,"Regular Chai latte - 2.30, Large Chai latte - 2.60, Regular Speciality Tea - English breakfast - 1.30, Regular Iced americano - 2.15, Large Filter coffee - 1.80",10.15,CARD,6745444920327130
18/12/2024 13:56,Leeds,William Chico,"Large Chai latte - 2.60, Large Filter coffee - 1.80, Regular Chai latte - 2.30",6.7,CARD,6329692745426165
18/12/2024 13:57,Leeds,Matthew Roberts,"Regular Iced americano - 2.15, Large Filter coffee - 1.80",3.95,CARD,1797868899273188
18/12/2024 13:58,Leeds,Floyd Healy,Large Hot Chocolate - 1.70,1.7,CARD,5893108716087715
18/12/2024 13:59,Leeds,Ginny Byles,"Large Filter coffee - 1.80, Regular Chai latte - 2.30, Regular Hot Chocolate - 1.40",5.5,CARD,5076459967727767
18/12/2024 14:00,Leeds,Carmen Jones,"Large Chai latte - 2.60, Large Iced americano - 2.50, Large Filter coffee - 1.80",6.9,CASH,
18/12/2024 14:01,Leeds,Deborah Nielsen,"Regular Iced americano - 2.15, Large Hot Chocolate - 1.70, Regular Hot Chocolate - 1.40, Large Hot Chocolate - 1.70",6.95,CARD,7290787276539451
18/12/2024 14:02,Leeds,Scott Blair,"Regular Speciality Tea - English breakfast - 1.30, Regular Filter coffee - 1.50, Large Speciality Tea - English breakfast - 1.60",4.4,CARD,1624236212613940
18/12/2024 14:02,Leeds,Amanda Cumberbatch,"Large Filter coffee - 1.80, Large Filter coffee - 1.80",3.6,CASH,
18/12/2024 14:03,Leeds,Landon Rodriquez,"Large Hot Chocolate - 1.70, Large Filter coffee - 1.80, Regular Chai latte - 2.30, Regular Chai latte - 2.30, Regular Hot Chocolate - 1.40",9.5,CARD,2821579162439145
18/12/2024 14:04,Leeds,Maria Blevins,"Large Iced americano - 2.50, Regular Iced americano - 2.15, Regular Filter coffee - 1.50",6.15,CARD,7136777704325336
18/12/2024 14:05,Leeds,Merlin Mcclean,Regular Filter coffee - 1.50,1.5,CARD,6286808576023758
18/12/2024 14:06,Leeds,Oscar Smith,Regular Chai latte - 2.30,2.3,CARD,2716929442258515
18/12/2024 14:07,Leeds,Angel Petix,"Regular Chai latte - 2.30, Large Chai latte - 2.60, Regular Hot Chocolate - 1.40, Large Filter coffee - 1.80",8.1,CARD,2433333757399483
18/12/2024 14:08,Leeds,Karl Houston,"Large Hot Chocolate - 1.70, Large Filter coffee - 1.80, Large Iced americano - 2.50, Regular Speciality Tea - English breakfast - 1.30, Large Chai latte - 2.60",9.9,CASH,
18/12/2024 14:09,Leeds,Michael Salcido,Regular Filter coffee - 1.50,1.5,CASH,
18/12/2024 14:10,Leeds,Neil Croteau,"Regular Iced americano - 2.15, Large Speciality Tea - English breakfast - 1.60, Regular Filter coffee - 1.50, Regular Filter coffee - 1.50",6.75,CASH,
18/12/2024 14:11,Leeds,Marcella Johnson,"Large Speciality Tea - English breakfast - 1.60, Large Speciality Tea - English breakfast - 1.60",3.2,CARD,2187227486777919
18/12/2024 14:12,Leeds,Susan Garcia,"Large Hot Chocolate - 1.70, Regular Iced americano - 2.15, Regular Iced americano - 2.15",6.0,CARD,8742393569489594
18/12/2024 14:13,Leeds,Tonya Hansen,"Large Filter coffee - 1.80, Regular Chai latte - 2.30",4.1,CARD,3207843049174823
18/12/2024 14:14,Leeds,Mari Young,"Large Filter coffee - 1.80, Regular Speciality Tea - English breakfast - 1.30",3.1,CARD,5615640615894381
18/12/2024 14:15,Leeds,Gladys Huston,"Regular Speciality Tea - English breakfast - 1.30, Regular Hot Chocolate - 1.40, Regular Hot Chocolate - 1.40",4.1,CARD,2633651416613091
18/12/2024 14:16,Leeds,Amanda Greenfield,Regular Chai latte - 2.30,2.3,CARD,3675107751056216
18/12/2024 14:17,Leeds,Dave Mcdonald,"Regular Hot Chocolate - 1.40, Large Iced americano - 2.50, Regular Filter coffee - 1.50, Large Hot Chocolate - 1.70, Regular Hot Chocolate - 1.40",8.5,CASH,
18/12/2024 14:18,Leeds,Rose Buckner,"Large Iced americano - 2.50, Regular Filter coffee - 1.50",4.0,CARD,3591136609103993
18/12/2024 14:19,Leeds,Richard Michaux,"Regular Iced americano - 2.15, Large Hot Chocolate - 1.70, Large Filter coffee - 1.80, Large Speciality Tea - English breakfast - 1.60",7.25,CARD,8536240705297243
18/12/2024 14:20,Leeds,Amy Chastain,"Large Hot Chocolate - 1.70, Large Chai latte - 2.60, Large Iced americano - 2.50",6.8,CARD,3651133349153105
18/12/2024 14:21,Leeds,Louise Pond,"Large Hot Chocolate - 1.70, Large Hot Chocolate - 1.70, Large Hot Chocolate - 1.70, Regular Filter coffee - 1.50, Large Speciality Tea - English breakfast - 1.60",8.2,CARD,4359113103511891
18/12/2024 14:21,Leeds,Myrna Alford,"Regular Filter coffee - 1.50, Regular Speciality Tea - English breakfast - 1.30, Large Speciality Tea - English breakfast - 1.60, Large Hot Chocolate - 1.70",6.1,CARD,5711282525185881
18/12/2024 14:22,Leeds,Stephanie Rice,"Regular Iced americano - 2.15, Regular Filter coffee - 1.50, Regular Chai latte - 2.30",5.95,CARD,6990113758607505
18/12/2024 14:23,Leeds,Kenneth Peltier,"Regular Speciality Tea - English breakfast - 1.30, Regular Iced americano - 2.15, Large Hot Chocolate - 1.70, Regular Speciality Tea - English breakfast - 1.30, Large Chai latte - 2.60, Regular Filter coffee - 1.50",10.55,CARD,2555976008918438
18/12/2024 14:24,Leeds,Louis Stembridge,"Large Chai latte - 2.60, Regular Iced americano - 2.15, Large Filter coffee - 1.80, Regular Iced americano - 2.15",8.7,CARD,4354580269994464
18/12/2024 14:25,Leeds,Jose Caldwell,"Large Chai latte - 2.60, Large Speciality Tea - English breakfast - 1.60, Regular Chai latte - 2.30, Large Chai latte - 2.60",9.1,CARD,6949841356009432
18/12/2024 14:26,Leeds,Donald Clements,"Large Filter coffee - 1.80, Regular Iced americano - 2.15, Regular Speciality Tea - English breakfast - 1.30, Large Iced americano - 2.50, Regular Speciality Tea - English breakfast - 1.30",9.05,CARD,6283164160640766
18/12/2024 14:27,Leeds,Roy Rocha,Regular Iced americano - 2.15,2.15,CASH,
18/12/2024 14:28,Leeds,Joshua Smith,Large Iced americano - 2.50,2.5,CASH,
18/12/2024 14:29,Leeds,Theodore Longtin,Large Hot Chocolate - 1.70,1.7,CASH,
18/12/2024 14:30,Leeds,Betty Land,"Large Hot Chocolate - 1.70, Regular Hot Chocolate - 1.40",3.1,CASH,
18/12/2024 14:31,Leeds,Aileen Jenkins,Regular Speciality Tea - English breakfast - 1.30,1.3,CARD,5660511607306805
18/12/2024 14:32,Leeds,Mina Murillo,"Large Chai latte - 2.60, Large Filter coffee - 1.80, Large Speciality Tea - English breakfast - 1.60",6.0,CASH,
18/12/2024 14:33,Leeds,Michelle Hopkins,"Regular Chai latte - 2.30, Regular Chai latte - 2.30, Large Chai latte - 2.60, Regular Filter coffee - 1.50, Regular Speciality Tea - English breakfast - 1.30",10.0,CASH,
18/12/2024 14:34,Leeds,Andree Wright,"Regular Speciality Tea - English breakfast - 1.30, Regular Filter coffee - 1.50, Regular Speciality Tea - English breakfast - 1.30",4.1,CARD,9229188944926172
18/12/2024 14:35,Leeds,Sharon Metzger,"Regular Chai latte - 2.30, Regular Speciality Tea - English breakfast - 1.30",3.6,CARD,1867875047942726
18/12/2024 14:36,Leeds,Orville Sullivan,"Large Filter coffee - 1.80, Large Filter coffee - 1.80, Regular Iced americano - 2.15, Large Hot Chocolate - 1.70, Regular Filter coffee - 1.50",8.95,CARD,6188852021350410
18/12/2024 14:37,Leeds,Xavier Marston,"Large Chai latte - 2.60, Large Speciality Tea - English breakfast - 1.60",4.2,CARD,5723602188503493
18/12/2024 14:38,Leeds,Debra Washington,Large Iced americano - 2.50,2.5,CARD,6172894950913942
18/12/2024 14:39,Leeds,Yolanda Sparkman,"Large Chai latte - 2.60, Large Chai latte - 2.60, Regular Chai latte - 2.30",7.5,CARD,7755468450643823
18/12/2024 14:40,Leeds,Tony Brock,"Large Chai latte - 2.60, Large Filter coffee - 1.80, Regular Speciality Tea - English breakfast - 1.30, Large Speciality Tea - English breakfast - 1.60",7.3,CASH,
18/12/2024 14:40,Leeds,Michael Williams,"Regular Hot Chocolate - 1.40, Large Speciality Tea - English breakfast - 1.60, Large Speciality Tea - English breakfast - 1.60",4.6,CASH,
18/12/2024 14:41,Leeds,Charles Medellin,"Large Filter coffee - 1.80, Regular Iced americano - 2.15",3.95,CARD,6039565794059742
18/12/2024 14:42,Leeds,Michael Wheeler,"Large Chai latte - 2.60, Regular Chai latte - 2.30, Regular Chai latte - 2.30",7.2,CASH,
18/12/2024 14:43,Leeds,Eric Howard,"Regular Filter coffee - 1.50, Large Iced americano - 2.50",4.0,CASH,
18/12/2024 14:44,Leeds,Brandon Martinez,"Regular Speciality Tea - English breakfast - 1.30, Large Filter coffee - 1.80, Regular Chai latte - 2.30",5.4,CARD,7791787311297502
18/12/2024 14:45,Leeds,Lisa Ragland,"Regular Filter coffee - 1.50, Regular Speciality Tea - English breakfast - 1.30",2.8,CARD,9755365614702199
18/12/2024 14:46,Leeds,Eric Toscano,"Large Hot Chocolate - 1.70, Large Chai latte - 2.60, Large Hot Chocolate - 1.70, Large Speciality Tea - English breakfast - 1.60",7.6,CASH,
18/12/2024 14:47,Leeds,Mauricio Watson,"Regular Iced americano - 2.15, Regular Hot Chocolate - 1.40, Regular Chai latte - 2.30",5.85,CARD,9041087757312617
18/12/2024 14:48,Leeds,Ryan Young,"Regular Filter coffee - 1.50, Large Filter coffee - 1.80",3.3,CARD,8141375185561878
18/12/2024 14:49,Leeds,Roger Jordan,"Large Hot Chocolate - 1.70, Regular Iced americano - 2.15, Regular Hot Chocolate - 1.40, Regular Hot Chocolate - 1.40",6.65,CARD,8079728536395563
18/12/2024 14:50,Leeds,Devon Auston,"Regular Chai latte - 2.30, Regular Iced americano - 2.15, Large Speciality Tea - English breakfast - 1.60, Large Iced americano - 2.50, Regular Iced americano - 2.15, Regular Filter coffee - 1.50",12.2,CARD,6258010245843649
18/12/2024 14:51,Leeds,Wilson Medill,"Large Speciality Tea - English breakfast - 1.60, Regular Hot Chocolate - 1.40, Large Chai latte - 2.60",5.6,CASH,
18/12/2024 14:52,Leeds,Nancy Claeys,"Large Hot Chocolate - 1.70, Large Hot Chocolate - 1.70",3.4,CASH,
18/12/2024 14:53,Leeds,Steve Diaz,"Large Speciality Tea - English breakfast - 1.60, Regular Chai latte - 2.30, Large Hot Chocolate - 1.70, Large Filter coffee - 1.80, Regular Speciality Tea - English breakfast - 1.30, Regular Chai latte - 2.30",11.0,CARD,4908001357972979
18/12/2024 14:54,Leeds,Margaretta Fulton,Regular Filter coffee - 1.50,1.5,CARD,9820017318181757
18/12/2024 14:55,Leeds,Felicia Burton,"Large Chai latte - 2.60, Large Filter coffee - 1.80",4.4,CASH,
18/12/2024 14:56,Leeds,Thomas Pink,"Regular Speciality Tea - English breakfast - 1.30, Regular Speciality Tea - English breakfast - 1.30, Large Chai latte - 2.60, Regular Hot Chocolate - 1.40, Large Iced americano - 2.50",9.1,CASH,
18/12/2024 14:57,Leeds,Charles Mills,"Large Filter coffee - 1.80, Regular Iced americano - 2.15, Regular Hot Chocolate - 1.40, Regular Chai latte - 2.30",7.65,CASH,
18/12/2024 14:58,Leeds,Nathan Jensen,Regular Speciality Tea - English breakfast - 1.30,1.3,CASH,
18/12/2024 14:59,Leeds,Beatrice Lewis,"Regular Chai latte - 2.30, Regular Speciality Tea - English breakfast - 1.30, Regular Chai latte - 2.30, Large Hot Chocolate - 1.70",7.6,CASH,
18/12/2024 14:59,Leeds,Barbara Kriss,"Large Chai latte - 2.60, Regular Filter coffee - 1.50, Large Filter coffee - 1.80, Regular Iced americano - 2.15, Regular Speciality Tea - English breakfast - 1.30",9.35,CARD,2866055405542437
18/12/2024 15:00,Leeds,Douglas Caldwell,"Regular Speciality Tea - English breakfast - 1.30, Large Chai latte - 2.60, Regular Chai latte - 2.30, Large Iced americano - 2.50",8.7,CASH,
18/12/2024 15:01,Leeds,Joseph Powell,"Large Filter coffee - 1.80, Large Filter coffee - 1.80, Large Chai latte - 2.60",6.2,CARD,3581928168193672
18/12/2024 15:02,Leeds,Sheri Boonstra,Large Speciality Tea - English breakfast - 1.60,1.6,CARD,5309808611817569
18/12/2024 15:03,Leeds,John Breunig,"Regular Chai latte - 2.30, Large Iced americano - 2.50, Regular Iced americano - 2.15, Regular Chai latte - 2.30",9.25,CARD,4609385446523822
18/12/2024 15:04,Leeds,Helen Luppino,"Regular Speciality Tea - English breakfast - 1.30, Large Speciality Tea - English breakfast - 1.60, Regular Hot Chocolate - 1.40, Large Speciality Tea - English breakfast - 1.60, Large Chai latte - 2.60",8.5,CARD,9520952723304213
18/12/2024 15:05,Leeds,Alaina Russell,"Large Filter coffee - 1.80, Regular Speciality Tea - English breakfast - 1.30, Large Speciality Tea - English breakfast - 1.60, Regular Filter coffee - 1.50",6.2,CARD,6266281015560400
18/12/2024 15:06,Leeds,Stacey Gibbons,"Large Chai latte - 2.60, Large Filter coffee - 1.80",4.4,CARD,3516753011373437
18/12/2024 15:07,Leeds,Shannon Whitten,Large Chai latte - 2.60,2.6,CARD,9557792098189263
18/12/2024 15:07,Leeds,Samuel Burmeister,Large Hot Chocolate - 1.70,1.7,CASH,
18/12/2024 15:08,Leeds,Stacey Mccormick,"Large Speciality Tea - English breakfast - 1.60, Large Chai latte - 2.60",4.2,CARD,3030198827247285
18/12/2024 15:09,Leeds,Shirley Hotchkiss,"Large Filter coffee - 1.80, Large Hot Chocolate - 1.70, Large Hot Chocolate - 1.70",5.2,CASH,
18/12/2024 15:10,Leeds,Richard Heitmeyer,"Regular Chai latte - 2.30, Large Filter coffee - 1.80",4.1,CARD,9023114031294048
18/12/2024 15:11,Leeds,Nancy Kinser,"Large Filter coffee - 1.80, Regular Chai latte - 2.30",4.1,CARD,3896132804773716
18/12/2024 15:12,Leeds,George Hernandez,"Large Chai latte - 2.60, Large Filter coffee - 1.80, Regular Filter coffee - 1.50",5.9,CASH,
18/12/2024 15:13,Leeds,Jesse Leja,Large Iced americano - 2.50,2.5,CARD,1532049339110908
18/12/2024 15:14,Leeds,Stacy Mims,"Regular Hot Chocolate - 1.40, Large Iced americano - 2.50, Large Speciality Tea - English breakfast - 1.60, Regular Hot Chocolate - 1.40, Large Iced americano - 2.50",9.4,CASH,
18/12/2024 15:14,Leeds,Janice Cadet,"Regular Filter coffee - 1.50, Regular Filter coffee - 1.50",3.0,CARD,6013650773960315
18/12/2024 15:15,Leeds,Javier Norris,"Regular Iced americano - 2.15, Regular Chai latte - 2.30, Large Chai latte - 2.60, Large Chai latte - 2.60, Large Hot Chocolate - 1.70",11.35,CASH,
18/12/2024 15:16,Leeds,Jessica Jones,Large Chai latte - 2.60,2.6,CARD,5909848745122710
18/12/2024 15:17,Leeds,Mark Zimmerman,"Large Filter coffee - 1.80, Regular Speciality Tea - English breakfast - 1.30",3.1,CARD,9785534221658132
18/12/2024 15:18,Leeds,Rodney Klatt,"Regular Hot Chocolate - 1.40, Large Filter coffee - 1.80",3.2,CARD,4230411647044179
18/12/2024 15:19,Leeds,Kirby Miller,"Regular Hot Chocolate - 1.40, Regular Speciality Tea - English breakfast - 1.30, Regular Iced americano - 2.15, Large Speciality Tea - English breakfast - 1.60",6.45,CARD,7888983668950455
18/12/2024 15:20,Leeds,Helen Chavez,Regular Chai latte - 2.30,2.3,CASH,
18/12/2024 15:21,Leeds,Natasha Mitchell,"Large Iced americano - 2.50, Large Filter coffee - 1.80, Regular Hot Chocolate - 1.40, Large Speciality Tea - English breakfast - 1.60, Regular Iced americano - 2.15",9.45,CARD,3546259813307951
18/12/2024 15:21,Leeds,William Cave,"Large Chai latte - 2.60, Regular Chai latte - 2.30, Large Chai latte - 2.60, Large Iced americano - 2.50, Large Chai latte - 2.60",12.6,CASH,
18/12/2024 15:22,Leeds,Lesia Sorrell,"Large Hot Chocolate - 1.70, Large Chai latte - 2.60, Large Iced americano - 2.50, Large Chai latte - 2.60",9.4,CARD,5744292713409431
18/12/2024 15:23,Leeds,Juanita Young,Large Chai latte - 2.60,2.6,CARD,6760515860063806
18/12/2024 15:24,Leeds,Misty Belzer,"Large Chai latte - 2.60, Regular Chai latte - 2.30",4.9,CARD,2584156192147005
18/12/2024 15:25,Leeds,Gloria Wright,Regular Hot Chocolate - 1.40,1.4,CASH,
18/12/2024 15:26,Leeds,Linda Castro,"Large Filter coffee - 1.80, Large Filter coffee - 1.80",3.6,CARD,7121437778357267
18/12/2024 15:27,Leeds,William Booker,"Regular Iced americano - 2.15, Large Hot Chocolate - 1.70, Large Speciality Tea - English breakfast - 1.60",5.45,CASH,
18/12/2024 15:28,Leeds,Loretta Erdman,"Large Speciality Tea - English breakfast - 1.60, Large Iced americano - 2.50, Regular Iced americano - 2.15",6.25,CARD,4285265305983698
18/12/2024 15:28,Leeds,Christopher Trivino,"Large Filter coffee - 1.80, Large Chai latte - 2.60, Regular Hot Chocolate - 1.40, Regular Filter coffee - 1.50",7.3,CARD,6690445961656899
18/12/2024 15:29,Leeds,Edwin Baptist,"Large Hot Chocolate - 1.70, Large Speciality Tea - English breakfast - 1.60, Large Speciality Tea - English breakfast - 1.60, Regular Iced americano - 2.15, Regular Hot Chocolate - 1.40",8.45,CARD,3238400634292070
18/12/2024 15:30,Leeds,Joseph Gregg,"Large Iced americano - 2.50, Large Speciality Tea - English breakfast - 1.60",4.1,CASH,
18/12/2024 15:31,Leeds,Marie Jimenez,"Regular Filter coffee - 1.50, Large Chai latte - 2.60, Regular Speciality Tea - English breakfast - 1.30",5.4,CARD,7819273830125052
18/12/2024 15:32,Leeds,Manuela Perez,"Large Chai latte - 2.60, Regular Filter coffee - 1.50, Large Chai latte - 2.60",6.7,CARD,2715090381357915
18/12/2024 15:33,Leeds,Norma Taylor,"Large Filter coffee - 1.80, Large Filter coffee - 1.80, Regular Speciality Tea - English breakfast - 1.30, Regular Filter coffee - 1.50",6.4,CASH,
18/12/2024 15:34,Leeds,Jean Yarmitsky,"Large Filter coffee - 1.80, Large Chai latte - 2.60",4.4,CARD,9811603585423151
18/12/2024 15:35,Leeds,Colleen Mcginnis,"Regular Iced americano - 2.15, Regular Hot Chocolate - 1.40, Large Chai latte - 2.60, Large Chai latte - 2.60",8.75,CARD,6588380284920700
18/12/2024 15:35,Leeds,Sandra Towns,"Regular Iced americano - 2.15, Regular Iced americano - 2.15",4.3,CARD,5511769422886070
18/12/2024 15:36,Leeds,Jarrett Dorsey,"Large Chai latte - 2.60, Regular Iced americano - 2.15, Regular Hot Chocolate - 1.40, Large Iced americano - 2.50",8.65,CARD,1641137837446384
18/12/2024 15:37,Leeds,Fern Tucker,Large Chai latte - 2.60,2.6,CARD,9710213132928763
18/12/2024 15:38,Leeds,Donna Corp,"Regular Hot Chocolate - 1.40, Regular Hot Chocolate - 1.40, Large Iced americano - 2.50",5.3,CARD,1585569535686109
18/12/2024 15:39,Leeds,Dennis Garrett,"Regular Filter coffee - 1.50, Regular Chai latte - 2.30",3.8,CARD,5500630439734664
18/12/2024 15:40,Leeds,John Orlando,"Large Filter coffee - 1.80, Large Chai latte - 2.60, Regular Chai latte - 2.30",6.7,CARD,3251523608883552
18/12/2024 15:41,Leeds,Lori Kastner,Large Iced americano - 2.50,2.5,CARD,6409412269362431
18/12/2024 15:42,Leeds,Frank Lafarge,"Large Filter coffee - 1.80, Regular Filter coffee - 1.50, Regular Hot Chocolate - 1.40, Large Speciality Tea - English breakfast - 1.60",6.3,CARD,2852002967371334
18/12/2024 15:43,Leeds,Frank Behrendt,"Regular Chai latte - 2.30, Large Speciality Tea - English breakfast - 1.60, Large Chai latte - 2.60, Large Hot Chocolate - 1.70",8.2,CARD,7543623310355966
18/12/2024 15:43,Leeds,Meagan Dukes,Large Chai latte - 2.60,2.6,CARD,4134480781657106
18/12/2024 15:44,Leeds,Bruce Harrell,"Large Filter coffee - 1.80, Large Iced americano - 2.50",4.3,CARD,3181042261220211
18/12/2024 15:45,Leeds,Phyllis Johnson,"Large Speciality Tea - English breakfast - 1.60, Regular Filter coffee - 1.50",3.1,CARD,6951268914837357
18/12/2024 15:46,Leeds,Roger Overton,Large Filter coffee - 1.80,1.8,CARD,6498506073880526
18/12/2024 15:47,Leeds,Terrilyn Vanderhorst,Regular Speciality Tea - English breakfast - 1.30,1.3,CARD,6314017780915168
18/12/2024 15:48,Leeds,Jennifer Coleman,Large Hot Chocolate - 1.70,1.7,CARD,6975759492692156
18/12/2024 15:49,Leeds,Thelma Conover,"Large Chai latte - 2.60, Regular Filter coffee - 1.50, Large Chai latte - 2.60, Regular Filter coffee - 1.50",8.2,CARD,9460992757674456
18/12/2024 15:50,Leeds,Mary Briseno,"Regular Filter coffee - 1.50, Regular Iced americano - 2.15, Large Hot Chocolate - 1.70, Regular Speciality Tea - English breakfast - 1.30",6.65,CARD,2458722455459671
18/12/2024 15:50,Leeds,John Knutsen,"Regular Hot Chocolate - 1.40, Regular Hot Chocolate - 1.40",2.8,CARD,1450880205494117
18/12/2024 15:51,Leeds,Ali Nooe,Large Chai latte - 2.60,2.6,CARD,6686892450753468
18/12/2024 15:52,Leeds,Cynthia Ali,"Regular Chai latte - 2.30, Large Filter coffee - 1.80, Large Chai latte - 2.60, Regular Filter coffee - 1.50",8.2,CASH,
18/12/2024 15:53,Leeds,Nancie Holt,"Large Hot Chocolate - 1.70, Regular Chai latte - 2.30",4.0,CARD,5149268728305995
18/12/2024 15:54,Leeds,Eugene Nesby,"Regular Filter coffee - 1.50, Regular Filter coffee - 1.50, Large Speciality Tea - English breakfast - 1.60, Large Iced americano - 2.50",7.1,CARD,6989648474668262
18/12/2024 15:55,Leeds,Kevin Sandoval,"Regular Filter coffee - 1.50, Large Chai latte - 2.60, Regular Iced americano - 2.15, Large Filter coffee - 1.80",8.05,CARD,6712744367723509
18/12/2024 15:56,Leeds,Jerry Davis,Regular Hot Chocolate - 1.40,1.4,CARD,9797826197105805
18/12/2024 15:57,Leeds,Zachary Magee,"Large Hot Chocolate - 1.70, Regular Filter coffee - 1.50, Regular Hot Chocolate - 1.40",4.6,CASH,
18/12/2024 15:57,Leeds,Evon Shannon,"Large Filter coffee - 1.80, Regular Iced americano - 2.15, Regular Iced americano - 2.15, Regular Hot Chocolate - 1.40, Regular Iced americano - 2.15",9.65,CASH,
18/12/2024 15:58,Leeds,Edward Green,Regular Hot Chocolate - 1.40,1.4,CARD,9852290873359463
18/12/2024 15:59,Leeds,Debra Henry,Large Hot Chocolate - 1.70,1.7,CARD,2327558696264205
18/12/2024 16:00,Leeds,Lulu Phillips,Large Iced americano - 2.50,2.5,CARD,4351537520362482
18/12/2024 16:02,Leeds,Ada Wallace,Regular Hot Chocolate - 1.40,1.4,CARD,9247293510442866
18/12/2024 16:04,Leeds,Karen Mohmed,"Large Chai latte - 2.60, Large Chai latte - 2.60",5.2,CARD,8761445180207816
18/12/2024 16:05,Leeds,Monica Furness,"Large Chai latte - 2.60, Regular Hot Chocolate - 1.40, Regular Speciality Tea - English breakfast - 1.30, Regular Hot Chocolate - 1.40, Regular Filter coffee - 1.50, Regular Chai latte - 2.30",10.5,CARD,7457778259178175
18/12/2024 16:07,Leeds,Michael Salinas,"Large Chai latte - 2.60, Large Speciality Tea - English breakfast - 1.60, Large Chai latte - 2.60, Large Iced americano - 2.50, Regular Iced americano - 2.15",11.45,CASH,
18/12/2024 16:09,Leeds,Donald Delapena,"Regular Hot Chocolate - 1.40, Regular Hot Chocolate - 1.40",2.8,CARD,8856674955810887
18/12/2024 16:11,Leeds,Billy Cameron,"Large Chai latte - 2.60, Regular Filter coffee - 1.50, Regular Hot Chocolate - 1.40",5.5,CARD,7171571483899494
18/12/2024 16:12,Leeds,Ricky Mann,Large Iced americano - 2.50,2.5,CARD,5464023786631342
18/12/2024 16:14,Leeds,Luis Rape,"Large Speciality Tea - English breakfast - 1.60, Regular Speciality Tea - English breakfast - 1.30, Regular Hot Chocolate - 1.40, Regular Hot Chocolate - 1.40",5.7,CARD,8153991517859285
18/12/2024 16:16,Leeds,Janet Reyes,Regular Filter coffee - 1.50,1.5,CARD,9643067378017126
18/12/2024 16:18,Leeds,Mary Owens,Large Iced americano - 2.50,2.5,CARD,9840398650026696
18/12/2024 16:19,Leeds,Mildred Flynn,"Regular Iced americano - 2.15, Large Filter coffee - 1.80, Large Chai latte - 2.60",6.55,CARD,9255155181544795
18/12/2024 16:21,Leeds,Kathryn Henderson,"Large Hot Chocolate - 1.70, Regular Speciality Tea - English breakfast - 1.30",3.0,CASH,
18/12/2024 16:23,Leeds,Patricia Miller,"Regular Chai latte - 2.30, Regular Chai latte - 2.30",4.6,CASH,
18/12/2024 16:25,Leeds,Irma Nokes,"Regular Chai latte - 2.30, Large Chai latte - 2.60, Regular Chai latte - 2.30",7.2,CARD,3322724253254745
18/12/2024 16:26,Leeds,Louella Chao,"Large Iced americano - 2.50, Regular Hot Chocolate - 1.40, Large Speciality Tea - English breakfast - 1.60",5.5,CARD,9695631211136481
18/12/2024 16:28,Leeds,Kevin Brewer,"Large Speciality Tea - English breakfast - 1.60, Large Speciality Tea - English breakfast - 1.60, Large Speciality Tea - English breakfast - 1.60",4.8,CARD,9938130142061774
18/12/2024 16:30,Leeds,Annie Foster,"Large Filter coffee - 1.80, Large Chai latte - 2.60",4.4,CARD,7940975423664040
18/12/2024 16:32,Leeds,Jack Wheeler,"Large Filter coffee - 1.80, Large Filter coffee - 1.80, Large Iced americano - 2.50, Large Filter coffee - 1.80, Regular Speciality Tea - English breakfast - 1.30",9.2,CARD,5098941829640623
18/12/2024 16:33,Leeds,Kenneth Amore,"Large Chai latte - 2.60, Large Speciality Tea - English breakfast - 1.60",4.2,CASH,
18/12/2024 16:35,Leeds,Penny Iannotti,"Regular Filter coffee - 1.50, Regular Speciality Tea - English breakfast - 1.30, Large Iced americano - 2.50, Regular Chai latte - 2.30, Large Chai latte - 2.60",10.2,CARD,3825861212476095
18/12/2024 16:37,Leeds,Irene Pacheco,"Regular Filter coffee - 1.50, Regular Hot Chocolate - 1.40, Large Chai latte - 2.60",5.5,CARD,7056520558847173
18/12/2024 16:39,Leeds,Frank Christner,"Large Iced americano - 2.50, Large Hot Chocolate - 1.70, Large Filter coffee - 1.80",6.0,CARD,5455954806529801
18/12/2024 16:40,Leeds,Alan Coller,"Regular Iced americano - 2.15, Large Speciality Tea - English breakfast - 1.60",3.75,CASH,
18/12/2024 16:42,Leeds,Joseph Shelton,Large Filter coffee - 1.80,1.8,CARD,6543499440111182
18/12/2024 16:44,Leeds,James Delgado,"Large Chai latte - 2.60, Regular Hot Chocolate - 1.40, Regular Iced americano - 2.15",6.15,CARD,9987789343368177
18/12/2024 16:46,Leeds,Andrew Rodriguez,"Regular Filter coffee - 1.50, Large Speciality Tea - English breakfast - 1.60, Regular Chai latte - 2.30",5.4,CASH,
18/12/2024 16:47,Leeds,Erin Jackson,"Large Chai latte - 2.60, Large Hot Chocolate - 1.70",4.3,CARD,2140255822400538
18/12/2024 16:49,Leeds,Michael Nestor,"Large Hot Chocolate - 1.70, Regular Speciality Tea - English breakfast - 1.30, Regular Speciality Tea - English breakfast - 1.30",4.3,CASH,
18/12/2024 16:51,Leeds,Elva Wade,Regular Filter coffee - 1.50,1.5,CARD,8866661285516051
18/12/2024 16:53,Leeds,Sharon Kosmowski,"Large Filter coffee - 1.80, Regular Speciality Tea - English breakfast - 1.30, Regular Chai latte - 2.30",5.4,CARD,1850291065011909
18/12/2024 16:54,Leeds,Charissa Allen,"Large Speciality Tea - English breakfast - 1.60, Regular Filter coffee - 1.50",3.1,CARD,1787165980772764
18/12/2024 16:56,Leeds,Jeri Scott,"Regular Hot Chocolate - 1.40, Large Filter coffee - 1.80, Large Filter coffee - 1.80, Large Speciality Tea - English breakfast - 1.60, Regular Speciality Tea - English breakfast - 1.30",7.9,CARD,7720070329489455
18/12/2024 16:58,Leeds,Nancy Bailey,"Large Chai latte - 2.60, Regular Chai latte - 2.30",4.9,CASH,
