18/12/2024 08:00,London Brixton,Christine Pulsifer,Regular Speciality Tea - Earl Grey - 1.30,1.3,CARD,5386231783585631
18/12/2024 08:00,London Brixton,Maria Fisher,Large Speciality Tea - Earl Grey - 1.60,1.6,CASH,
18/12/2024 08:01,London Brixton,Jacqueline Strother,"Large Speciality Tea - Earl Grey - 1.60, Regular Smoothies - Glowing Greens - 2.00, Regular Espresso - 1.50",5.1,CASH,
18/12/2024 08:02,London Brixton,Marcia Miller,"Large Speciality Tea - Earl Grey - 1.60, Large Espresso - 1.80, Regular Speciality Tea - Earl Grey - 1.30, Large Iced americano - 2.50",7.2,CARD,5106087815293723
18/12/2024 08:03,London Brixton,Ralph Rowland,"Large Smoothies - Carrot Kick - 2.50, Regular Smoothies - Carrot Kick - 2.00, Regular Speciality Tea - Earl Grey - 1.30",5.8,CARD,7370817106791917
18/12/2024 08:04,London Brixton,Karen Trujillo,"Large Espresso - 1.80, Large Iced americano - 2.50, Regular Smoothies - Glowing Greens - 2.00",6.3,CASH,
18/12/2024 08:05,London Brixton,Eddie Gilmore,"Large Espresso - 1.80, Large Hot chocolate - 2.90, Large Iced americano - 2.50, Regular Espresso - 1.50, Large Espresso - 1.80, Regular Speciality Tea - Earl Grey - 1.30",11.8,CASH,
18/12/2024 08:06,London Brixton,Charlsie Yoakum,"Regular Cappuccino - 2.15, Regular Hot chocolate - 2.20",4.35,CASH,
18/12/2024 08:07,London Brixton,Marjorie Stevens,"Regular Cappuccino - 2.15, Large Iced americano - 2.50, Regular Smoothies - Glowing Greens - 2.00",6.65,CASH,
18/12/2024 08:08,London Brixton,Shirley Parry,Large Iced americano - 2.50,2.5,CASH,
18/12/2024 08:09,London Brixton,Nikki Partington,Large Espresso - 1.80,1.8,CASH,
18/12/2024 08:10,London Brixton,David Smith,"Large Speciality Tea - Earl Grey - 1.60, Regular Espresso - 1.50",3.1,CARD,3706678537399018
18/12/2024 08:11,London Brixton,Lewis Lee,Large Cappuccino - 2.45,2.45,CASH,
18/12/2024 08:12,London Brixton,Billy Fess,"Regular Iced americano - 2.15, Large Speciality Tea - Earl Grey - 1.60, Regular Espresso - 1.50, Large Smoothies - Carrot Kick - 2.50, Regular Cappuccino - 2.15, Large Hot chocolate - 2.90",12.8,CASH,
18/12/2024 08:13,London Brixton,Jeffrey Chicoine,"Large Iced americano - 2.50, Regular Cappuccino - 2.15",4.65,CARD,5535309486851962
18/12/2024 08:14,London Brixton,Mark Calais,"Large Smoothies - Carrot Kick - 2.50, Large Iced americano - 2.50, Regular Cappuccino - 2.15, Large Smoothies - Carrot Kick - 2.50",9.65,CARD,4085182210850439
18/12/2024 08:15,London Brixton,Tracy Sanders,Large Cappuccino - 2.45,2.45,CARD,9551566548485376
18/12/2024 08:16,London Brixton,Oscar Young,"Large Smoothies - Glowing Greens - 2.50, Large Smoothies - Glowing Greens - 2.50",5.0,CARD,8529997764756484
18/12/2024 08:17,London Brixton,Kim House,"Regular Cappuccino - 2.15, Large Hot chocolate - 2.90, Regular Speciality Tea - Earl Grey - 1.30",6.35,CASH,
18/12/2024 08:18,London Brixton,Carolina Quinn,Large Cappuccino - 2.45,2.45,CASH,
18/12/2024 08:19,London Brixton,Kelly Brooks,"Regular Speciality Tea - Earl Grey - 1.30, Large Espresso - 1.80",3.1,CARD,1917243017576804
18/12/2024 08:20,London Brixton,Ernest Roe,Regular Speciality Tea - Earl Grey - 1.30,1.3,CARD,8725804216588797
18/12/2024 08:21,London Brixton,Mary Tillis,"Regular Smoothies - Carrot Kick - 2.00, Large Cappuccino - 2.45",4.45,CARD,2606874285210993
18/12/2024 08:22,London Brixton,Donald Claudio,"Large Hot chocolate - 2.90, Large Speciality Tea - Earl Grey - 1.60",4.5,CARD,7878607865767086
18/12/2024 08:23,London Brixton,Frank Suarez,Large Speciality Tea - Earl Grey - 1.60,1.6,CARD,6284750509974909
18/12/2024 08:24,London Brixton,Charles Hook,"Large Iced americano - 2.50, Large Espresso - 1.80, Large Smoothies - Glowing Greens - 2.50",6.8,CARD,6609719086415966
18/12/2024 08:25,London Brixton,Richard Mcgrath,"Large Hot chocolate - 2.90, Large Smoothies - Carrot Kick - 2.50, Large Cappuccino - 2.45, Large Iced americano - 2.50, Regular Speciality Tea - Earl Grey - 1.30",11.65,CASH,
18/12/2024 08:26,London Brixton,Harry Johnson,Large Cappuccino - 2.45,2.45,CARD,2619974706636865
18/12/2024 08:27,London Brixton,Charise Compton,"Regular Espresso - 1.50, Regular Speciality Tea - Earl Grey - 1.30, Large Espresso - 1.80, Large Espresso - 1.80",6.4,CARD,4329099160006174
18/12/2024 08:28,London Brixton,Maria Azar,"Regular Espresso - 1.50, Regular Hot chocolate - 2.20",3.7,CARD,3072387930227428
18/12/2024 08:29,London Brixton,Sarah Prince,Regular Cappuccino - 2.15,2.15,CARD,1903287683106132
18/12/2024 08:30,London Brixton,Sylvester Rork,"Regular Iced americano - 2.15, Large Smoothies - Glowing Greens - 2.50, Regular Iced americano - 2.15, Regular Hot chocolate - 2.20",9.0,CASH,
18/12/2024 08:31,London Brixton,Charles Simonis,"Regular Hot chocolate - 2.20, Large Iced americano - 2.50",4.7,CARD,2595554369114049
18/12/2024 08:32,London Brixton,Matthew Flanigan,"Large Espresso - 1.80, Regular Cappuccino - 2.15, Regular Cappuccino - 2.15, Large Espresso - 1.80",7.9,CARD,6206386035876060
18/12/2024 08:33,London Brixton,James Waterfall,Large Hot chocolate - 2.90,2.9,CARD,8426355381542140
18/12/2024 08:34,London Brixton,Brian Gonzales,"Large Hot chocolate - 2.90, Large Cappuccino - 2.45, Large Smoothies - Carrot Kick - 2.50, Regular Espresso - 1.50",9.35,CARD,4459170283299941
18/12/2024 08:35,London Brixton,Jeff Colston,"Regular Hot chocolate - 2.20, Regular Smoothies - Glowing Greens - 2.00, Regular Smoothies - Glowing Greens - 2.00, Regular Smoothies - Glowing Greens - 2.00, Large Iced americano - 2.50",10.7,CARD,8252946487300891
18/12/2024 08:36,London Brixton,Manuela Lallo,"Large Iced americano - 2.50, Large Smoothies - Carrot Kick - 2.50",5.0,CARD,2747766081787533
18/12/2024 08:37,London Brixton,Arlene Cooper,"Large Cappuccino - 2.45, Large Cappuccino - 2.45, Large Espresso - 1.80",6.7,CASH,
18/12/2024 08:38,London Brixton,Timothy Jolivette,"Regular Iced americano - 2.15, Large Frappes - Strawberries & Cream - 3.25, Large Frappes - Strawberries & Cream - 3.25, Regular Smoothies - Glowing Greens - 2.00",10.65,CARD,7304980925422931
18/12/2024 08:39,London Brixton,Felicia Palomo,Regular Speciality Tea - Earl Grey - 1.30,1.3,CASH,
18/12/2024 08:40,London Brixton,Michael Kratz,"Large Smoothies - Glowing Greens - 2.50, Large Smoothies - Glowing Greens - 2.50",5.0,CARD,4134071893776561
18/12/2024 08:41,London Brixton,Kevin Pacheco,Regular Iced americano - 2.15,2.15,CARD,8827533053525868
18/12/2024 08:42,London Brixton,Leslie Konwinski,"Large Cappuccino - 2.45, Regular Speciality Tea - Earl Grey - 1.30, Large Espresso - 1.80",5.55,CARD,4840011592522283
18/12/2024 08:43,London Brixton,Justin Raisor,"Regular Smoothies - Glowing Greens - 2.00, Regular Espresso - 1.50, Regular Hot chocolate - 2.20, Large Espresso - 1.80",7.5,CASH,
18/12/2024 08:44,London Brixton,Ronald Jones,"Regular Espresso - 1.50, Large Espresso - 1.80",3.3,CARD,3969231855030630
18/12/2024 08:45,London Brixton,Kirk Dowdell,"Large Smoothies - Glowing Greens - 2.50, Regular Speciality Tea - Earl Grey - 1.30, Regular Cappuccino - 2.15",5.95,CASH,
18/12/2024 08:46,London Brixton,George Scurlock,Large Iced americano - 2.50,2.5,CARD,5349700333713143
18/12/2024 08:47,London Brixton,Dorothy Meier,"Regular Hot chocolate - 2.20, Large Smoothies - Glowing Greens - 2.50, Regular Iced americano - 2.15",6.85,CARD,5960399621891427
18/12/2024 08:48,London Brixton,Joel Dotson,Large Smoothies - Glowing Greens - 2.50,2.5,CASH,
18/12/2024 08:49,London Brixton,Nelson Tall,"Large Espresso - 1.80, Regular Espresso - 1.50",3.3,CARD,6138838844587906
18/12/2024 08:50,London Brixton,Dewayne Riley,Regular Cappuccino - 2.15,2.15,CARD,5567913251012680
18/12/2024 08:51,London Brixton,Shannon Cutter,"Regular Speciality Tea - Earl Grey - 1.30, Large Hot chocolate - 2.90, Large Iced americano - 2.50, Regular Smoothies - Glowing Greens - 2.00, Regular Espresso - 1.50, Regular Speciality Tea - Earl Grey - 1.30",11.5,CARD,8604537621217176
18/12/2024 08:52,London Brixton,Susan Facundo,"Large Cappuccino - 2.45, Regular Espresso - 1.50",3.95,CASH,
18/12/2024 08:53,London Brixton,Jose Conte,"Large Speciality Tea - Earl Grey - 1.60, Regular Smoothies - Carrot Kick - 2.00, Regular Cappuccino - 2.15, Large Speciality Tea - Earl Grey - 1.60",7.35,CASH,
18/12/2024 08:54,London Brixton,Johnny Azevedo,Large Hot chocolate - 2.90,2.9,CARD,5753188714003560
18/12/2024 08:55,London Brixton,Dale Saavedra,Large Smoothies - Carrot Kick - 2.50,2.5,CARD,3558334171863384
18/12/2024 08:56,London Brixton,Mildred Johnson,"Large Cappuccino - 2.45, Large Iced americano - 2.50, Large Hot chocolate - 2.90",7.85,CARD,4152730842791190
18/12/2024 08:57,London Brixton,Ramon Woods,"Regular Cappuccino - 2.15, Regular Smoothies - Carrot Kick - 2.00, Large Iced americano - 2.50, Regular Speciality Tea - Earl Grey - 1.30, Regular Smoothies - Carrot Kick - 2.00",9.95,CARD,2457760467950091
18/12/2024 08:58,London Brixton,Henrietta Moore,"Regular Speciality Tea - Earl Grey - 1.30, Large Espresso - 1.80",3.1,CASH,
18/12/2024 08:59,London Brixton,Paulette Williams,"Large Hot chocolate - 2.90, Regular Hot chocolate - 2.20, Large Frappes - Strawberries & Cream - 3.25, Regular Espresso - 1.50",9.85,CARD,7059648930279519
18/12/2024 08:59,London Brixton,Veronica Carrillo,Regular Smoothies - Glowing Greens - 2.00,2.0,CARD,8954258148811723
18/12/2024 09:00,London Brixton,Anna Holcomb,"Large Frappes - Strawberries & Cream - 3.25, Large Speciality Tea - Earl Grey - 1.60",4.85,CASH,
18/12/2024 09:02,London Brixton,Allison Hackett,"Large Speciality Tea - Earl Grey - 1.60, Regular Hot chocolate - 2.20, Large Iced americano - 2.50",6.3,CARD,3071601777239059
18/12/2024 09:03,London Brixton,Don Sykes,"Regular Speciality Tea - Earl Grey - 1.30, Regular Iced americano - 2.15, Regular Hot chocolate - 2.20, Regular Iced americano - 2.15, Regular Frappes - Strawberries & Cream - 2.75",10.55,CARD,4480297985769424
18/12/2024 09:04,London Brixton,Marilyn Staples,Large Smoothies - Glowing Greens - 2.50,2.5,CARD,6117892723433498
18/12/2024 09:05,London Brixton,Jeffery Mays,"Large Frappes - Strawberries & Cream - 3.25, Regular Speciality Tea - Earl Grey - 1.30, Large Espresso - 1.80, Regular Speciality Tea - Earl Grey - 1.30",7.65,CARD,3595191904991710
18/12/2024 09:06,London Brixton,Sandra Church,Large Smoothies - Carrot Kick - 2.50,2.5,CASH,
18/12/2024 09:07,London Brixton,Megan Fielding,"Regular Smoothies - Glowing Greens - 2.00, Large Hot chocolate - 2.90, Large Smoothies - Glowing Greens - 2.50, Regular Smoothies - Glowing Greens - 2.00, Regular Smoothies - Glowing Greens - 2.00",11.4,CARD,4580607170709272
18/12/2024 09:09,London Brixton,Peggy Cecil,"Large Frappes - Strawberries & Cream - 3.25, Regular Cappuccino - 2.15, Regular Speciality Tea - Earl Grey - 1.30, Regular Hot chocolate - 2.20",8.9,CARD,9044202308487124
18/12/2024 09:10,London Brixton,Kathy Carter,"Large Cappuccino - 2.45, Regular Smoothies - Glowing Greens - 2.00",4.45,CARD,4483372823561907
18/12/2024 09:11,London Brixton,Joanne Bond,"Large Espresso - 1.80, Regular Cappuccino - 2.15, Regular Smoothies - Carrot Kick - 2.00",5.95,CASH,
18/12/2024 09:12,London Brixton,Paul Saldana,"Large Smoothies - Carrot Kick - 2.50, Regular Speciality Tea - Earl Grey - 1.30",3.8,CASH,
18/12/2024 09:13,London Brixton,Dorothy Head,"Regular Speciality Tea - Earl Grey - 1.30, Regular Smoothies - Glowing Greens - 2.00, Regular Espresso - 1.50",4.8,CARD,8786556610048844
18/12/2024 09:14,London Brixton,Jen Babbitt,Large Iced americano - 2.50,2.5,CARD,8085321301399713
18/12/2024 09:16,London Brixton,Carole Campbell,"Large Iced americano - 2.50, Large Speciality Tea - Earl Grey - 1.60, Regular Smoothies - Glowing Greens - 2.00",6.1,CASH,
18/12/2024 09:17,London Brixton,John Ketner,"Large Speciality Tea - Earl Grey - 1.60, Regular Smoothies - Carrot Kick - 2.00, Regular Iced americano - 2.15",5.75,CASH,
18/12/2024 09:18,London Brixton,Terry Otero,"Regular Smoothies - Carrot Kick - 2.00, Large Frappes - Strawberries & Cream - 3.25, Regular Speciality Tea - Earl Grey - 1.30",6.55,CASH,
18/12/2024 09:19,London Brixton,Betsy Nelson,"Large Frappes - Strawberries & Cream - 3.25, Regular Speciality Tea - Earl Grey - 1.30",4.55,CARD,4288630825679284
18/12/2024 09:20,London Brixton,Catherine Timmons,Large Smoothies - Glowing Greens - 2.50,2.5,CARD,7379165771472524
18/12/2024 09:21,London Brixton,Steven Washington,"Regular Cappuccino - 2.15, Regular Hot chocolate - 2.20",4.35,CASH,
18/12/2024 09:23,London Brixton,Angel Melton,"Large Smoothies - Carrot Kick - 2.50, Regular Espresso - 1.50, Regular Smoothies - Carrot Kick - 2.00, Large Speciality Tea - Earl Grey - 1.60, Large Frappes - Strawberries & Cream - 3.25",10.85,CASH,
18/12/2024 09:24,London Brixton,Lori Leos,"Large Frappes - Strawberries & Cream - 3.25, Large Iced americano - 2.50, Regular Frappes - Strawberries & Cream - 2.75, Regular Smoothies - Glowing Greens - 2.00",10.5,CARD,2001441288079482
18/12/2024 09:25,London Brixton,Jeannette Neal,"Regular Cappuccino - 2.15, Large Espresso - 1.80, Regular Speciality Tea - Earl Grey - 1.30",5.25,CARD,3998261537143275
18/12/2024 09:26,London Brixton,Kevin Farr,"Regular Frappes - Strawberries & Cream - 2.75, Large Hot chocolate - 2.90",5.65,CARD,3503908248170085
18/12/2024 09:27,London Brixton,Angelo Hodge,"Regular Speciality Tea - Earl Grey - 1.30, Regular Iced americano - 2.15",3.45,CARD,4538755913194415
18/12/2024 09:28,London Brixton,Stella Waldren,"Large Hot chocolate - 2.90, Large Espresso - 1.80, Regular Smoothies - Carrot Kick - 2.00, Large Hot chocolate - 2.90",9.6,CARD,6947413275282081
18/12/2024 09:30,London Brixton,Roger Cottle,"Large Espresso - 1.80, Large Cappuccino - 2.45, Regular Speciality Tea - Earl Grey - 1.30, Regular Speciality Tea - Earl Grey - 1.30, Large Hot chocolate - 2.90",9.75,CARD,7036584683702525
18/12/2024 09:31,London Brixton,Marlys Hyland,Large Smoothies - Glowing Greens - 2.50,2.5,CARD,1616970878396949
18/12/2024 09:32,London Brixton,Mary Rasmussen,"Large Cappuccino - 2.45, Large Frappes - Strawberries & Cream - 3.25",5.7,CASH,
18/12/2024 09:33,London Brixton,Jerome Litteral,"Regular Speciality Tea - Earl Grey - 1.30, Regular Smoothies - Carrot Kick - 2.00, Large Hot chocolate - 2.90",6.2,CARD,7103875219079387
18/12/2024 09:34,London Brixton,Emmett Whitehead,"Regular Frappes - Strawberries & Cream - 2.75, Regular Hot chocolate - 2.20, Large Speciality Tea - Earl Grey - 1.60, Large Smoothies - Carrot Kick - 2.50, Regular Iced americano - 2.15",11.2,CARD,6753557733316952
18/12/2024 09:35,London Brixton,Randy Geiger,"Regular Smoothies - Glowing Greens - 2.00, Large Smoothies - Carrot Kick - 2.50",4.5,CARD,2310744440255242
18/12/2024 09:37,London Brixton,Richard Finley,"Large Hot chocolate - 2.90, Regular Speciality Tea - Earl Grey - 1.30, Large Smoothies - Carrot Kick - 2.50",6.7,CARD,9881866118459450
18/12/2024 09:38,London Brixton,Michael Patton,"Regular Hot chocolate - 2.20, Regular Cappuccino - 2.15, Regular Frappes - Strawberries & Cream - 2.75, Large Cappuccino - 2.45",9.55,CASH,
18/12/2024 09:39,London Brixton,Carmelo Weir,"Regular Cappuccino - 2.15, Large Smoothies - Glowing Greens - 2.50, Large Cappuccino - 2.45, Large Smoothies - Glowing Greens - 2.50",9.6,CARD,1293791235562396
18/12/2024 09:40,London Brixton,Magdalena Jordan,"Large Speciality Tea - Earl Grey - 1.60, Regular Smoothies - Glowing Greens - 2.00",3.6,CASH,
18/12/2024 09:41,London Brixton,Kenneth Savoy,"Regular Hot chocolate - 2.20, Large Frappes - Strawberries & Cream - 3.25, Regular Cappuccino - 2.15",7.6,CASH,
18/12/2024 09:42,London Brixton,Annie Deslauriers,"Regular Espresso - 1.50, Regular Frappes - Strawberries & Cream - 2.75, Regular Speciality Tea - Earl Grey - 1.30",5.55,CASH,
18/12/2024 09:44,London Brixton,Raul Thompson,"Large Smoothies - Carrot Kick - 2.50, Regular Speciality Tea - Earl Grey - 1.30, Regular Cappuccino - 2.15",5.95,CARD,4146508954121894
18/12/2024 09:45,London Brixton,Tonya Smith,"Large Speciality Tea - Earl Grey - 1.60, Large Speciality Tea - Earl Grey - 1.60",3.2,CARD,5359206160424441
18/12/2024 09:46,London Brixton,Della Robles,Large Frappes - Strawberries & Cream - 3.25,3.25,CASH,
18/12/2024 09:47,London Brixton,Kelly Moore,"Regular Speciality Tea - Earl Grey - 1.30, Large Smoothies - Glowing Greens - 2.50, Large Cappuccino - 2.45, Regular Hot chocolate - 2.20, Regular Smoothies - Glowing Greens - 2.00, Large Hot chocolate - 2.90",13.35,CASH,
18/12/2024 09:48,London Brixton,Rosalyn Vaccaro,"Regular Cappuccino - 2.15, Large Hot chocolate - 2.90",5.05,CARD,7158156001588377
18/12/2024 09:49,London Brixton,James Robirds,"Large Speciality Tea - Earl Grey - 1.60, Regular Espresso - 1.50, Large Frappes - Strawberries & Cream - 3.25, Large Smoothies - Carrot Kick - 2.50",8.85,CASH,
18/12/2024 09:51,London Brixton,Ann Finley,"Regular Hot chocolate - 2.20, Large Cappuccino - 2.45",4.65,CARD,1101528363222220
18/12/2024 09:52,London Brixton,Dakota Smith,Large Smoothies - Glowing Greens - 2.50,2.5,CASH,
18/12/2024 09:53,London Brixton,Jacob Delgado,"Large Cappuccino - 2.45, Large Iced americano - 2.50, Regular Smoothies - Carrot Kick - 2.00",6.95,CARD,5720143117277016
18/12/2024 09:54,London Brixton,Frank Cunningham,"Large Frappes - Strawberries & Cream - 3.25, Regular Smoothies - Carrot Kick - 2.00",5.25,CASH,
18/12/2024 09:55,London Brixton,Millicent Mrotek,"Large Iced americano - 2.50, Large Cappuccino - 2.45, Regular Smoothies - Glowing Greens - 2.00, Regular Smoothies - Glowing Greens - 2.00",8.95,CARD,4032984636360300
18/12/2024 09:56,London Brixton,Kristi Ford,"Regular Speciality Tea - Earl Grey - 1.30, Large Frappes - Strawberries & Cream - 3.25",4.55,CARD,8719995470085949
18/12/2024 09:58,London Brixton,Terry Lalinde,"Regular Cappuccino - 2.15, Regular Speciality Tea - Earl Grey - 1.30",3.45,CARD,5175444699539530
18/12/2024 09:59,London Brixton,David Cooney,Large Iced americano - 2.50,2.5,CASH,
18/12/2024 10:00,London Brixton,Joan Lyons,Large Hot chocolate - 2.90,2.9,CARD,1210232906912874
18/12/2024 10:01,London Brixton,Elsie Luchesi,"Large Smoothies - Carrot Kick - 2.50, Large Smoothies - Carrot Kick - 2.50",5.0,CARD,1775354165390839
18/12/2024 10:02,London Brixton,Carlos Almy,Regular Frappes - Strawberries & Cream - 2.75,2.75,CASH,
18/12/2024 10:03,London Brixton,Victor Dunn,Large Hot chocolate - 2.90,2.9,CARD,2602747113074683
18/12/2024 10:05,London Brixton,Robert Brewer,"Large Speciality Tea - Earl Grey - 1.60, Large Smoothies - Glowing Greens - 2.50, Large Cappuccino - 2.45, Regular Smoothies - Carrot Kick - 2.00, Large Smoothies - Carrot Kick - 2.50, Large Iced americano - 2.50",13.55,CARD,5844006270003428
18/12/2024 10:06,London Brixton,Sidney Neal,Large Speciality Tea - Earl Grey - 1.60,1.6,CARD,1219743422898463
18/12/2024 10:07,London Brixton,Hilda Nettles,Large Smoothies - Carrot Kick - 2.50,2.5,CARD,2158699269926852
18/12/2024 10:08,London Brixton,Aaron Cody,"Regular Espresso - 1.50, Regular Iced americano - 2.15, Regular Cappuccino - 2.15",5.8,CARD,5234604417954357
18/12/2024 10:09,London Brixton,Karen Senno,"Regular Cappuccino - 2.15, Regular Iced americano - 2.15",4.3,CARD,1987697686436399
18/12/2024 10:10,London Brixton,Blanca Brooks,"Large Smoothies - Glowing Greens - 2.50, Regular Cappuccino - 2.15, Large Iced americano - 2.50, Regular Smoothies - Carrot Kick - 2.00, Large Cappuccino - 2.45",11.6,CARD,8711849521757368
18/12/2024 10:12,London Brixton,Ian Bostic,"Large Speciality Tea - Earl Grey - 1.60, Regular Frappes - Strawberries & Cream - 2.75",4.35,CARD,7319573343730862
18/12/2024 10:13,London Brixton,Frank Dietrich,"Regular Hot chocolate - 2.20, Regular Iced americano - 2.15, Regular Speciality Tea - Earl Grey - 1.30, Regular Iced americano - 2.15, Large Speciality Tea - Earl Grey - 1.60, Large Frappes - Strawberries & Cream - 3.25",12.65,CARD,3009443818549151
18/12/2024 10:14,London Brixton,Vickie Peatross,"Large Speciality Tea - Earl Grey - 1.60, Regular Speciality Tea - Earl Grey - 1.30, Regular Speciality Tea - Earl Grey - 1.30",4.2,CARD,2964142256376021
18/12/2024 10:15,London Brixton,Joann Mosier,"Large Espresso - 1.80, Regular Cappuccino - 2.15",3.95,CASH,
18/12/2024 10:16,London Brixton,Jo Williams,"Regular Cappuccino - 2.15, Regular Smoothies - Glowing Greens - 2.00",4.15,CARD,5233193589053126
18/12/2024 10:17,London Brixton,Ray Sydnor,"Regular Cappuccino - 2.15, Large Speciality Tea - Earl Grey - 1.60, Large Smoothies - Carrot Kick - 2.50, Regular Speciality Tea - Earl Grey - 1.30, Large Frappes - Strawberries & Cream - 3.25",10.8,CARD,6251835620651980
18/12/2024 10:19,London Brixton,Terrell Petry,"Regular Frappes - Strawberries & Cream - 2.75, Large Espresso - 1.80, Large Frappes - Strawberries & Cream - 3.25",7.8,CARD,5509249072473479
18/12/2024 10:20,London Brixton,John Espada,"Large Hot chocolate - 2.90, Large Speciality Tea - Earl Grey - 1.60",4.5,CARD,5936394318032656
18/12/2024 10:21,London Brixton,Jerome Fannin,"Large Smoothies - Carrot Kick - 2.50, Regular Smoothies - Carrot Kick - 2.00, Regular Frappes - Strawberries & Cream - 2.75",7.25,CASH,
18/12/2024 10:22,London Brixton,Chris Sheldon,"Regular Smoothies - Glowing Greens - 2.00, Large Smoothies - Carrot Kick - 2.50",4.5,CASH,
18/12/2024 10:23,London Brixton,George Zwiebel,"Large Speciality Tea - Earl Grey - 1.60, Regular Iced americano - 2.15",3.75,CASH,
18/12/2024 10:24,London Brixton,Tabitha Chambers,"Large Cappuccino - 2.45, Regular Smoothies - Glowing Greens - 2.00",4.45,CARD,8577372027462139
18/12/2024 10:26,London Brixton,Randy Kindred,"Regular Iced americano - 2.15, Large Smoothies - Glowing Greens - 2.50",4.65,CARD,6073363884672450
18/12/2024 10:27,London Brixton,Willie Jackson,"Regular Iced americano - 2.15, Large Smoothies - Glowing Greens - 2.50, Regular Speciality Tea - Earl Grey - 1.30, Regular Smoothies - Glowing Greens - 2.00",7.95,CARD,7963263647742616
18/12/2024 10:28,London Brixton,Lewis Gravitt,"Large Iced americano - 2.50, Large Smoothies - Carrot Kick - 2.50",5.0,CARD,7751750478990206
18/12/2024 10:29,London Brixton,Patrick Rivera,"Large Speciality Tea - Earl Grey - 1.60, Large Espresso - 1.80, Large Iced americano - 2.50",5.9,CARD,1483990944420661
18/12/2024 10:30,London Brixton,Noreen Wadsworth,"Large Iced americano - 2.50, Large Hot chocolate - 2.90, Regular Smoothies - Glowing Greens - 2.00, Large Smoothies - Carrot Kick - 2.50, Regular Speciality Tea - Earl Grey - 1.30, Regular Smoothies - Glowing Greens - 2.00",13.2,CARD,1178167230830646
18/12/2024 10:31,London Brixton,Arthur Simpson,"Regular Cappuccino - 2.15, Regular Iced americano - 2.15, Large Speciality Tea - Earl Grey - 1.60, Large Iced americano - 2.50",8.4,CARD,5042610208658740
18/12/2024 10:33,London Brixton,Heather Lalonde,Regular Espresso - 1.50,1.5,CARD,1788208589402525
18/12/2024 10:34,London Brixton,Yolanda Keely,"Regular Frappes - Strawberries & Cream - 2.75, Regular Iced americano - 2.15",4.9,CARD,7892689035751064
18/12/2024 10:35,London Brixton,Laura Balser,Regular Cappuccino - 2.15,2.15,CARD,4070389046007022
18/12/2024 10:36,London Brixton,Tory Thomas,"Large Iced americano - 2.50, Large Smoothies - Carrot Kick - 2.50",5.0,CARD,1528993708985089
18/12/2024 10:37,London Brixton,Katherine Rosas,Large Hot chocolate - 2.90,2.9,CARD,8474662782390457
18/12/2024 10:38,London Brixton,Alex Dickerson,"Large Smoothies - Glowing Greens - 2.50, Regular Speciality Tea - Earl Grey - 1.30",3.8,CARD,6033668567815760
18/12/2024 10:40,London Brixton,Shauna Edwards,"Regular Hot chocolate - 2.20, Large Hot chocolate - 2.90",5.1,CARD,3721652193986461
18/12/2024 10:41,London Brixton,Richard Chastain,Regular Smoothies - Carrot Kick - 2.00,2.0,CARD,9905846514023167
18/12/2024 10:42,London Brixton,Fred Guiles,"Regular Frappes - Strawberries & Cream - 2.75, Large Hot chocolate - 2.90",5.65,CARD,2695304381704977
18/12/2024 10:43,London Brixton,Paula Burton,"Regular Smoothies - Carrot Kick - 2.00, Large Speciality Tea - Earl Grey - 1.60, Regular Frappes - Strawberries & Cream - 2.75, Regular Cappuccino - 2.15",8.5,CARD,3937360747364054
18/12/2024 10:44,London Brixton,Ricardo Sinclair,Large Espresso - 1.80,1.8,CARD,9214592882340993
18/12/2024 10:45,London Brixton,Derrick Turbyfill,"Regular Frappes - Strawberries & Cream - 2.75, Large Cappuccino - 2.45, Large Iced americano - 2.50, Regular Smoothies - Carrot Kick - 2.00",9.7,CARD,2380419972786682
18/12/2024 10:47,London Brixton,Laura Erickson,"Large Speciality Tea - Earl Grey - 1.60, Regular Smoothies - Carrot Kick - 2.00, Large Speciality Tea - Earl Grey - 1.60",5.2,CARD,2095103593494145
18/12/2024 10:48,London Brixton,Donald Farrow,"Regular Speciality Tea - Earl Grey - 1.30, Regular Iced americano - 2.15",3.45,CARD,1061586025828077
18/12/2024 10:49,London Brixton,Nora Caine,Large Frappes - Strawberries & Cream - 3.25,3.25,CARD,3929168730551044
18/12/2024 10:50,London Brixton,Antonio Lane,"Regular Frappes - Strawberries & Cream - 2.75, Regular Smoothies - Carrot Kick - 2.00, Regular Smoothies - Carrot Kick - 2.00",6.75,CARD,7864268454799291
18/12/2024 10:51,London Brixton,Paige Kay,Large Iced americano - 2.50,2.5,CARD,1885587367080589
18/12/2024 10:52,London Brixton,Julius Kratz,"Regular Iced americano - 2.15, Regular Frappes - Strawberries & Cream - 2.75, Large Smoothies - Glowing Greens - 2.50, Large Speciality Tea - Earl Grey - 1.60",9.0,CARD,4537433508517969
18/12/2024 10:54,London Brixton,Eric Holdridge,"Large Frappes - Strawberries & Cream - 3.25, Large Cappuccino - 2.45, Regular Iced americano - 2.15, Regular Smoothies - Glowing Greens - 2.00",9.85,CASH,
18/12/2024 10:55,London Brixton,Ida Alvey,"Large Frappes - Strawberries & Cream - 3.25, Regular Cappuccino - 2.15",5.4,CASH,
18/12/2024 10:56,London Brixton,Virginia Anderson,"Large Iced americano - 2.50, Large Cappuccino - 2.45, Large Cappuccino - 2.45, Regular Cappuccino - 2.15",9.55,CASH,
18/12/2024 10:57,London Brixton,Annie Washington,"Regular Espresso - 1.50, Large Smoothies - Glowing Greens - 2.50",4.0,CARD,8963037702836811
18/12/2024 10:58,London Brixton,Erika Duffy,"Regular Espresso - 1.50, Large Cappuccino - 2.45, Regular Speciality Tea - Earl Grey - 1.30",5.25,CASH,
18/12/2024 10:59,London Brixton,Jesus Breland,"Large Espresso - 1.80, Regular Iced americano - 2.15, Large Smoothies - Carrot Kick - 2.50",6.45,CARD,4840752197418071
18/12/2024 11:01,London Brixton,David Milligan,"Large Speciality Tea - Earl Grey - 1.60, Regular Iced americano - 2.15, Regular Iced americano - 2.15, Large Frappes - Strawberries & Cream - 3.25",9.15,CARD,8850922980286877
18/12/2024 11:03,London Brixton,May Nunn,"Large Iced americano - 2.50, Regular Iced americano - 2.15, Large Iced americano - 2.50, Large Hot chocolate - 2.90, Regular Speciality Tea - Earl Grey - 1.30",11.35,CARD,3904049080031585
18/12/2024 11:04,London Brixton,Rosa Gerow,Regular Smoothies - Carrot Kick - 2.00,2.0,CARD,9744770547749011
18/12/2024 11:06,London Brixton,Calvin Boyd,"Regular Speciality Tea - Earl Grey - 1.30, Regular Smoothies - Carrot Kick - 2.00",3.3,CARD,3000166544882647
18/12/2024 11:08,London Brixton,Linda Barber,"Large Hot chocolate - 2.90, Large Frappes - Strawberries & Cream - 3.25, Regular Smoothies - Glowing Greens - 2.00, Large Smoothies - Glowing Greens - 2.50, Large Cappuccino - 2.45",13.1,CASH,
18/12/2024 11:10,London Brixton,Kristina Rowe,"Large Iced americano - 2.50, Large Smoothies - Glowing Greens - 2.50",5.0,CASH,
18/12/2024 11:12,London Brixton,Lloyd Kent,"Regular Espresso - 1.50, Regular Speciality Tea - Earl Grey - 1.30, Large Speciality Tea - Earl Grey - 1.60, Regular Espresso - 1.50",5.9,CARD,6464210638655963
18/12/2024 11:14,London Brixton,Debra Koziel,"Regular Espresso - 1.50, Regular Espresso - 1.50",3.0,CARD,6059292555798101
18/12/2024 11:16,London Brixton,Charles Vert,"Large Smoothies - Glowing Greens - 2.50, Regular Smoothies - Carrot Kick - 2.00, Regular Espresso - 1.50",6.0,CARD,6884019665283687
18/12/2024 11:17,London Brixton,Leslie Bueno,Large Cappuccino - 2.45,2.45,CARD,5309133993491532
18/12/2024 11:19,London Brixton,Alvin Harp,"Regular Frappes - Strawberries & Cream - 2.75, Regular Smoothies - Glowing Greens - 2.00, Large Iced americano - 2.50",7.25,CASH,
18/12/2024 11:21,London Brixton,Mark Bellows,"Regular Espresso - 1.50, Large Speciality Tea - Earl Grey - 1.60, Large Espresso - 1.80",4.9,CASH,
18/12/2024 11:23,London Brixton,James Huber,"Regular Smoothies - Carrot Kick - 2.00, Large Espresso - 1.80",3.8,CARD,4827819169286227
18/12/2024 11:25,London Brixton,Mary Brown,"Large Smoothies - Carrot Kick - 2.50, Regular Espresso - 1.50, Regular Smoothies - Carrot Kick - 2.00, Regular Smoothies - Glowing Greens - 2.00",8.0,CARD,7598978503908035
18/12/2024 11:27,London Brixton,Elizabeth Damboise,"Regular Speciality Tea - Earl Grey - 1.30, Regular Frappes - Strawberries & Cream - 2.75, Regular Iced americano - 2.15, Regular Iced americano - 2.15, Regular Iced americano - 2.15, Large Speciality Tea - Earl Grey - 1.60",12.1,CASH,
18/12/2024 11:29,London Brixton,Chad Johnston,Regular Smoothies - Glowing Greens - 2.00,2.0,CARD,2470074610367263
18/12/2024 11:31,London Brixton,Melissa Burris,"Large Speciality Tea - Earl Grey - 1.60, Large Smoothies - Glowing Greens - 2.50, Regular Smoothies - Glowing Greens - 2.00",6.1,CARD,2812329713727907
18/12/2024 11:32,London Brixton,Michael Plaisance,"Regular Espresso - 1.50, Large Iced americano - 2.50, Regular Cappuccino - 2.15",6.15,CARD,7757246957459566
18/12/2024 11:34,London Brixton,Milton Graf,"Large Espresso - 1.80, Regular Smoothies - Glowing Greens - 2.00, Regular Speciality Tea - Earl Grey - 1.30, Regular Cappuccino - 2.15",7.25,CARD,9470513327015970
18/12/2024 11:36,London Brixton,Murray Ullmann,Large Frappes - Strawberries & Cream - 3.25,3.25,CARD,2948118640721925
18/12/2024 11:38,London Brixton,Robert Hernandez,"Large Iced americano - 2.50, Large Espresso - 1.80",4.3,CARD,6082425085880510
18/12/2024 11:40,London Brixton,Gary Carrillo,"Large Cappuccino - 2.45, Regular Smoothies - Carrot Kick - 2.00, Large Smoothies - Glowing Greens - 2.50, Regular Speciality Tea - Earl Grey - 1.30",8.25,CARD,1671347315593514
18/12/2024 11:42,London Brixton,Hiedi Rojas,"Regular Espresso - 1.50, Large Speciality Tea - Earl Grey - 1.60, Large Smoothies - Carrot Kick - 2.50, Large Speciality Tea - Earl Grey - 1.60",7.2,CARD,1192288869061497
18/12/2024 11:44,London Brixton,Betty Haverstick,"Regular Iced americano - 2.15, Regular Iced americano - 2.15",4.3,CARD,8637329395309708
18/12/2024 11:45,London Brixton,Patricia Phoenix,"Regular Speciality Tea - Earl Grey - 1.30, Regular Smoothies - Carrot Kick - 2.00",3.3,CARD,8654211289494725
18/12/2024 11:47,London Brixton,Eleanor Madden,"Large Speciality Tea - Earl Grey - 1.60, Large Smoothies - Glowing Greens - 2.50, Large Smoothies - Glowing Greens - 2.50",6.6,CARD,4000841203452835
18/12/2024 11:49,London Brixton,Raymond Navarro,Large Espresso - 1.80,1.8,CARD,4879132845957940
18/12/2024 11:51,London Brixton,Beverly Sanchez,"Regular Iced americano - 2.15, Large Cappuccino - 2.45, Regular Hot chocolate - 2.20, Regular Cappuccino - 2.15",8.95,CARD,7960018187644530
18/12/2024 11:53,London Brixton,Winston Sanderson,"Regular Speciality Tea - Earl Grey - 1.30, Regular Speciality Tea - Earl Grey - 1.30",2.6,CASH,
18/12/2024 11:55,London Brixton,Robert Brevard,"Large Smoothies - Glowing Greens - 2.50, Regular Smoothies - Carrot Kick - 2.00, Large Hot chocolate - 2.90, Regular Hot chocolate - 2.20, Large Cappuccino - 2.45",12.05,CASH,
18/12/2024 11:57,London Brixton,Lionel Sayers,"Regular Frappes - Strawberries & Cream - 2.75, Regular Smoothies - Carrot Kick - 2.00",4.75,CARD,2482571104801020
18/12/2024 11:59,London Brixton,Derick Hatch,Regular Frappes - Strawberries & Cream - 2.75,2.75,CARD,2838357536222008
18/12/2024 12:00,London Brixton,Nicholas Holland,Regular Iced americano - 2.15,2.15,CARD,7826964922061268
18/12/2024 12:02,London Brixton,Leona Lord,Large Hot chocolate - 2.90,2.9,CARD,4735457169083742
18/12/2024 12:04,London Brixton,Patrick Ybarra,Regular Smoothies - Glowing Greens - 2.00,2.0,CASH,
18/12/2024 12:06,London Brixton,Nelia Collins,"Large Smoothies - Glowing Greens - 2.50, Large Smoothies - Carrot Kick - 2.50, Regular Hot chocolate - 2.20, Large Espresso - 1.80",9.0,CARD,5915114940645276
18/12/2024 12:08,London Brixton,Eric Bailey,"Regular Hot chocolate - 2.20, Large Frappes - Strawberries & Cream - 3.25, Regular Hot chocolate - 2.20, Large Hot chocolate - 2.90",10.55,CASH,
18/12/2024 12:10,London Brixton,Elliott Moore,"Large Espresso - 1.80, Regular Iced americano - 2.15, Regular Smoothies - Carrot Kick - 2.00, Large Speciality Tea - Earl Grey - 1.60, Large Espresso - 1.80, Large Espresso - 1.80",11.15,CARD,7516963301634428
18/12/2024 12:12,London Brixton,Michael Braden,"Regular Cappuccino - 2.15, Large Espresso - 1.80",3.95,CARD,2354829057111025
18/12/2024 12:14,London Brixton,Raymond Taylor,"Regular Smoothies - Glowing Greens - 2.00, Regular Iced americano - 2.15, Large Cappuccino - 2.45, Regular Hot chocolate - 2.20, Large Espresso - 1.80",10.6,CARD,6205710990638336
18/12/2024 12:16,London Brixton,Bertha Hodges,"Large Speciality Tea - Earl Grey - 1.60, Large Hot chocolate - 2.90, Large Iced americano - 2.50",7.0,CARD,2653692738469273
18/12/2024 12:18,London Brixton,Peter Chapman,Large Speciality Tea - Earl Grey - 1.60,1.6,CARD,6610738832747103
18/12/2024 12:20,London Brixton,Lillie Thompson,"Regular Frappes - Strawberries & Cream - 2.75, Regular Espresso - 1.50, Regular Iced americano - 2.15",6.4,CARD,5464047684908596
18/12/2024 12:22,London Brixton,Cleo Lopez,Regular Hot chocolate - 2.20,2.2,CASH,
18/12/2024 12:24,London Brixton,Mabel Hajduk,"Regular Smoothies - Carrot Kick - 2.00, Large Smoothies - Glowing Greens - 2.50, Regular Cappuccino - 2.15",6.65,CASH,
18/12/2024 12:26,London Brixton,Robert Zolocsik,"Regular Hot chocolate - 2.20, Regular Speciality Tea - Earl Grey - 1.30, Regular Smoothies - Glowing Greens - 2.00",5.5,CARD,2870623143753448
18/12/2024 12:27,London Brixton,Cindy Haag,"Regular Smoothies - Glowing Greens - 2.00, Large Speciality Tea - Earl Grey - 1.60, Large Iced americano - 2.50, Regular Iced americano - 2.15, Regular Cappuccino - 2.15",10.4,CARD,8029013249756860
18/12/2024 12:29,London Brixton,Hazel Horton,"Large Iced americano - 2.50, Regular Hot chocolate - 2.20, Regular Espresso - 1.50, Large Iced americano - 2.50",8.7,CARD,4444211159252155
18/12/2024 12:31,London Brixton,Lester Carter,Large Iced americano - 2.50,2.5,CARD,6620621082600421
18/12/2024 12:33,London Brixton,Jeremy Muzzarelli,"Regular Cappuccino - 2.15, Large Iced americano - 2.50",4.65,CARD,3402646900781561
18/12/2024 12:35,London Brixton,John Pickens,"Large Speciality Tea - Earl Grey - 1.60, Regular Speciality Tea - Earl Grey - 1.30",2.9,CARD,4763468190120162
18/12/2024 12:37,London Brixton,Mike Mcmahan,"Regular Smoothies - Glowing Greens - 2.00, Regular Smoothies - Glowing Greens - 2.00, Large Iced americano - 2.50, Regular Smoothies - Carrot Kick - 2.00",8.5,CARD,4393392802275467
18/12/2024 12:39,London Brixton,Kelly Antrikin,"Regular Iced americano - 2.15, Large Speciality Tea - Earl Grey - 1.60, Large Smoothies - Carrot Kick - 2.50, Regular Iced americano - 2.15, Large Cappuccino - 2.45, Large Smoothies - Carrot Kick - 2.50",13.35,CARD,6994911282224420
18/12/2024 12:41,London Brixton,Anthony Gaede,"Large Smoothies - Carrot Kick - 2.50, Large Speciality Tea - Earl Grey - 1.60, Regular Speciality Tea - Earl Grey - 1.30",5.4,CARD,8974241541653800
18/12/2024 12:43,London Brixton,Cheryl Gallon,"Regular Cappuccino - 2.15, Large Iced americano - 2.50, Large Hot chocolate - 2.90",7.55,CARD,4031111191564241
18/12/2024 12:45,London Brixton,Richard Johnson,Large Espresso - 1.80,1.8,CARD,4614856277699523
18/12/2024 12:47,London Brixton,Harvey Bowman,"Large Cappuccino - 2.45, Regular Smoothies - Glowing Greens - 2.00, Regular Speciality Tea - Earl Grey - 1.30, Large Frappes - Strawberries & Cream - 3.25",9.0,CARD,5775919536354162
18/12/2024 12:49,London Brixton,Pat Looney,"Regular Hot chocolate - 2.20, Regular Smoothies - Carrot Kick - 2.00",4.2,CASH,
18/12/2024 12:51,London Brixton,Amanda Banks,"Large Speciality Tea - Earl Grey - 1.60, Large Espresso - 1.80, Large Iced americano - 2.50",5.9,CARD,1239861926722015
18/12/2024 12:53,London Brixton,Cora Yeager,"Large Smoothies - Glowing Greens - 2.50, Large Smoothies - Carrot Kick - 2.50",5.0,CARD,6974833776788982
18/12/2024 12:55,London Brixton,Joseph Pipkins,"Large Cappuccino - 2.45, Large Smoothies - Glowing Greens - 2.50, Regular Cappuccino - 2.15",7.1,CARD,9814792266366514
18/12/2024 12:56,London Brixton,Marta Renfro,Large Hot chocolate - 2.90,2.9,CASH,
18/12/2024 12:58,London Brixton,Richard Patillo,"Large Cappuccino - 2.45, Regular Speciality Tea - Earl Grey - 1.30, Large Smoothies - Glowing Greens - 2.50",6.25,CASH,
18/12/2024 13:00,London Brixton,Andrew Clyde,Regular Speciality Tea - Earl Grey - 1.30,1.3,CARD,4480725295196544
18/12/2024 13:01,London Brixton,Jamie Poole,"Regular Iced americano - 2.15, Regular Speciality Tea - Earl Grey - 1.30",3.45,CARD,5045183753385396
18/12/2024 13:02,London Brixton,Joseph Ennis,Large Speciality Tea - Earl Grey - 1.60,1.6,CARD,4762924933866357
18/12/2024 13:03,London Brixton,Jimmy Tippets,"Large Hot chocolate - 2.90, Regular Cappuccino - 2.15, Large Iced americano - 2.50, Regular Smoothies - Carrot Kick - 2.00, Regular Smoothies - Glowing Greens - 2.00",11.55,CARD,1832762381005839
18/12/2024 13:04,London Brixton,Charles Spencer,Regular Frappes - Strawberries & Cream - 2.75,2.75,CARD,3244097379044200
18/12/2024 13:05,London Brixton,Dave Ross,"Large Espresso - 1.80, Regular Smoothies - Glowing Greens - 2.00",3.8,CASH,
18/12/2024 13:06,London Brixton,Ronnie Jones,"Large Hot chocolate - 2.90, Large Cappuccino - 2.45, Regular Iced americano - 2.15",7.5,CARD,2502598772331292
18/12/2024 13:07,London Brixton,Johnny Petersen,Regular Smoothies - Carrot Kick - 2.00,2.0,CARD,1631769879103098
18/12/2024 13:08,London Brixton,Len Moroni,Regular Espresso - 1.50,1.5,CARD,6048790628838135
18/12/2024 13:09,London Brixton,Jake Pyles,Regular Frappes - Strawberries & Cream - 2.75,2.75,CASH,
18/12/2024 13:09,London Brixton,Robert Hawkins,"Large Hot chocolate - 2.90, Regular Iced americano - 2.15",5.05,CASH,
18/12/2024 13:10,London Brixton,Alice Aldous,"Regular Smoothies - Glowing Greens - 2.00, Regular Speciality Tea - Earl Grey - 1.30",3.3,CARD,7959841696655085
18/12/2024 13:11,London Brixton,Denise Mcquaig,Regular Smoothies - Carrot Kick - 2.00,2.0,CARD,4319478655297487
18/12/2024 13:12,London Brixton,Issac Vanwassenhove,Regular Cappuccino - 2.15,2.15,CASH,
18/12/2024 13:13,London Brixton,Andrea Curran,Large Smoothies - Glowing Greens - 2.50,2.5,CASH,
18/12/2024 13:14,London Brixton,Janice Baugh,"Regular Iced americano - 2.15, Large Espresso - 1.80",3.95,CASH,
18/12/2024 13:15,London Brixton,Katelyn No,"Large Iced americano - 2.50, Regular Hot chocolate - 2.20, Regular Frappes - Strawberries & Cream - 2.75",7.45,CASH,
18/12/2024 13:16,London Brixton,Maria Nardi,Regular Frappes - Strawberries & Cream - 2.75,2.75,CASH,
18/12/2024 13:17,London Brixton,Stefanie Babonis,"Regular Smoothies - Glowing Greens - 2.00, Large Smoothies - Carrot Kick - 2.50, Regular Frappes - Strawberries & Cream - 2.75, Large Iced americano - 2.50",9.75,CARD,6513969542873437
18/12/2024 13:18,London Brixton,George Renteria,"Large Speciality Tea - Earl Grey - 1.60, Regular Iced americano - 2.15",3.75,CARD,3488694038088757
18/12/2024 13:19,London Brixton,Janice Thompson,Regular Smoothies - Carrot Kick - 2.00,2.0,CARD,7610410259339090
18/12/2024 13:20,London Brixton,Ruthann Branch,"Regular Cappuccino - 2.15, Large Frappes - Strawberries & Cream - 3.25, Large Cappuccino - 2.45, Regular Frappes - Strawberries & Cream - 2.75",10.6,CARD,6503474287192655
18/12/2024 13:20,London Brixton,Mary Villicana,Large Hot chocolate - 2.90,2.9,CASH,
18/12/2024 13:21,London Brixton,James Nemeth,"Large Smoothies - Carrot Kick - 2.50, Large Cappuccino - 2.45, Regular Frappes - Strawberries & Cream - 2.75",7.7,CARD,7498818002037479
18/12/2024 13:22,London Brixton,Dennis Bynum,"Large Frappes - Strawberries & Cream - 3.25, Regular Speciality Tea - Earl Grey - 1.30, Regular Iced americano - 2.15, Large Speciality Tea - Earl Grey - 1.60",8.3,CARD,1869238588819181
18/12/2024 13:23,London Brixton,Jose Cordero,"Large Frappes - Strawberries & Cream - 3.25, Large Frappes - Strawberries & Cream - 3.25, Regular Smoothies - Carrot Kick - 2.00, Regular Speciality Tea - Earl Grey - 1.30",9.8,CARD,8527569256103900
18/12/2024 13:24,London Brixton,Patsy Paul,"Large Cappuccino - 2.45, Large Hot chocolate - 2.90, Large Speciality Tea - Earl Grey - 1.60",6.95,CARD,8381827634269778
18/12/2024 13:25,London Brixton,Christy Suarez,"Regular Espresso - 1.50, Regular Iced americano - 2.15, Regular Hot chocolate - 2.20, Regular Smoothies - Glowing Greens - 2.00, Large Frappes - Strawberries & Cream - 3.25",11.1,CARD,9691304855873750
18/12/2024 13:26,London Brixton,Eva Johnson,"Large Speciality Tea - Earl Grey - 1.60, Regular Espresso - 1.50",3.1,CARD,3935282257924208
18/12/2024 13:27,London Brixton,Samuel Dinkins,"Large Espresso - 1.80, Large Iced americano - 2.50",4.3,CARD,9564619230187525
18/12/2024 13:28,London Brixton,Sylvia Amaral,Large Smoothies - Glowing Greens - 2.50,2.5,CASH,
18/12/2024 13:29,London Brixton,Anthony Amezcua,Large Espresso - 1.80,1.8,CASH,
18/12/2024 13:30,London Brixton,Arnold Tatro,Regular Iced americano - 2.15,2.15,CASH,
18/12/2024 13:31,London Brixton,Connie Lewis,"Large Smoothies - Carrot Kick - 2.50, Regular Frappes - Strawberries & Cream - 2.75, Large Hot chocolate - 2.90",8.15,CASH,
18/12/2024 13:31,London Brixton,Steven Douglas,"Regular Smoothies - Glowing Greens - 2.00, Large Speciality Tea - Earl Grey - 1.60, Large Smoothies - Glowing Greens - 2.50, Regular Cappuccino - 2.15, Regular Speciality Tea - Earl Grey - 1.30, Regular Smoothies - Glowing Greens - 2.00",11.55,CASH,
18/12/2024 13:32,London Brixton,Jack Sisler,"Large Espresso - 1.80, Regular Iced americano - 2.15, Regular Speciality Tea - Earl Grey - 1.30",5.25,CARD,2773183284320672
18/12/2024 13:33,London Brixton,Linda Fraley,"Regular Cappuccino - 2.15, Regular Espresso - 1.50, Large Hot chocolate - 2.90, Regular Frappes - Strawberries & Cream - 2.75",9.3,CARD,2370985329737743
18/12/2024 13:34,London Brixton,Adrian Coffey,Regular Smoothies - Glowing Greens - 2.00,2.0,CARD,9922734248610520
18/12/2024 13:35,London Brixton,Stacy Aquil,"Regular Cappuccino - 2.15, Large Iced americano - 2.50",4.65,CARD,3094920553506622
18/12/2024 13:36,London Brixton,Michael Lipford,"Large Smoothies - Glowing Greens - 2.50, Large Espresso - 1.80, Large Speciality Tea - Earl Grey - 1.60",5.9,CARD,4870768847500425
18/12/2024 13:37,London Brixton,Mary Bradshaw,"Regular Hot chocolate - 2.20, Large Iced americano - 2.50, Large Espresso - 1.80",6.5,CARD,9776316465034898
18/12/2024 13:38,London Brixton,Etta Haverland,"Regular Speciality Tea - Earl Grey - 1.30, Large Frappes - Strawberries & Cream - 3.25, Regular Speciality Tea - Earl Grey - 1.30",5.85,CASH,
18/12/2024 13:39,London Brixton,Michelle Rector,"Large Espresso - 1.80, Large Cappuccino - 2.45",4.25,CARD,6289929121656012
18/12/2024 13:40,London Brixton,Donald Hill,Large Hot chocolate - 2.90,2.9,CASH,
18/12/2024 13:41,London Brixton,Ken Benoit,"Regular Smoothies - Glowing Greens - 2.00, Large Iced americano - 2.50, Regular Frappes - Strawberries & Cream - 2.75, Regular Iced americano - 2.15, Regular Espresso - 1.50",10.9,CASH,
18/12/2024 13:42,London Brixton,Christy Wood,"Regular Smoothies - Glowing Greens - 2.00, Large Smoothies - Glowing Greens - 2.50, Large Frappes - Strawberries & Cream - 3.25, Large Frappes - Strawberries & Cream - 3.25, Regular Frappes - Strawberries & Cream - 2.75",13.75,CARD,9827342868386519
18/12/2024 13:42,London Brixton,Tami Morton,"Large Iced americano - 2.50, Large Iced americano - 2.50, Regular Espresso - 1.50",6.5,CARD,1873828437292619
18/12/2024 13:43,London Brixton,Lonnie Valenzuela,"Large Iced americano - 2.50, Regular Iced americano - 2.15",4.65,CARD,6881175709889545
18/12/2024 13:44,London Brixton,Ellen Harris,"Regular Frappes - Strawberries & Cream - 2.75, Regular Speciality Tea - Earl Grey - 1.30",4.05,CARD,1094962626127317
18/12/2024 13:45,London Brixton,Thomas Anderson,Large Smoothies - Carrot Kick - 2.50,2.5,CARD,5448948266500557
18/12/2024 13:46,London Brixton,Martha Holton,"Regular Espresso - 1.50, Regular Smoothies - Carrot Kick - 2.00, Regular Hot chocolate - 2.20",5.7,CARD,3105568296994815
18/12/2024 13:47,London Brixton,Norma Crosland,Regular Cappuccino - 2.15,2.15,CARD,7042841283885920
18/12/2024 13:48,London Brixton,Lillian Book,Large Smoothies - Glowing Greens - 2.50,2.5,CARD,6441249479559133
18/12/2024 13:49,London Brixton,Mark Boling,"Regular Cappuccino - 2.15, Large Speciality Tea - Earl Grey - 1.60, Regular Frappes - Strawberries & Cream - 2.75, Regular Smoothies - Glowing Greens - 2.00, Regular Smoothies - Glowing Greens - 2.00",10.5,CARD,9678893959186425
18/12/2024 13:50,London Brixton,Roy Jones,"Regular Cappuccino - 2.15, Regular Espresso - 1.50, Large Speciality Tea - Earl Grey - 1.60",5.25,CARD,4386197801607217
18/12/2024 13:51,London Brixton,James Foster,"Regular Hot chocolate - 2.20, Large Cappuccino - 2.45",4.65,CASH,
18/12/2024 13:52,London Brixton,Jaqueline Fairrow,"Regular Frappes - Strawberries & Cream - 2.75, Regular Speciality Tea - Earl Grey - 1.30, Large Speciality Tea - Earl Grey - 1.60",5.65,CARD,7363193035030448
18/12/2024 13:53,London Brixton,Sherita Gannon,"Regular Iced americano - 2.15, Regular Frappes - Strawberries & Cream - 2.75, Large Smoothies - Glowing Greens - 2.50",7.4,CASH,
18/12/2024 13:53,London Brixton,Brian Hanson,Regular Hot chocolate - 2.20,2.2,CASH,
18/12/2024 13:54,London Brixton,Diana Bowers,"Large Smoothies - Glowing Greens - 2.50, Large Cappuccino - 2.45, Large Frappes - Strawberries & Cream - 3.25",8.2,CARD,1139138506838825
18/12/2024 13:55,London Brixton,Allene Wuertz,"Regular Hot chocolate - 2.20, Regular Iced americano - 2.15, Large Frappes - Strawberries & Cream - 3.25",7.6,CASH,
18/12/2024 13:56,London Brixton,Earnest Baker,Regular Speciality Tea - Earl Grey - 1.30,1.3,CARD,5615844094870162
18/12/2024 13:57,London Brixton,Vicky Bowman,"Large Cappuccino - 2.45, Large Smoothies - Glowing Greens - 2.50, Large Smoothies - Glowing Greens - 2.50, Large Speciality Tea - Earl Grey - 1.60",9.05,CARD,5424546410814354
18/12/2024 13:58,London Brixton,Katrina Allison,Large Smoothies - Carrot Kick - 2.50,2.5,CARD,4802461418067915
18/12/2024 13:59,London Brixton,Curtis Singletary,"Large Hot chocolate - 2.90, Large Smoothies - Carrot Kick - 2.50, Large Speciality Tea - Earl Grey - 1.60, Regular Speciality Tea - Earl Grey - 1.30, Large Hot chocolate - 2.90",11.2,CARD,8399990942973297
18/12/2024 14:00,London Brixton,John Moeller,"Regular Iced americano - 2.15, Large Smoothies - Glowing Greens - 2.50, Large Smoothies - Carrot Kick - 2.50",7.15,CASH,
18/12/2024 14:01,London Brixton,Peter Mcdowell,"Large Espresso - 1.80, Large Hot chocolate - 2.90, Regular Smoothies - Glowing Greens - 2.00, Large Espresso - 1.80, Regular Frappes - Strawberries & Cream - 2.75",11.25,CASH,
18/12/2024 14:02,London Brixton,Frank Kirkland,"Large Iced americano - 2.50, Large Speciality Tea - Earl Grey - 1.60",4.1,CARD,3524667998005700
18/12/2024 14:03,London Brixton,Thomas Vasquez,"Large Hot chocolate - 2.90, Regular Frappes - Strawberries & Cream - 2.75",5.65,CARD,7400777844382439
18/12/2024 14:04,London Brixton,Mark Webb,"Large Iced americano - 2.50, Large Iced americano - 2.50",5.0,CARD,9549462153459203
18/12/2024 14:05,London Brixton,Iris Carlson,"Large Smoothies - Glowing Greens - 2.50, Large Cappuccino - 2.45, Large Cappuccino - 2.45",7.4,CASH,
18/12/2024 14:06,London Brixton,Nicole Sanders,"Regular Smoothies - Glowing Greens - 2.00, Regular Iced americano - 2.15, Regular Cappuccino - 2.15, Large Speciality Tea - Earl Grey - 1.60",7.9,CARD,2950077880560170
18/12/2024 14:07,London Brixton,Terrance Cunningham,Large Speciality Tea - Earl Grey - 1.60,1.6,CASH,
18/12/2024 14:08,London Brixton,Lynette Hoffman,"Regular Hot chocolate - 2.20, Regular Smoothies - Glowing Greens - 2.00, Large Smoothies - Carrot Kick - 2.50, Large Hot chocolate - 2.90, Regular Frappes - Strawberries & Cream - 2.75, Large Frappes - Strawberries & Cream - 3.25",15.6,CARD,2277194493561612
18/12/2024 14:09,London Brixton,Ryan Amyotte,Regular Speciality Tea - Earl Grey - 1.30,1.3,CASH,
18/12/2024 14:10,London Brixton,Betty Aldrich,"Large Hot chocolate - 2.90, Regular Espresso - 1.50, Regular Iced americano - 2.15, Regular Frappes - Strawberries & Cream - 2.75",9.3,CARD,2976431201977995
18/12/2024 14:11,London Brixton,Carl Delgado,"Regular Cappuccino - 2.15, Regular Smoothies - Glowing Greens - 2.00, Large Smoothies - Carrot Kick - 2.50",6.65,CARD,3880960453975636
18/12/2024 14:12,London Brixton,Myrtle Goodman,"Regular Speciality Tea - Earl Grey - 1.30, Regular Speciality Tea - Earl Grey - 1.30, Large Espresso - 1.80",4.4,CARD,1534939549877612
18/12/2024 14:13,London Brixton,Cheryl Canales,"Large Smoothies - Glowing Greens - 2.50, Regular Smoothies - Glowing Greens - 2.00",4.5,CARD,5157738110424384
18/12/2024 14:14,London Brixton,Catalina Flores,"Regular Iced americano - 2.15, Large Smoothies - Glowing Greens - 2.50, Regular Hot chocolate - 2.20, Large Hot chocolate - 2.90",9.75,CARD,5367153976021640
18/12/2024 14:15,London Brixton,Brian Shultz,"Large Iced americano - 2.50, Large Cappuccino - 2.45, Large Espresso - 1.80",6.75,CARD,4280352394702009
18/12/2024 14:16,London Brixton,Gene Mercado,"Large Frappes - Strawberries & Cream - 3.25, Regular Hot chocolate - 2.20, Large Speciality Tea - Earl Grey - 1.60",7.05,CARD,6479214063167598
18/12/2024 14:17,London Brixton,John Sewell,"Regular Iced americano - 2.15, Regular Smoothies - Glowing Greens - 2.00, Large Speciality Tea - Earl Grey - 1.60, Large Iced americano - 2.50, Large Cappuccino - 2.45",10.7,CARD,7221122828989895
18/12/2024 14:18,London Brixton,Agnes Pringle,"Regular Smoothies - Glowing Greens - 2.00, Large Espresso - 1.80",3.8,CARD,7600577107645382
18/12/2024 14:19,London Brixton,William Dunn,"Regular Iced americano - 2.15, Large Iced americano - 2.50, Regular Espresso - 1.50",6.15,CARD,9468628011801421
18/12/2024 14:20,London Brixton,Kathleen Shull,"Regular Iced americano - 2.15, Regular Smoothies - Glowing Greens - 2.00, Regular Smoothies - Carrot Kick - 2.00, Large Smoothies - Carrot Kick - 2.50, Regular Smoothies - Carrot Kick - 2.00, Regular Cappuccino - 2.15",12.8,CARD,6243842292609235
18/12/2024 14:21,London Brixton,Clyde Causey,"Regular Smoothies - Carrot Kick - 2.00, Regular Smoothies - Glowing Greens - 2.00",4.0,CASH,
18/12/2024 14:22,London Brixton,David Simpson,"Regular Speciality Tea - Earl Grey - 1.30, Regular Iced americano - 2.15, Regular Smoothies - Glowing Greens - 2.00, Regular Frappes - Strawberries & Cream - 2.75, Regular Speciality Tea - Earl Grey - 1.30",9.5,CASH,
18/12/2024 14:23,London Brixton,David Cunningham,"Regular Iced americano - 2.15, Regular Speciality Tea - Earl Grey - 1.30, Regular Hot chocolate - 2.20, Large Espresso - 1.80",7.45,CARD,7939453570542251
18/12/2024 14:23,London Brixton,Courtney Barlage,"Large Frappes - Strawberries & Cream - 3.25, Regular Speciality Tea - Earl Grey - 1.30, Regular Iced americano - 2.15, Regular Smoothies - Glowing Greens - 2.00, Large Hot chocolate - 2.90",11.6,CARD,6372398218924534
18/12/2024 14:24,London Brixton,Sonia Pacheco,"Regular Speciality Tea - Earl Grey - 1.30, Large Smoothies - Glowing Greens - 2.50",3.8,CARD,5017025901249779
18/12/2024 14:25,London Brixton,James Cokley,"Regular Speciality Tea - Earl Grey - 1.30, Large Iced americano - 2.50, Large Frappes - Strawberries & Cream - 3.25",7.05,CASH,
18/12/2024 14:26,London Brixton,Elizabeth Gibbons,"Large Iced americano - 2.50, Regular Speciality Tea - Earl Grey - 1.30",3.8,CARD,2672631290196397
18/12/2024 14:27,London Brixton,Nicole Whisenand,"Large Iced americano - 2.50, Regular Smoothies - Glowing Greens - 2.00",4.5,CARD,4603112322690113
18/12/2024 14:28,London Brixton,Roland Obryan,"Large Iced americano - 2.50, Regular Cappuccino - 2.15, Large Iced americano - 2.50, Regular Cappuccino - 2.15, Regular Espresso - 1.50",10.8,CARD,5322109354603601
18/12/2024 14:29,London Brixton,Jack Graham,Regular Cappuccino - 2.15,2.15,CARD,3987814200329420
18/12/2024 14:30,London Brixton,Jody Vise,"Regular Frappes - Strawberries & Cream - 2.75, Regular Espresso - 1.50",4.25,CARD,7185467536729002
18/12/2024 14:31,London Brixton,Robert Hopps,"Large Frappes - Strawberries & Cream - 3.25, Regular Iced americano - 2.15",5.4,CARD,7134407852572449
18/12/2024 14:32,London Brixton,Jason Geiger,"Regular Smoothies - Carrot Kick - 2.00, Large Frappes - Strawberries & Cream - 3.25, Regular Frappes - Strawberries & Cream - 2.75",8.0,CARD,4854812213134916
18/12/2024 14:33,London Brixton,Harry Paez,"Large Smoothies - Carrot Kick - 2.50, Large Cappuccino - 2.45, Large Smoothies - Carrot Kick - 2.50, Large Cappuccino - 2.45",9.9,CARD,2029839903201051
18/12/2024 14:34,London Brixton,Mark Kraus,"Large Frappes - Strawberries & Cream - 3.25, Large Espresso - 1.80, Regular Speciality Tea - Earl Grey - 1.30, Regular Smoothies - Glowing Greens - 2.00, Regular Smoothies - Carrot Kick - 2.00",10.35,CASH,
18/12/2024 14:35,London Brixton,Emily Hubbs,"Regular Espresso - 1.50, Regular Smoothies - Glowing Greens - 2.00, Regular Smoothies - Carrot Kick - 2.00",5.5,CARD,2102926861065520
18/12/2024 14:36,London Brixton,Dudley Smith,"Large Espresso - 1.80, Regular Smoothies - Glowing Greens - 2.00, Large Espresso - 1.80, Regular Cappuccino - 2.15",7.75,CARD,6796204753638975
18/12/2024 14:37,London Brixton,Patricia Gonzales,Regular Iced americano - 2.15,2.15,CARD,8695310875601440
18/12/2024 14:38,London Brixton,Ann Haider,"Large Espresso - 1.80, Large Smoothies - Glowing Greens - 2.50, Regular Smoothies - Glowing Greens - 2.00, Regular Smoothies - Glowing Greens - 2.00, Regular Cappuccino - 2.15",10.45,CARD,8872921690144237
18/12/2024 14:39,London Brixton,Richard Zayicek,"Large Smoothies - Glowing Greens - 2.50, Large Iced americano - 2.50, Regular Cappuccino - 2.15, Regular Espresso - 1.50",8.65,CASH,
18/12/2024 14:40,London Brixton,Christopher Butler,Regular Frappes - Strawberries & Cream - 2.75,2.75,CARD,9672040998300135
18/12/2024 14:41,London Brixton,Mercedes Dennehy,Large Smoothies - Carrot Kick - 2.50,2.5,CARD,2816872553156831
18/12/2024 14:42,London Brixton,Francis Lamb,"Regular Speciality Tea - Earl Grey - 1.30, Large Frappes - Strawberries & Cream - 3.25, Regular Smoothies - Carrot Kick - 2.00, Regular Speciality Tea - Earl Grey - 1.30",7.85,CARD,8471139878827067
18/12/2024 14:43,London Brixton,Eddie Walker,"Regular Iced americano - 2.15, Regular Hot chocolate - 2.20",4.35,CASH,
18/12/2024 14:44,London Brixton,Latasha Harris,"Regular Frappes - Strawberries & Cream - 2.75, Large Speciality Tea - Earl Grey - 1.60, Regular Frappes - Strawberries & Cream - 2.75, Regular Smoothies - Carrot Kick - 2.00",9.1,CARD,2439118245427101
18/12/2024 14:45,London Brixton,Ryan Lucas,"Large Hot chocolate - 2.90, Regular Hot chocolate - 2.20, Large Speciality Tea - Earl Grey - 1.60, Large Smoothies - Glowing Greens - 2.50, Regular Iced americano - 2.15",11.35,CARD,7832328428661541
18/12/2024 14:46,London Brixton,Robin Marsh,Large Iced americano - 2.50,2.5,CARD,8100207065695980
18/12/2024 14:47,London Brixton,Marilyn Torres,"Large Frappes - Strawberries & Cream - 3.25, Regular Smoothies - Glowing Greens - 2.00",5.25,CARD,5617638696693372
18/12/2024 14:48,London Brixton,Shantel Crank,Regular Smoothies - Carrot Kick - 2.00,2.0,CASH,
18/12/2024 14:49,London Brixton,Guy Solomon,"Large Iced americano - 2.50, Large Smoothies - Glowing Greens - 2.50",5.0,CASH,
18/12/2024 14:50,London Brixton,Ramona Kerr,"Large Iced americano - 2.50, Regular Frappes - Strawberries & Cream - 2.75, Regular Hot chocolate - 2.20",7.45,CASH,
18/12/2024 14:51,London Brixton,Kelly Delong,"Regular Hot chocolate - 2.20, Regular Smoothies - Glowing Greens - 2.00, Large Espresso - 1.80, Large Iced americano - 2.50, Large Iced americano - 2.50, Regular Smoothies - Carrot Kick - 2.00",13.0,CARD,4570304558828092
18/12/2024 14:52,London Brixton,Robert Smith,"Large Espresso - 1.80, Regular Smoothies - Carrot Kick - 2.00, Large Espresso - 1.80",5.6,CASH,
18/12/2024 14:53,London Brixton,Esther Barger,"Regular Smoothies - Glowing Greens - 2.00, Regular Iced americano - 2.15, Regular Frappes - Strawberries & Cream - 2.75, Regular Smoothies - Carrot Kick - 2.00",8.9,CARD,6829216995266244
18/12/2024 14:54,London Brixton,Robert Garner,Large Cappuccino - 2.45,2.45,CARD,8199332660361126
18/12/2024 14:55,London Brixton,Nicole Styles,"Large Smoothies - Glowing Greens - 2.50, Large Speciality Tea - Earl Grey - 1.60, Large Smoothies - Carrot Kick - 2.50, Regular Smoothies - Glowing Greens - 2.00, Large Smoothies - Carrot Kick - 2.50",11.1,CARD,2352794046998135
18/12/2024 14:56,London Brixton,George Howell,"Large Iced americano - 2.50, Large Speciality Tea - Earl Grey - 1.60, Regular Espresso - 1.50, Large Hot chocolate - 2.90, Regular Iced americano - 2.15, Regular Smoothies - Glowing Greens - 2.00",12.65,CARD,7486867358603341
18/12/2024 14:57,London Brixton,Daniel Patton,"Regular Espresso - 1.50, Regular Espresso - 1.50, Large Cappuccino - 2.45, Regular Smoothies - Glowing Greens - 2.00, Regular Speciality Tea - Earl Grey - 1.30",8.75,CARD,9502081170916409
18/12/2024 14:58,London Brixton,Christopher Horstmann,Regular Cappuccino - 2.15,2.15,CASH,
18/12/2024 14:59,London Brixton,Kevin Peterson,"Regular Cappuccino - 2.15, Large Frappes - Strawberries & Cream - 3.25, Large Speciality Tea - Earl Grey - 1.60",7.0,CARD,5163587929039144
18/12/2024 15:00,London Brixton,Sheila Taylor,"Large Smoothies - Glowing Greens - 2.50, Regular Cappuccino - 2.15, Regular Frappes - Strawberries & Cream - 2.75, Large Espresso - 1.80, Regular Cappuccino - 2.15",11.35,CARD,6051248308411573
18/12/2024 15:02,London Brixton,Alfonso Moore,"Regular Speciality Tea - Earl Grey - 1.30, Regular Smoothies - Glowing Greens - 2.00",3.3,CARD,8827907952667581
18/12/2024 15:03,London Brixton,Marc Holman,"Large Cappuccino - 2.45, Regular Hot chocolate - 2.20, Large Iced americano - 2.50, Regular Cappuccino - 2.15",9.3,CARD,8667221052202807
18/12/2024 15:05,London Brixton,Tanya Spence,"Large Espresso - 1.80, Regular Speciality Tea - Earl Grey - 1.30",3.1,CASH,
18/12/2024 15:07,London Brixton,Andrew Flanagan,"Regular Espresso - 1.50, Regular Espresso - 1.50, Large Smoothies - Glowing Greens - 2.50",5.5,CASH,
18/12/2024 15:08,London Brixton,Roscoe Flores,Large Cappuccino - 2.45,2.45,CARD,8463900322830984
18/12/2024 15:10,London Brixton,Gena Knapp,"Large Cappuccino - 2.45, Regular Frappes - Strawberries & Cream - 2.75, Large Espresso - 1.80",7.0,CASH,
18/12/2024 15:12,London Brixton,Ruth Schaefer,"Regular Iced americano - 2.15, Large Hot chocolate - 2.90, Large Smoothies - Glowing Greens - 2.50",7.55,CARD,4334980563685514
18/12/2024 15:14,London Brixton,Raymond Alger,"Regular Speciality Tea - Earl Grey - 1.30, Large Frappes - Strawberries & Cream - 3.25, Large Cappuccino - 2.45, Large Iced americano - 2.50",9.5,CARD,1519232181248846
18/12/2024 15:15,London Brixton,Gerald Steiner,"Large Cappuccino - 2.45, Regular Hot chocolate - 2.20",4.65,CASH,
18/12/2024 15:17,London Brixton,David Lerma,"Large Iced americano - 2.50, Large Iced americano - 2.50",5.0,CARD,4449303508710159
18/12/2024 15:19,London Brixton,Mary Kollross,Large Cappuccino - 2.45,2.45,CARD,1004956120706606
18/12/2024 15:20,London Brixton,Ronald Pierce,"Regular Espresso - 1.50, Regular Hot chocolate - 2.20, Regular Hot chocolate - 2.20",5.9,CARD,7126600322357106
18/12/2024 15:22,London Brixton,Roger Carr,"Large Frappes - Strawberries & Cream - 3.25, Large Smoothies - Glowing Greens - 2.50, Regular Cappuccino - 2.15, Large Espresso - 1.80, Large Smoothies - Carrot Kick - 2.50",12.2,CARD,1923026421863303
18/12/2024 15:24,London Brixton,Clinton Seddon,"Regular Frappes - Strawberries & Cream - 2.75, Large Iced americano - 2.50, Regular Smoothies - Glowing Greens - 2.00, Large Espresso - 1.80, Large Hot chocolate - 2.90, Regular Espresso - 1.50",13.45,CARD,7726538190576076
18/12/2024 15:25,London Brixton,Melinda Guerra,"Regular Frappes - Strawberries & Cream - 2.75, Regular Espresso - 1.50, Regular Smoothies - Glowing Greens - 2.00, Regular Speciality Tea - Earl Grey - 1.30, Large Smoothies - Carrot Kick - 2.50",10.05,CARD,1371109891897252
18/12/2024 15:27,London Brixton,Berniece Westlund,Regular Smoothies - Carrot Kick - 2.00,2.0,CARD,2491230825424066
18/12/2024 15:29,London Brixton,Lola Phillips,"Regular Cappuccino - 2.15, Large Speciality Tea - Earl Grey - 1.60, Regular Espresso - 1.50, Large Iced americano - 2.50",7.75,CARD,3931253419666728
18/12/2024 15:31,London Brixton,Robert Hardin,"Regular Espresso - 1.50, Regular Espresso - 1.50, Large Espresso - 1.80",4.8,CASH,
18/12/2024 15:32,London Brixton,Mary Hibbs,Large Hot chocolate - 2.90,2.9,CARD,9826003962931241
18/12/2024 15:34,London Brixton,James Carter,"Regular Speciality Tea - Earl Grey - 1.30, Large Iced americano - 2.50, Regular Frappes - Strawberries & Cream - 2.75, Regular Iced americano - 2.15, Regular Iced americano - 2.15, Large Frappes - Strawberries & Cream - 3.25",14.1,CARD,4501122586564291
18/12/2024 15:36,London Brixton,Jeanette Perri,"Regular Hot chocolate - 2.20, Regular Smoothies - Glowing Greens - 2.00, Large Cappuccino - 2.45, Large Frappes - Strawberries & Cream - 3.25, Large Iced americano - 2.50, Large Cappuccino - 2.45",14.85,CARD,2175325594511828
18/12/2024 15:37,London Brixton,Richard Mcaleer,"Large Cappuccino - 2.45, Regular Espresso - 1.50, Large Hot chocolate - 2.90, Large Smoothies - Carrot Kick - 2.50, Regular Iced americano - 2.15, Large Frappes - Strawberries & Cream - 3.25",14.75,CARD,1615458501687509
18/12/2024 15:39,London Brixton,Basil Slowinski,"Regular Iced americano - 2.15, Large Iced americano - 2.50",4.65,CASH,
18/12/2024 15:41,London Brixton,Robert Custer,"Large Smoothies - Glowing Greens - 2.50, Large Espresso - 1.80",4.3,CARD,5788205445644279
18/12/2024 15:42,London Brixton,Katherine Lovett,"Regular Iced americano - 2.15, Large Smoothies - Glowing Greens - 2.50, Large Hot chocolate - 2.90, Regular Iced americano - 2.15",9.7,CARD,6091085893328633
18/12/2024 15:44,London Brixton,Joseph Leopold,Large Speciality Tea - Earl Grey - 1.60,1.6,CARD,3346652297445096
18/12/2024 15:46,London Brixton,Sandra Hodges,"Large Hot chocolate - 2.90, Regular Speciality Tea - Earl Grey - 1.30, Regular Frappes - Strawberries & Cream - 2.75",6.95,CARD,6177653911902665
18/12/2024 15:48,London Brixton,Helen Pinkney,Large Smoothies - Carrot Kick - 2.50,2.5,CARD,1517880111146754
18/12/2024 15:49,London Brixton,Jeremy Fiore,"Large Iced americano - 2.50, Regular Espresso - 1.50",4.0,CASH,
18/12/2024 15:51,London Brixton,Deborah Kahele,"Regular Espresso - 1.50, Regular Speciality Tea - Earl Grey - 1.30, Regular Speciality Tea - Earl Grey - 1.30, Large Smoothies - Carrot Kick - 2.50",6.6,CARD,9820614224497631
18/12/2024 15:53,London Brixton,Janet Chapen,"Large Hot chocolate - 2.90, Regular Espresso - 1.50",4.4,CARD,9207583941255108
18/12/2024 15:54,London Brixton,Herbert Vasquez,"Regular Cappuccino - 2.15, Large Iced americano - 2.50, Large Iced americano - 2.50, Large Espresso - 1.80",8.95,CARD,7909600545220207
18/12/2024 15:56,London Brixton,Lela Sample,Regular Frappes - Strawberries & Cream - 2.75,2.75,CARD,3104204002392213
18/12/2024 15:58,London Brixton,Nicole Briseno,"Large Espresso - 1.80, Regular Smoothies - Glowing Greens - 2.00, Large Cappuccino - 2.45, Large Hot chocolate - 2.90",9.15,CARD,8353798982996279
18/12/2024 16:00,London Brixton,Norman Roberts,"Large Speciality Tea - Earl Grey - 1.60, Regular Espresso - 1.50, Regular Hot chocolate - 2.20",5.3,CASH,
18/12/2024 16:03,London Brixton,Priscilla Fontillas,"Regular Espresso - 1.50, Large Smoothies - Glowing Greens - 2.50, Large Cappuccino - 2.45, Large Espresso - 1.80",8.25,CASH,
18/12/2024 16:06,London Brixton,Melissa Andrews,"Regular Frappes - Strawberries & Cream - 2.75, Regular Smoothies - Glowing Greens - 2.00, Regular Hot chocolate - 2.20",6.95,CARD,7115211394623099
18/12/2024 16:09,London Brixton,Alberta Howard,"Regular Smoothies - Glowing Greens - 2.00, Large Smoothies - Glowing Greens - 2.50",4.5,CARD,3941674692499089
18/12/2024 16:12,London Brixton,Steven Fields,"Large Iced americano - 2.50, Large Speciality Tea - Earl Grey - 1.60",4.1,CARD,5604555297767092
18/12/2024 16:15,London Brixton,Gene Betts,"Large Smoothies - Glowing Greens - 2.50, Regular Speciality Tea - Earl Grey - 1.30, Large Cappuccino - 2.45",6.25,CARD,7024343710852436
18/12/2024 16:18,London Brixton,Duane Hawthorne,Large Hot chocolate - 2.90,2.9,CASH,
18/12/2024 16:22,London Brixton,Jacob Lamore,"Large Smoothies - Carrot Kick - 2.50, Regular Iced americano - 2.15, Regular Speciality Tea - Earl Grey - 1.30, Regular Espresso - 1.50, Regular Speciality Tea - Earl Grey - 1.30",8.75,CARD,8260539757448175
18/12/2024 16:25,London Brixton,Christopher Olds,"Large Smoothies - Carrot Kick - 2.50, Regular Speciality Tea - Earl Grey - 1.30, Regular Espresso - 1.50, Regular Espresso - 1.50, Large Iced americano - 2.50",9.3,CASH,
18/12/2024 16:28,London Brixton,Madeline Davenport,"Large Smoothies - Glowing Greens - 2.50, Large Smoothies - Carrot Kick - 2.50, Regular Espresso - 1.50, Regular Speciality Tea - Earl Grey - 1.30, Large Hot chocolate - 2.90, Regular Cappuccino - 2.15",12.85,CARD,2728264008812654
18/12/2024 16:31,London Brixton,Victoria Cain,"Regular Espresso - 1.50, Regular Cappuccino - 2.15, Large Espresso - 1.80, Regular Hot chocolate - 2.20",7.65,CARD,1208052922555922
18/12/2024 16:34,London Brixton,Garry Hancock,"Large Smoothies - Carrot Kick - 2.50, Large Iced americano - 2.50",5.0,CARD,3389807905034098
18/12/2024 16:37,London Brixton,Stephanie Adcock,"Large Speciality Tea - Earl Grey - 1.60, Regular Iced americano - 2.15, Regular Hot chocolate - 2.20",5.95,CASH,
18/12/2024 16:41,London Brixton,James Velez,"Large Iced americano - 2.50, Regular Hot chocolate - 2.20, Regular Smoothies - Glowing Greens - 2.00",6.7,CASH,
18/12/2024 16:44,London Brixton,Joyce Wang,"Regular Espresso - 1.50, Large Smoothies - Carrot Kick - 2.50",4.0,CARD,8737115603228909
18/12/2024 16:47,London Brixton,Jaime Davis,Large Speciality Tea - Earl Grey - 1.60,1.6,CARD,6572745031082082
18/12/2024 16:50,London Brixton,John Nelson,"Large Speciality Tea - Earl Grey - 1.60, Regular Iced americano - 2.15, Large Cappuccino - 2.45",6.2,CARD,5113634105517711
18/12/2024 16:53,London Brixton,Virgil Colton,"Regular Speciality Tea - Earl Grey - 1.30, Large Cappuccino - 2.45, Large Smoothies - Glowing Greens - 2.50, Large Espresso - 1.80, Regular Speciality Tea - Earl Grey - 1.30, Regular Speciality Tea - Earl Grey - 1.30",10.65,CARD,7449374029255456
18/12/2024 16:56,London Brixton,Cathryn Hardin,Large Speciality Tea - Earl Grey - 1.60,1.6,CARD,2712275472757779
18/12/2024 16:59,London Brixton,Ashley Campbell,"Regular Cappuccino - 2.15, Large Hot chocolate - 2.90",5.05,CARD,5435423320620278
18/12/2024 17:03,London Brixton,Roger Roy,Regular Iced americano - 2.15,2.15,CARD,6717479190344151
18/12/2024 17:05,London Brixton,James Nelson,"Large Iced americano - 2.50, Large Frappes - Strawberries & Cream - 3.25, Regular Cappuccino - 2.15, Large Hot chocolate - 2.90",10.8,CARD,4434420375298850
18/12/2024 17:07,London Brixton,Donald Easterday,"Regular Smoothies - Carrot Kick - 2.00, Large Speciality Tea - Earl Grey - 1.60",3.6,CARD,2085052265240424
18/12/2024 17:10,London Brixton,Jeff Jefferson,Large Smoothies - Glowing Greens - 2.50,2.5,CASH,
18/12/2024 17:12,London Brixton,Mary Darrin,Large Iced americano - 2.50,2.5,CARD,7140330361866357
18/12/2024 17:15,London Brixton,Glenda Mister,Regular Smoothies - Carrot Kick - 2.00,2.0,CARD,8756350570490231
18/12/2024 17:17,London Brixton,Carolyn Osborne,"Large Smoothies - Glowing Greens - 2.50, Regular Hot chocolate - 2.20, Regular Smoothies - Glowing Greens - 2.00, Regular Smoothies - Glowing Greens - 2.00, Regular Espresso - 1.50",10.2,CARD,4461958935614107
18/12/2024 17:19,London Brixton,Lillie Parker,Regular Espresso - 1.50,1.5,CASH,
18/12/2024 17:22,London Brixton,Linda Sibley,"Regular Iced americano - 2.15, Large Espresso - 1.80",3.95,CARD,4010191382131418
18/12/2024 17:24,London Brixton,Charlotte Duarte,"Large Speciality Tea - Earl Grey - 1.60, Regular Frappes - Strawberries & Cream - 2.75, Large Cappuccino - 2.45, Large Smoothies - Carrot Kick - 2.50, Regular Smoothies - Glowing Greens - 2.00",11.3,CARD,8450712846113347
18/12/2024 17:27,London Brixton,Arlene Lira,"Regular Frappes - Strawberries & Cream - 2.75, Regular Smoothies - Glowing Greens - 2.00, Regular Speciality Tea - Earl Grey - 1.30, Large Smoothies - Carrot Kick - 2.50, Large Espresso - 1.80, Regular Hot chocolate - 2.20",12.55,CARD,7782025728382230
18/12/2024 17:29,London Brixton,Wanda Walt,Regular Speciality Tea - Earl Grey - 1.30,1.3,CASH,
18/12/2024 17:31,London Brixton,Tiffany Milligan,"Regular Hot chocolate - 2.20, Large Frappes - Strawberries & Cream - 3.25",5.45,CARD,2140386320170957
18/12/2024 17:34,London Brixton,Frank Hobbins,Regular Cappuccino - 2.15,2.15,CASH,
18/12/2024 17:36,London Brixton,Jerome Kunkle,"Regular Iced americano - 2.15, Regular Smoothies - Glowing Greens - 2.00, Regular Espresso - 1.50",5.65,CARD,5080780026325595
18/12/2024 17:39,London Brixton,Tammy Roark,Large Speciality Tea - Earl Grey - 1.60,1.6,CASH,
18/12/2024 17:41,London Brixton,Janet Perkins,"Regular Frappes - Strawberries & Cream - 2.75, Regular Frappes - Strawberries & Cream - 2.75, Large Cappuccino - 2.45",7.95,CARD,7291825429667142
18/12/2024 17:43,London Brixton,Gloria Alexander,Regular Speciality Tea - Earl Grey - 1.30,1.3,CARD,8373143265228039
18/12/2024 17:46,London Brixton,Carolyn Helmes,Regular Smoothies - Glowing Greens - 2.00,2.0,CASH,
18/12/2024 17:48,London Brixton,Angela Rush,Regular Hot chocolate - 2.20,2.2,CARD,9452513485782502
18/12/2024 17:51,London Brixton,Henry Smith,"Regular Smoothies - Carrot Kick - 2.00, Large Frappes - Strawberries & Cream - 3.25, Regular Espresso - 1.50",6.75,CARD,3583226347365969
18/12/2024 17:53,London Brixton,Joanna Cavazos,"Large Espresso - 1.80, Large Smoothies - Carrot Kick - 2.50, Large Smoothies - Glowing Greens - 2.50, Regular Iced americano - 2.15",8.95,CARD,2202075793006496
18/12/2024 17:55,London Brixton,Lila Jefferson,"Large Hot chocolate - 2.90, Large Frappes - Strawberries & Cream - 3.25, Large Smoothies - Glowing Greens - 2.50, Large Espresso - 1.80",10.45,CARD,7958231067956008
18/12/2024 17:58,London Brixton,David Wade,Regular Smoothies - Carrot Kick - 2.00,2.0,CASH,
18/12/2024 18:00,London Brixton,Justin Lockhart,"Large Smoothies - Glowing Greens - 2.50, Large Speciality Tea - Earl Grey - 1.60, Large Speciality Tea - Earl Grey - 1.60, Large Espresso - 1.80, Regular Smoothies - Glowing Greens - 2.00",9.5,CASH,
18/12/2024 18:02,London Brixton,Jose Fernandez,Large Frappes - Strawberries & Cream - 3.25,3.25,CARD,3843116991513927
18/12/2024 18:04,London Brixton,Darlene Wiggins,"Regular Speciality Tea - Earl Grey - 1.30, Regular Hot chocolate - 2.20",3.5,CARD,6954851229925024
18/12/2024 18:07,London Brixton,Jennifer Williams,"Regular Cappuccino - 2.15, Large Espresso - 1.80",3.95,CARD,5559481874602222
18/12/2024 18:09,London Brixton,Charlotte Diggs,Large Cappuccino - 2.45,2.45,CASH,
18/12/2024 18:11,London Brixton,Carolyn Ackerson,"Large Smoothies - Carrot Kick - 2.50, Regular Cappuccino - 2.15",4.65,CASH,
18/12/2024 18:13,London Brixton,Anne Booth,"Regular Espresso - 1.50, Regular Frappes - Strawberries & Cream - 2.75, Large Cappuccino - 2.45",6.7,CASH,
18/12/2024 18:15,London Brixton,Shana Fitch,"Large Speciality Tea - Earl Grey - 1.60, Regular Cappuccino - 2.15",3.75,CASH,
18/12/2024 18:17,London Brixton,Ruby Trinka,"Regular Frappes - Strawberries & Cream - 2.75, Large Cappuccino - 2.45, Regular Hot chocolate - 2.20",7.4,CASH,
18/12/2024 18:19,London Brixton,Brian Reams,"Regular Hot chocolate - 2.20, Regular Smoothies - Carrot Kick - 2.00, Large Iced americano - 2.50",6.7,CARD,7482490828548620
18/12/2024 18:21,London Brixton,Cassie Ball,"Regular Frappes - Strawberries & Cream - 2.75, Regular Hot chocolate - 2.20",4.95,CARD,4361380572226341
18/12/2024 18:24,London Brixton,Peter Jennings,"Large Smoothies - Carrot Kick - 2.50, Regular Speciality Tea - Earl Grey - 1.30, Large Smoothies - Glowing Greens - 2.50, Large Cappuccino - 2.45",8.75,CASH,
18/12/2024 18:26,London Brixton,George Beard,Regular Cappuccino - 2.15,2.15,CARD,8415552338900719
18/12/2024 18:28,London Brixton,Terrance Powles,"Regular Smoothies - Glowing Greens - 2.00, Regular Iced americano - 2.15",4.15,CARD,2719508242188269
18/12/2024 18:30,London Brixton,Sara Waldow,"Regular Speciality Tea - Earl Grey - 1.30, Large Smoothies - Glowing Greens - 2.50, Regular Espresso - 1.50, Regular Speciality Tea - Earl Grey - 1.30",6.6,CASH,
18/12/2024 18:32,London Brixton,Lee Smock,Regular Hot chocolate - 2.20,2.2,CASH,
18/12/2024 18:34,London Brixton,Jeffrey Harris,"Large Frappes - Strawberries & Cream - 3.25, Large Iced americano - 2.50, Large Smoothies - Glowing Greens - 2.50, Large Iced americano - 2.50",10.75,CARD,2869126636075761
18/12/2024 18:36,London Brixton,Concepcion Gray,"Large Hot chocolate - 2.90, Regular Speciality Tea - Earl Grey - 1.30, Regular Smoothies - Glowing Greens - 2.00, Regular Smoothies - Glowing Greens - 2.00",8.2,CARD,4182996408266534
18/12/2024 18:39,London Brixton,Robert Montilla,Regular Speciality Tea - Earl Grey - 1.30,1.3,CARD,1488078571899335
18/12/2024 18:41,London Brixton,Teresa Gallegos,"Regular Frappes - Strawberries & Cream - 2.75, Large Espresso - 1.80, Large Frappes - Strawberries & Cream - 3.25, Regular Iced americano - 2.15, Large Hot chocolate - 2.90, Large Frappes - Strawberries & Cream - 3.25",16.1,CARD,9255509080776675
18/12/2024 18:43,London Brixton,Elizabeth David,Regular Espresso - 1.50,1.5,CARD,5914813823729640
18/12/2024 18:45,London Brixton,Suzanne Tilly,"Regular Espresso - 1.50, Regular Iced americano - 2.15",3.65,CARD,9314568897417084
18/12/2024 18:47,London Brixton,Betty Kennedy,"Large Cappuccino - 2.45, Regular Espresso - 1.50, Large Iced americano - 2.50",6.45,CARD,8585391965581202
18/12/2024 18:49,London Brixton,John Novak,"Large Speciality Tea - Earl Grey - 1.60, Regular Frappes - Strawberries & Cream - 2.75, Regular Smoothies - Glowing Greens - 2.00",6.35,CARD,6434322075571835
18/12/2024 18:51,London Brixton,Bruce Garcia,"Regular Speciality Tea - Earl Grey - 1.30, Regular Espresso - 1.50, Large Cappuccino - 2.45, Regular Smoothies - Carrot Kick - 2.00, Large Speciality Tea - Earl Grey - 1.60",8.85,CARD,4612619850692991
18/12/2024 18:53,London Brixton,Shonda Schleider,"Regular Iced americano - 2.15, Regular Cappuccino - 2.15, Regular Iced americano - 2.15, Regular Smoothies - Glowing Greens - 2.00",8.45,CASH,
18/12/2024 18:56,London Brixton,Christine Turner,Large Speciality Tea - Earl Grey - 1.60,1.6,CARD,4845398884561531
18/12/2024 18:58,London Brixton,Carl Mack,"Regular Hot chocolate - 2.20, Large Espresso - 1.80, Regular Frappes - Strawberries & Cream - 2.75",6.75,CARD,6369980585356226
18/12/2024 19:00,London Brixton,Rose Andrews,"Regular Speciality Tea - Earl Grey - 1.30, Regular Iced americano - 2.15, Regular Smoothies - Carrot Kick - 2.00, Regular Espresso - 1.50",6.95,CARD,2659524523576322
18/12/2024 19:01,London Brixton,Jacqueline Schmidt,"Large Espresso - 1.80, Large Iced americano - 2.50",4.3,CASH,
18/12/2024 19:03,London Brixton,Domenica Howard,Large Espresso - 1.80,1.8,CARD,6685634044761647
18/12/2024 19:04,London Brixton,Thomas Estell,"Regular Espresso - 1.50, Large Cappuccino - 2.45",3.95,CARD,6543089155943227
18/12/2024 19:05,London Brixton,Joseph Powers,"Large Espresso - 1.80, Regular Iced americano - 2.15, Regular Smoothies - Glowing Greens - 2.00, Large Espresso - 1.80",7.75,CASH,
18/12/2024 19:07,London Brixton,Brian Barger,Large Smoothies - Glowing Greens - 2.50,2.5,CARD,3562570906317774
18/12/2024 19:08,London Brixton,Dorthy Kwok,"Regular Frappes - Strawberries & Cream - 2.75, Regular Smoothies - Glowing Greens - 2.00",4.75,CASH,
18/12/2024 19:09,London Brixton,Annemarie Heinbach,Large Hot chocolate - 2.90,2.9,CARD,1440349376130016
18/12/2024 19:11,London Brixton,Holly Sherman,Large Speciality Tea - Earl Grey - 1.60,1.6,CARD,7105310143306304
18/12/2024 19:12,London Brixton,Cornelius Yuro,"Regular Iced americano - 2.15, Regular Smoothies - Glowing Greens - 2.00",4.15,CARD,1102966046807882
18/12/2024 19:13,London Brixton,Lois Kent,Regular Hot chocolate - 2.20,2.2,CASH,
18/12/2024 19:15,London Brixton,Karen Armstrong,"Large Smoothies - Glowing Greens - 2.50, Large Iced americano - 2.50, Regular Iced americano - 2.15, Regular Iced americano - 2.15",9.3,CARD,2643123512406231
18/12/2024 19:16,London Brixton,Theda Crowder,"Regular Frappes - Strawberries & Cream - 2.75, Large Frappes - Strawberries & Cream - 3.25",6.0,CARD,9570146978724395
18/12/2024 19:17,London Brixton,Bonita Conlon,Large Speciality Tea - Earl Grey - 1.60,1.6,CARD,6141627726283356
18/12/2024 19:19,London Brixton,Wesley Benoist,Large Iced americano - 2.50,2.5,CARD,4716650248747800
18/12/2024 19:20,London Brixton,Megan Garner,"Regular Hot chocolate - 2.20, Regular Espresso - 1.50, Regular Hot chocolate - 2.20, Large Smoothies - Carrot Kick - 2.50, Large Speciality Tea - Earl Grey - 1.60",10.0,CASH,
18/12/2024 19:21,London Brixton,Miriam Curtis,"Regular Iced americano - 2.15, Regular Frappes - Strawberries & Cream - 2.75, Regular Iced americano - 2.15, Regular Iced americano - 2.15, Regular Smoothies - Carrot Kick - 2.00",11.2,CARD,8085675967672174
18/12/2024 19:23,London Brixton,Kimberly Price,"Large Smoothies - Carrot Kick - 2.50, Large Speciality Tea - Earl Grey - 1.60, Large Speciality Tea - Earl Grey - 1.60, Large Espresso - 1.80, Large Smoothies - Glowing Greens - 2.50, Regular Iced americano - 2.15",12.15,CARD,5443138085745786
18/12/2024 19:24,London Brixton,Traci Walsh,Large Frappes - Strawberries & Cream - 3.25,3.25,CARD,5925127769696920
18/12/2024 19:26,London Brixton,Gwen Brunson,"Regular Speciality Tea - Earl Grey - 1.30, Regular Espresso - 1.50",2.8,CARD,2092830415412697
18/12/2024 19:27,London Brixton,John Range,Regular Frappes - Strawberries & Cream - 2.75,2.75,CARD,5929397814318157
18/12/2024 19:28,London Brixton,Ina Graap,"Large Hot chocolate - 2.90, Regular Cappuccino - 2.15, Large Hot chocolate - 2.90",7.95,CARD,1038784589432158
18/12/2024 19:30,London Brixton,Martha Bethea,"Large Speciality Tea - Earl Grey - 1.60, Regular Iced americano - 2.15, Regular Espresso - 1.50, Large Smoothies - Glowing Greens - 2.50, Large Smoothies - Glowing Greens - 2.50",10.25,CARD,5190727025895425
18/12/2024 19:31,London Brixton,Alan Wimberly,"Regular Iced americano - 2.15, Regular Smoothies - Carrot Kick - 2.00, Regular Speciality Tea - Earl Grey - 1.30",5.45,CARD,4665092753992658
18/12/2024 19:32,London Brixton,Dorris Collica,Regular Smoothies - Glowing Greens - 2.00,2.0,CARD,2970426501888130
18/12/2024 19:34,London Brixton,Gloria Lunstrum,"Large Speciality Tea - Earl Grey - 1.60, Large Speciality Tea - Earl Grey - 1.60",3.2,CARD,4004540066273757
18/12/2024 19:35,London Brixton,Marie Langevin,"Regular Speciality Tea - Earl Grey - 1.30, Large Cappuccino - 2.45, Regular Speciality Tea - Earl Grey - 1.30",5.05,CASH,
18/12/2024 19:36,London Brixton,Timothy Moss,"Large Speciality Tea - Earl Grey - 1.60, Regular Hot chocolate - 2.20, Regular Smoothies - Carrot Kick - 2.00",5.8,CARD,2138824446207208
18/12/2024 19:38,London Brixton,Thomas Schut,"Large Speciality Tea - Earl Grey - 1.60, Large Speciality Tea - Earl Grey - 1.60",3.2,CARD,8805341897217217
18/12/2024 19:39,London Brixton,William Shiring,"Large Iced americano - 2.50, Large Cappuccino - 2.45",4.95,CASH,
18/12/2024 19:40,London Brixton,Emily Perry,"Regular Smoothies - Carrot Kick - 2.00, Large Iced americano - 2.50, Regular Iced americano - 2.15",6.65,CASH,
18/12/2024 19:42,London Brixton,Ronald Woodlock,"Regular Frappes - Strawberries & Cream - 2.75, Regular Cappuccino - 2.15",4.9,CARD,4770488825838880
18/12/2024 19:43,London Brixton,Eric Mcfaul,"Regular Cappuccino - 2.15, Regular Smoothies - Glowing Greens - 2.00",4.15,CARD,2752029460956255
18/12/2024 19:44,London Brixton,Robert Segura,Large Hot chocolate - 2.90,2.9,CARD,3849200465962595
18/12/2024 19:46,London Brixton,Opal Dunphy,"Regular Hot chocolate - 2.20, Large Iced americano - 2.50",4.7,CASH,
18/12/2024 19:47,London Brixton,Daniel Dunbar,Regular Hot chocolate - 2.20,2.2,CARD,1299773244164495
18/12/2024 19:48,London Brixton,Jeff Garcia,Large Smoothies - Glowing Greens - 2.50,2.5,CARD,9990210090528961
18/12/2024 19:50,London Brixton,Carla Davis,"Large Iced americano - 2.50, Regular Cappuccino - 2.15, Regular Hot chocolate - 2.20, Large Smoothies - Glowing Greens - 2.50",9.35,CASH,
18/12/2024 19:51,London Brixton,John Maltba,"Large Espresso - 1.80, Regular Iced americano - 2.15, Large Espresso - 1.80",5.75,CARD,2982542192923576
18/12/2024 19:53,London Brixton,Taylor Whitaker,"Large Speciality Tea - Earl Grey - 1.60, Large Speciality Tea - Earl Grey - 1.60",3.2,CARD,9546742777102113
18/12/2024 19:54,London Brixton,Norman Fox,"Regular Iced americano - 2.15, Regular Speciality Tea - Earl Grey - 1.30, Regular Frappes - Strawberries & Cream - 2.75, Large Hot chocolate - 2.90, Large Cappuccino - 2.45",11.55,CARD,5988277915578402
18/12/2024 19:55,London Brixton,Gladys Walker,Regular Iced americano - 2.15,2.15,CARD,8512801829169060
18/12/2024 19:57,London Brixton,Mary Williams,"Large Cappuccino - 2.45, Large Frappes - Strawberries & Cream - 3.25, Regular Speciality Tea - Earl Grey - 1.30, Regular Smoothies - Carrot Kick - 2.00, Regular Iced americano - 2.15",11.15,CARD,6797849546038727
18/12/2024 19:58,London Brixton,Mary Crumpler,"Regular Hot chocolate - 2.20, Regular Iced americano - 2.15, Regular Smoothies - Carrot Kick - 2.00, Large Frappes - Strawberries & Cream - 3.25, Regular Smoothies - Carrot Kick - 2.00, Large Iced americano - 2.50",14.1,CARD,5136289643815937
18/12/2024 19:59,London Brixton,Marc Carman,"Large Frappes - Strawberries & Cream - 3.25, Regular Espresso - 1.50",4.75,CARD,6922103370503698
18/12/2024 20:01,London Brixton,Faye Sheroan,Large Speciality Tea - Earl Grey - 1.60,1.6,CARD,7296399839900980
18/12/2024 20:03,London Brixton,Melissa Nixon,Regular Hot chocolate - 2.20,2.2,CARD,5448807674099692
18/12/2024 20:05,London Brixton,Viola Rivet,"Regular Speciality Tea - Earl Grey - 1.30, Large Frappes - Strawberries & Cream - 3.25, Large Hot chocolate - 2.90, Regular Iced americano - 2.15",9.6,CARD,4284269758305483
18/12/2024 20:08,London Brixton,Shavon Yarnell,Large Frappes - Strawberries & Cream - 3.25,3.25,CASH,
18/12/2024 20:10,London Brixton,Marie Weiler,"Regular Iced americano - 2.15, Large Speciality Tea - Earl Grey - 1.60",3.75,CASH,
18/12/2024 20:13,London Brixton,Stacey Charles,Regular Frappes - Strawberries & Cream - 2.75,2.75,CARD,9606223018817850
18/12/2024 20:15,London Brixton,Joy Poole,"Large Hot chocolate - 2.90, Regular Cappuccino - 2.15",5.05,CASH,
18/12/2024 20:17,London Brixton,Amelia Saxton,"Regular Speciality Tea - Earl Grey - 1.30, Regular Iced americano - 2.15, Large Iced americano - 2.50, Regular Iced americano - 2.15",8.1,CARD,8501442037026192
18/12/2024 20:20,London Brixton,Ashley Brinks,"Large Cappuccino - 2.45, Regular Espresso - 1.50",3.95,CARD,8393851477853073
18/12/2024 20:22,London Brixton,Benjamin Ortega,Large Hot chocolate - 2.90,2.9,CASH,
18/12/2024 20:25,London Brixton,John Coddington,"Regular Smoothies - Carrot Kick - 2.00, Regular Speciality Tea - Earl Grey - 1.30, Large Frappes - Strawberries & Cream - 3.25",6.55,CASH,
18/12/2024 20:27,London Brixton,Sharon Saucier,"Large Cappuccino - 2.45, Large Cappuccino - 2.45, Large Espresso - 1.80, Regular Smoothies - Glowing Greens - 2.00, Large Iced americano - 2.50, Large Frappes - Strawberries & Cream - 3.25",14.45,CARD,6894770307500652
18/12/2024 20:29,London Brixton,Eva Thompson,"Regular Espresso - 1.50, Large Hot chocolate - 2.90",4.4,CARD,5321835682490154
18/12/2024 20:32,London Brixton,Brian Anderson,"Regular Frappes - Strawberries & Cream - 2.75, Regular Hot chocolate - 2.20",4.95,CARD,9139113744321959
18/12/2024 20:34,London Brixton,James Taylor,"Regular Speciality Tea - Earl Grey - 1.30, Large Hot chocolate - 2.90",4.2,CASH,
18/12/2024 20:37,London Brixton,Michelle Abbott,"Large Frappes - Strawberries & Cream - 3.25, Large Cappuccino - 2.45",5.7,CARD,9438419064357552
18/12/2024 20:39,London Brixton,Charles Simpson,"Regular Hot chocolate - 2.20, Regular Speciality Tea - Earl Grey - 1.30",3.5,CARD,9134132019796053
18/12/2024 20:41,London Brixton,Julia Crazier,"Large Cappuccino - 2.45, Regular Speciality Tea - Earl Grey - 1.30, Large Smoothies - Carrot Kick - 2.50, Regular Speciality Tea - Earl Grey - 1.30, Regular Espresso - 1.50",9.05,CARD,5059203107538895
18/12/2024 20:44,London Brixton,George Hilliard,Large Cappuccino - 2.45,2.45,CARD,7589191365164436
18/12/2024 20:46,London Brixton,Catherine Quinlivan,"Regular Cappuccino - 2.15, Large Smoothies - Glowing Greens - 2.50, Regular Cappuccino - 2.15",6.8,CASH,
18/12/2024 20:49,London Brixton,Henry Paxton,"Regular Speciality Tea - Earl Grey - 1.30, Regular Smoothies - Glowing Greens - 2.00",3.3,CASH,
18/12/2024 20:51,London Brixton,Peter Bailey,"Regular Iced americano - 2.15, Large Smoothies - Glowing Greens - 2.50, Regular Speciality Tea - Earl Grey - 1.30",5.95,CARD,2808345590706376
18/12/2024 20:53,London Brixton,Michael Thompson,"Regular Speciality Tea - Earl Grey - 1.30, Regular Smoothies - Carrot Kick - 2.00",3.3,CASH,
18/12/2024 20:56,London Brixton,Dennis Chavarria,"Large Espresso - 1.80, Regular Smoothies - Glowing Greens - 2.00, Large Espresso - 1.80",5.6,CASH,
18/12/2024 20:58,London Brixton,Earl Moore,"Large Smoothies - Glowing Greens - 2.50, Regular Smoothies - Glowing Greens - 2.00, Large Smoothies - Carrot Kick - 2.50, Large Smoothies - Glowing Greens - 2.50, Large Hot chocolate - 2.90",12.4,CARD,9648758505253656
