18/12/2024 08:00,London Greenwich,Mauricio Hardie,"Regular Frappes - Chocolate Cookie - 2.75, Regular Iced americano - 2.15",4.9,CARD,1767263284124094
18/12/2024 08:01,London Greenwich,William Dalbec,"Large Latte - 2.45, Large Latte - 2.45, Regular Iced americano - 2.15",7.05,CARD,7712625631668131
18/12/2024 08:03,London Greenwich,Carlos Shah,Large Flavoured iced latte - Caramel - 3.25,3.25,CASH,
18/12/2024 08:05,London Greenwich,Marcus Erickson,"Large Flavoured iced latte - Caramel - 3.25, Regular Latte - 2.15, Large Frappes - Strawberries & Cream - 3.25, Regular Latte - 2.15",10.8,CARD,4929054859586357
18/12/2024 08:07,London Greenwich,Lynn Alexander,"Regular Frappes - Strawberries & Cream - 2.75, Regular Iced americano - 2.15, Regular Frappes - Chocolate Cookie - 2.75, Large Iced americano - 2.50",10.15,CARD,7740385060122727
18/12/2024 08:08,London Greenwich,Jody Lineberry,"Large Latte - 2.45, Large Latte - 2.45, Large Frappes - Strawberries & Cream - 3.25",8.15,CASH,
18/12/2024 08:10,London Greenwich,Sylvia Mcclanahan,"Large Latte - 2.45, Regular Iced americano - 2.15",4.6,CASH,
18/12/2024 08:12,London Greenwich,Vincent Reeve,"Regular Frappes - Chocolate Cookie - 2.75, Regular Iced americano - 2.15, Large Frappes - Strawberries & Cream - 3.25",8.15,CARD,3184049145589265
18/12/2024 08:14,London Greenwich,June Fulcher,"Regular Frappes - Chocolate Cookie - 2.75, Regular Flavoured iced latte - Caramel - 2.75, Regular Latte - 2.15, Regular Frappes - Chocolate Cookie - 2.75, Large Frappes - Strawberries & Cream - 3.25",13.65,CARD,2999571329832305
18/12/2024 08:15,London Greenwich,John Willie,"Regular Frappes - Chocolate Cookie - 2.75, Regular Iced americano - 2.15, Large Iced americano - 2.50, Regular Frappes - Strawberries & Cream - 2.75",10.15,CARD,4487408268385764
18/12/2024 08:17,London Greenwich,Tammy Weaver,"Regular Iced americano - 2.15, Large Frappes - Chocolate Cookie - 3.25",5.4,CASH,
18/12/2024 08:19,London Greenwich,Kathryn Felder,Large Frappes - Chocolate Cookie - 3.25,3.25,CARD,3758823635556098
18/12/2024 08:21,London Greenwich,Monroe Scribner,"Regular Flavoured iced latte - Caramel - 2.75, Regular Frappes - Chocolate Cookie - 2.75",5.5,CARD,9770543098998330
18/12/2024 08:22,London Greenwich,Jerry Mccauley,"Regular Frappes - Chocolate Cookie - 2.75, Regular Frappes - Chocolate Cookie - 2.75",5.5,CASH,
18/12/2024 08:24,London Greenwich,Brian Yip,"Large Latte - 2.45, Large Iced americano - 2.50, Large Latte - 2.45, Regular Flavoured iced latte - Caramel - 2.75, Large Flavoured iced latte - Caramel - 3.25",13.4,CASH,
18/12/2024 08:26,London Greenwich,Angela Harrington,"Regular Latte - 2.15, Regular Flavoured iced latte - Caramel - 2.75, Regular Iced americano - 2.15, Regular Flavoured iced latte - Caramel - 2.75",9.8,CASH,
18/12/2024 08:28,London Greenwich,Tia Goff,"Large Flavoured iced latte - Caramel - 3.25, Regular Frappes - Chocolate Cookie - 2.75, Regular Frappes - Strawberries & Cream - 2.75, Regular Latte - 2.15, Regular Latte - 2.15",13.05,CARD,8683240791236463
18/12/2024 08:29,London Greenwich,Ann Islam,"Regular Iced americano - 2.15, Regular Iced americano - 2.15, Regular Flavoured iced latte - Caramel - 2.75",7.05,CARD,2918610795360582
18/12/2024 08:31,London Greenwich,Jesus Begay,"Regular Frappes - Strawberries & Cream - 2.75, Large Frappes - Strawberries & Cream - 3.25, Large Frappes - Strawberries & Cream - 3.25, Large Frappes - Strawberries & Cream - 3.25, Large Latte - 2.45",14.95,CASH,
18/12/2024 08:33,London Greenwich,Marion Lopez,"Large Flavoured iced latte - Caramel - 3.25, Large Flavoured iced latte - Caramel - 3.25, Regular Frappes - Strawberries & Cream - 2.75, Large Iced americano - 2.50, Regular Frappes - Strawberries & Cream - 2.75",14.5,CASH,
18/12/2024 08:35,London Greenwich,Karen Dollar,"Regular Latte - 2.15, Regular Latte - 2.15, Large Frappes - Strawberries & Cream - 3.25",7.55,CASH,
18/12/2024 08:36,London Greenwich,Anthony Whapham,"Regular Flavoured iced latte - Caramel - 2.75, Large Frappes - Strawberries & Cream - 3.25, Regular Flavoured iced latte - Caramel - 2.75, Large Flavoured iced latte - Caramel - 3.25",12.0,CARD,2779489017090347
18/12/2024 08:38,London Greenwich,Keenan Longwell,"Large Frappes - Strawberries & Cream - 3.25, Large Frappes - Chocolate Cookie - 3.25",6.5,CARD,1842995014020398
18/12/2024 08:40,London Greenwich,Jermaine Purdy,"Regular Frappes - Chocolate Cookie - 2.75, Large Iced americano - 2.50, Large Latte - 2.45",7.7,CARD,6143211741791878
18/12/2024 08:42,London Greenwich,Gloria Anderson,"Large Frappes - Chocolate Cookie - 3.25, Regular Flavoured iced latte - Caramel - 2.75, Regular Latte - 2.15",8.15,CARD,9821765446578595
18/12/2024 08:43,London Greenwich,William Spangler,Regular Iced americano - 2.15,2.15,CARD,6578729248814114
18/12/2024 08:45,London Greenwich,Clinton Kitchen,"Regular Flavoured iced latte - Caramel - 2.75, Regular Frappes - Chocolate Cookie - 2.75, Large Frappes - Chocolate Cookie - 3.25",8.75,CASH,
18/12/2024 08:47,London Greenwich,Monte Schwartz,Regular Latte - 2.15,2.15,CASH,
18/12/2024 08:49,London Greenwich,Liza Julian,"Regular Frappes - Chocolate Cookie - 2.75, Large Frappes - Strawberries & Cream - 3.25",6.0,CASH,
18/12/2024 08:50,London Greenwich,Charlene Plitt,Regular Flavoured iced latte - Caramel - 2.75,2.75,CASH,
18/12/2024 08:52,London Greenwich,Esmeralda Dick,"Large Flavoured iced latte - Caramel - 3.25, Regular Latte - 2.15",5.4,CARD,4400369604936214
18/12/2024 08:54,London Greenwich,Ryan Esterbrook,"Regular Flavoured iced latte - Caramel - 2.75, Large Flavoured iced latte - Caramel - 3.25, Regular Frappes - Chocolate Cookie - 2.75, Regular Latte - 2.15",10.9,CARD,3701441443049451
18/12/2024 08:56,London Greenwich,Susan Ayala,"Large Flavoured iced latte - Caramel - 3.25, Regular Flavoured iced latte - Caramel - 2.75, Regular Iced americano - 2.15, Large Latte - 2.45, Large Frappes - Strawberries & Cream - 3.25",13.85,CARD,6878295541835608
18/12/2024 08:57,London Greenwich,Timothy Button,Large Flavoured iced latte - Caramel - 3.25,3.25,CARD,3289262951449806
18/12/2024 08:59,London Greenwich,Shirley Doucette,"Large Flavoured iced latte - Caramel - 3.25, Regular Flavoured iced latte - Caramel - 2.75, Large Frappes - Chocolate Cookie - 3.25, Regular Latte - 2.15, Regular Iced americano - 2.15, Regular Latte - 2.15",15.7,CARD,5762941512981586
18/12/2024 09:01,London Greenwich,Shanon Yoder,"Regular Latte - 2.15, Large Latte - 2.45",4.6,CARD,8957172947992844
18/12/2024 09:05,London Greenwich,Joseph Mainor,"Regular Frappes - Chocolate Cookie - 2.75, Regular Frappes - Chocolate Cookie - 2.75",5.5,CARD,5331628901356431
18/12/2024 09:08,London Greenwich,Angelina Curry,"Large Flavoured iced latte - Caramel - 3.25, Large Latte - 2.45, Large Latte - 2.45, Large Latte - 2.45, Regular Frappes - Chocolate Cookie - 2.75",13.35,CASH,
18/12/2024 09:12,London Greenwich,Daniel Smith,"Regular Latte - 2.15, Regular Latte - 2.15, Regular Flavoured iced latte - Caramel - 2.75, Regular Frappes - Strawberries & Cream - 2.75",9.8,CARD,7480717361595208
18/12/2024 09:15,London Greenwich,Antonio Casteel,"Regular Flavoured iced latte - Caramel - 2.75, Regular Iced americano - 2.15",4.9,CARD,6056340059234222
18/12/2024 09:19,London Greenwich,Marc Lynn,"Large Latte - 2.45, Regular Iced americano - 2.15",4.6,CASH,
18/12/2024 09:22,London Greenwich,Sandra Darden,"Regular Iced americano - 2.15, Large Frappes - Strawberries & Cream - 3.25, Regular Latte - 2.15",7.55,CARD,8442152638403905
18/12/2024 09:26,London Greenwich,Iris Smith,"Regular Frappes - Strawberries & Cream - 2.75, Large Latte - 2.45",5.2,CASH,
18/12/2024 09:29,London Greenwich,Adam Avant,"Regular Frappes - Chocolate Cookie - 2.75, Large Iced americano - 2.50, Regular Iced americano - 2.15",7.4,CARD,3780441692991512
18/12/2024 09:33,London Greenwich,Mabel Pillsbury,"Large Flavoured iced latte - Caramel - 3.25, Large Flavoured iced latte - Caramel - 3.25, Regular Latte - 2.15",8.65,CARD,4951346294407030
18/12/2024 09:36,London Greenwich,Julian Knudson,"Large Flavoured iced latte - Caramel - 3.25, Regular Flavoured iced latte - Caramel - 2.75, Regular Flavoured iced latte - Caramel - 2.75",8.75,CASH,
18/12/2024 09:40,London Greenwich,Jorge Hamlet,"Large Frappes - Strawberries & Cream - 3.25, Large Flavoured iced latte - Caramel - 3.25, Regular Iced americano - 2.15",8.65,CARD,6569471174299968
18/12/2024 09:43,London Greenwich,Stephanie Griffin,Regular Latte - 2.15,2.15,CARD,1379937465023380
18/12/2024 09:47,London Greenwich,Teresa Imes,"Large Frappes - Strawberries & Cream - 3.25, Regular Latte - 2.15",5.4,CARD,1959591837120674
18/12/2024 09:50,London Greenwich,Margaret Heggie,"Regular Latte - 2.15, Regular Flavoured iced latte - Caramel - 2.75",4.9,CASH,
18/12/2024 09:54,London Greenwich,Sara Amey,"Large Flavoured iced latte - Caramel - 3.25, Regular Frappes - Chocolate Cookie - 2.75",6.0,CARD,1070257522257881
18/12/2024 09:57,London Greenwich,Amy Medellin,"Regular Flavoured iced latte - Caramel - 2.75, Large Flavoured iced latte - Caramel - 3.25, Large Flavoured iced latte - Caramel - 3.25, Regular Frappes - Strawberries & Cream - 2.75",12.0,CARD,3480571672136065
18/12/2024 10:01,London Greenwich,Jeanette Squier,Large Frappes - Chocolate Cookie - 3.25,3.25,CARD,4933015420171498
18/12/2024 10:02,London Greenwich,Brandon Francis,Large Flavoured iced latte - Caramel - 3.25,3.25,CARD,2632269368713782
18/12/2024 10:04,London Greenwich,Michael Depaul,"Large Frappes - Chocolate Cookie - 3.25, Large Iced americano - 2.50, Regular Frappes - Strawberries & Cream - 2.75, Large Flavoured iced latte - Caramel - 3.25",11.75,CARD,8914613554399181
18/12/2024 10:05,London Greenwich,Randall Winter,"Large Frappes - Chocolate Cookie - 3.25, Large Flavoured iced latte - Caramel - 3.25, Regular Flavoured iced latte - Caramel - 2.75, Large Latte - 2.45",11.7,CASH,
18/12/2024 10:06,London Greenwich,Carl Mazzocco,"Large Latte - 2.45, Large Latte - 2.45, Large Flavoured iced latte - Caramel - 3.25",8.15,CARD,4270127517238525
18/12/2024 10:08,London Greenwich,Ramiro Rauth,"Regular Flavoured iced latte - Caramel - 2.75, Large Iced americano - 2.50",5.25,CARD,5613798177984851
18/12/2024 10:09,London Greenwich,Juan Cisneros,Regular Latte - 2.15,2.15,CASH,
18/12/2024 10:10,London Greenwich,Doris Wallace,"Regular Latte - 2.15, Regular Latte - 2.15, Regular Latte - 2.15, Regular Flavoured iced latte - Caramel - 2.75, Regular Iced americano - 2.15",11.35,CARD,9147812215638003
18/12/2024 10:12,London Greenwich,Jim Minert,Large Frappes - Strawberries & Cream - 3.25,3.25,CARD,2143535906348948
18/12/2024 10:13,London Greenwich,Billy Elliott,Large Latte - 2.45,2.45,CARD,1190061853086802
18/12/2024 10:15,London Greenwich,Rita Velasquez,"Regular Latte - 2.15, Regular Frappes - Strawberries & Cream - 2.75, Large Frappes - Chocolate Cookie - 3.25, Large Frappes - Chocolate Cookie - 3.25",11.4,CARD,5895148769434446
18/12/2024 10:16,London Greenwich,Adrienne Smith,"Regular Frappes - Strawberries & Cream - 2.75, Large Latte - 2.45, Large Frappes - Chocolate Cookie - 3.25",8.45,CASH,
18/12/2024 10:17,London Greenwich,Janice Torres,"Large Flavoured iced latte - Caramel - 3.25, Large Latte - 2.45, Large Iced americano - 2.50, Regular Flavoured iced latte - Caramel - 2.75, Regular Frappes - Strawberries & Cream - 2.75, Large Latte - 2.45",16.15,CARD,8443016215637571
18/12/2024 10:19,London Greenwich,Roger Allen,"Large Flavoured iced latte - Caramel - 3.25, Large Latte - 2.45, Regular Iced americano - 2.15, Large Iced americano - 2.50",10.35,CARD,7462302247148955
18/12/2024 10:20,London Greenwich,Kevin Moistner,Large Frappes - Chocolate Cookie - 3.25,3.25,CASH,
18/12/2024 10:22,London Greenwich,Leon Conner,"Large Iced americano - 2.50, Regular Latte - 2.15, Large Frappes - Chocolate Cookie - 3.25",7.9,CARD,1827974268435041
18/12/2024 10:23,London Greenwich,Barbara Bonilla,"Large Iced americano - 2.50, Large Iced americano - 2.50, Regular Flavoured iced latte - Caramel - 2.75, Large Frappes - Strawberries & Cream - 3.25, Large Flavoured iced latte - Caramel - 3.25",14.25,CARD,3695288079180676
18/12/2024 10:24,London Greenwich,Eric Diaz,"Regular Frappes - Strawberries & Cream - 2.75, Large Iced americano - 2.50, Regular Latte - 2.15",7.4,CASH,
18/12/2024 10:26,London Greenwich,Steven Salas,Regular Frappes - Chocolate Cookie - 2.75,2.75,CARD,5855690474386797
18/12/2024 10:27,London Greenwich,Mary Trapp,"Large Iced americano - 2.50, Regular Frappes - Chocolate Cookie - 2.75",5.25,CASH,
18/12/2024 10:28,London Greenwich,Wallace Rasmussen,Regular Flavoured iced latte - Caramel - 2.75,2.75,CARD,9852276487754997
18/12/2024 10:30,London Greenwich,Shirley Williams,"Regular Frappes - Chocolate Cookie - 2.75, Regular Frappes - Chocolate Cookie - 2.75, Large Flavoured iced latte - Caramel - 3.25",8.75,CARD,6342620314305902
18/12/2024 10:31,London Greenwich,Howard Laswell,"Regular Iced americano - 2.15, Regular Iced americano - 2.15",4.3,CARD,8232037557792336
18/12/2024 10:33,London Greenwich,Heather Cohn,"Large Iced americano - 2.50, Large Flavoured iced latte - Caramel - 3.25, Large Frappes - Strawberries & Cream - 3.25",9.0,CASH,
18/12/2024 10:34,London Greenwich,Bonnie Bursley,"Large Latte - 2.45, Regular Flavoured iced latte - Caramel - 2.75",5.2,CASH,
18/12/2024 10:35,London Greenwich,Patricia Pond,"Regular Iced americano - 2.15, Regular Latte - 2.15, Regular Frappes - Chocolate Cookie - 2.75",7.05,CARD,9876099467296223
18/12/2024 10:37,London Greenwich,John Amparan,"Large Iced americano - 2.50, Regular Frappes - Strawberries & Cream - 2.75",5.25,CARD,3011194027822263
18/12/2024 10:38,London Greenwich,Lori Cornelius,Large Latte - 2.45,2.45,CASH,
18/12/2024 10:40,London Greenwich,Grace Ayers,"Large Frappes - Strawberries & Cream - 3.25, Large Flavoured iced latte - Caramel - 3.25",6.5,CARD,7975406833288469
18/12/2024 10:41,London Greenwich,Austin Reid,Large Latte - 2.45,2.45,CASH,
18/12/2024 10:42,London Greenwich,Ryan Mcgrew,"Large Iced americano - 2.50, Regular Flavoured iced latte - Caramel - 2.75",5.25,CARD,9025466657747027
18/12/2024 10:44,London Greenwich,Eddie Cortez,"Large Flavoured iced latte - Caramel - 3.25, Large Latte - 2.45, Large Frappes - Strawberries & Cream - 3.25, Regular Latte - 2.15",11.1,CARD,3427688008619966
18/12/2024 10:45,London Greenwich,Pamelia Fritz,"Regular Iced americano - 2.15, Regular Frappes - Strawberries & Cream - 2.75, Large Flavoured iced latte - Caramel - 3.25",8.15,CARD,7839159637030369
18/12/2024 10:46,London Greenwich,Aaron Brickhouse,"Regular Iced americano - 2.15, Large Frappes - Strawberries & Cream - 3.25",5.4,CASH,
18/12/2024 10:48,London Greenwich,Brett Firkins,"Large Frappes - Strawberries & Cream - 3.25, Large Flavoured iced latte - Caramel - 3.25, Regular Flavoured iced latte - Caramel - 2.75, Regular Frappes - Chocolate Cookie - 2.75, Regular Iced americano - 2.15",14.15,CARD,6263601642583057
18/12/2024 10:49,London Greenwich,Carole White,"Regular Iced americano - 2.15, Regular Latte - 2.15, Large Latte - 2.45",6.75,CARD,3293188304782722
18/12/2024 10:51,London Greenwich,Patrick Campbell,"Regular Latte - 2.15, Regular Frappes - Strawberries & Cream - 2.75, Regular Flavoured iced latte - Caramel - 2.75, Large Latte - 2.45, Regular Frappes - Strawberries & Cream - 2.75, Large Flavoured iced latte - Caramel - 3.25",16.1,CASH,
18/12/2024 10:52,London Greenwich,Scott Myers,"Regular Frappes - Chocolate Cookie - 2.75, Large Flavoured iced latte - Caramel - 3.25, Large Frappes - Chocolate Cookie - 3.25, Large Latte - 2.45",11.7,CARD,5496189988941558
18/12/2024 10:53,London Greenwich,Melissa Cataldo,Large Frappes - Strawberries & Cream - 3.25,3.25,CARD,6924532860736158
18/12/2024 10:55,London Greenwich,Inger Cho,Large Frappes - Strawberries & Cream - 3.25,3.25,CARD,6624358625969059
18/12/2024 10:56,London Greenwich,Mary Morley,"Large Flavoured iced latte - Caramel - 3.25, Regular Latte - 2.15, Regular Iced americano - 2.15",7.55,CARD,8387209298900247
18/12/2024 10:57,London Greenwich,Joseph Claxton,"Large Flavoured iced latte - Caramel - 3.25, Large Iced americano - 2.50",5.75,CARD,9721030147982106
18/12/2024 10:59,London Greenwich,Gary Fernandez,"Regular Iced americano - 2.15, Large Latte - 2.45",4.6,CARD,6383384364892160
18/12/2024 11:00,London Greenwich,James Cole,"Regular Frappes - Chocolate Cookie - 2.75, Regular Latte - 2.15",4.9,CARD,4851564593957287
18/12/2024 11:02,London Greenwich,Thomas Knight,"Large Flavoured iced latte - Caramel - 3.25, Large Iced americano - 2.50",5.75,CARD,4347615159871627
18/12/2024 11:04,London Greenwich,Juanita Updike,"Large Iced americano - 2.50, Large Frappes - Strawberries & Cream - 3.25, Regular Flavoured iced latte - Caramel - 2.75, Large Latte - 2.45",10.95,CARD,4324493000774708
18/12/2024 11:06,London Greenwich,Carol Dixon,"Large Frappes - Strawberries & Cream - 3.25, Regular Frappes - Chocolate Cookie - 2.75, Large Frappes - Strawberries & Cream - 3.25, Large Latte - 2.45, Regular Frappes - Strawberries & Cream - 2.75",14.45,CARD,4714902069175200
18/12/2024 11:08,London Greenwich,Clement Carlson,Regular Frappes - Chocolate Cookie - 2.75,2.75,CARD,8596276804295664
18/12/2024 11:09,London Greenwich,Gary Cooper,"Large Flavoured iced latte - Caramel - 3.25, Large Flavoured iced latte - Caramel - 3.25, Regular Frappes - Strawberries & Cream - 2.75",9.25,CARD,2819167526224397
18/12/2024 11:11,London Greenwich,Ian Galloway,"Large Iced americano - 2.50, Regular Frappes - Strawberries & Cream - 2.75, Large Iced americano - 2.50, Regular Iced americano - 2.15, Large Flavoured iced latte - Caramel - 3.25",13.15,CARD,8437888383792617
18/12/2024 11:13,London Greenwich,Frederic Ariel,"Large Iced americano - 2.50, Regular Frappes - Strawberries & Cream - 2.75, Large Latte - 2.45, Large Flavoured iced latte - Caramel - 3.25, Regular Latte - 2.15, Regular Frappes - Strawberries & Cream - 2.75",15.85,CARD,3867393748619274
18/12/2024 11:15,London Greenwich,Marlo Lund,"Regular Iced americano - 2.15, Regular Frappes - Chocolate Cookie - 2.75, Regular Frappes - Chocolate Cookie - 2.75, Regular Flavoured iced latte - Caramel - 2.75, Regular Latte - 2.15",12.55,CARD,5857869839334986
18/12/2024 11:17,London Greenwich,John Caruso,"Large Flavoured iced latte - Caramel - 3.25, Large Frappes - Strawberries & Cream - 3.25, Regular Latte - 2.15",8.65,CASH,
18/12/2024 11:18,London Greenwich,Dahlia Dillingham,"Large Flavoured iced latte - Caramel - 3.25, Regular Latte - 2.15",5.4,CARD,1958259223795074
18/12/2024 11:20,London Greenwich,Shari Saroop,"Regular Latte - 2.15, Large Frappes - Strawberries & Cream - 3.25, Large Latte - 2.45, Large Flavoured iced latte - Caramel - 3.25",11.1,CARD,1222331001154304
18/12/2024 11:22,London Greenwich,Alexandra Abbott,"Regular Frappes - Chocolate Cookie - 2.75, Regular Iced americano - 2.15",4.9,CARD,5955807039939933
18/12/2024 11:24,London Greenwich,Jesus Komp,"Large Flavoured iced latte - Caramel - 3.25, Regular Frappes - Strawberries & Cream - 2.75, Large Frappes - Strawberries & Cream - 3.25",9.25,CASH,
18/12/2024 11:26,London Greenwich,Jean Ricard,"Large Latte - 2.45, Regular Latte - 2.15, Regular Frappes - Strawberries & Cream - 2.75, Large Frappes - Chocolate Cookie - 3.25",10.6,CASH,
18/12/2024 11:28,London Greenwich,Kennith Hansen,"Large Frappes - Strawberries & Cream - 3.25, Large Flavoured iced latte - Caramel - 3.25, Large Flavoured iced latte - Caramel - 3.25, Regular Frappes - Strawberries & Cream - 2.75",12.5,CARD,6413500077878185
18/12/2024 11:29,London Greenwich,Anna Blass,"Large Iced americano - 2.50, Regular Iced americano - 2.15, Regular Frappes - Strawberries & Cream - 2.75, Large Flavoured iced latte - Caramel - 3.25, Regular Latte - 2.15",12.8,CASH,
18/12/2024 11:31,London Greenwich,Claudia Massey,"Large Iced americano - 2.50, Large Frappes - Strawberries & Cream - 3.25, Large Flavoured iced latte - Caramel - 3.25, Regular Frappes - Chocolate Cookie - 2.75, Large Iced americano - 2.50",14.25,CARD,1490208098787729
18/12/2024 11:33,London Greenwich,Dale Ritter,"Large Frappes - Strawberries & Cream - 3.25, Regular Frappes - Strawberries & Cream - 2.75, Regular Frappes - Strawberries & Cream - 2.75, Large Latte - 2.45",11.2,CARD,8727799662878299
18/12/2024 11:35,London Greenwich,Jody Bertolini,"Regular Frappes - Strawberries & Cream - 2.75, Regular Frappes - Chocolate Cookie - 2.75, Regular Frappes - Chocolate Cookie - 2.75, Regular Frappes - Chocolate Cookie - 2.75",11.0,CASH,
18/12/2024 11:37,London Greenwich,Robert Robertson,Regular Flavoured iced latte - Caramel - 2.75,2.75,CARD,5020174083900085
18/12/2024 11:38,London Greenwich,Anna Mitchell,"Regular Frappes - Chocolate Cookie - 2.75, Regular Frappes - Strawberries & Cream - 2.75, Regular Flavoured iced latte - Caramel - 2.75, Large Frappes - Strawberries & Cream - 3.25",11.5,CARD,9999034330610105
18/12/2024 11:40,London Greenwich,Kam Theroux,"Regular Iced americano - 2.15, Regular Iced americano - 2.15, Large Iced americano - 2.50, Regular Iced americano - 2.15, Regular Latte - 2.15, Large Latte - 2.45",13.55,CARD,4959116521666479
18/12/2024 11:42,London Greenwich,Benito Bieber,"Regular Latte - 2.15, Large Flavoured iced latte - Caramel - 3.25",5.4,CASH,
18/12/2024 11:44,London Greenwich,Wayne Platt,"Large Frappes - Strawberries & Cream - 3.25, Large Flavoured iced latte - Caramel - 3.25, Regular Iced americano - 2.15",8.65,CARD,9482159773173426
18/12/2024 11:46,London Greenwich,Robert Chance,Large Frappes - Strawberries & Cream - 3.25,3.25,CASH,
18/12/2024 11:47,London Greenwich,Kyle Jacobson,"Large Latte - 2.45, Regular Flavoured iced latte - Caramel - 2.75",5.2,CASH,
18/12/2024 11:49,London Greenwich,Carla Wink,Regular Latte - 2.15,2.15,CARD,8080968067914072
18/12/2024 11:51,London Greenwich,Donna Simpson,"Regular Frappes - Chocolate Cookie - 2.75, Regular Iced americano - 2.15, Regular Flavoured iced latte - Caramel - 2.75, Large Flavoured iced latte - Caramel - 3.25, Large Iced americano - 2.50",13.4,CARD,8608288736880638
18/12/2024 11:53,London Greenwich,Jerry Brown,Large Frappes - Strawberries & Cream - 3.25,3.25,CASH,
18/12/2024 11:55,London Greenwich,Marilyn Tolan,"Regular Latte - 2.15, Large Latte - 2.45",4.6,CARD,6463597776001689
18/12/2024 11:57,London Greenwich,Richard Hughes,Large Frappes - Chocolate Cookie - 3.25,3.25,CARD,8414368817427289
18/12/2024 11:58,London Greenwich,Frank Toledo,"Regular Frappes - Strawberries & Cream - 2.75, Large Latte - 2.45, Regular Iced americano - 2.15",7.35,CARD,1492942265876258
18/12/2024 12:00,London Greenwich,Heather Yeast,"Large Latte - 2.45, Regular Frappes - Strawberries & Cream - 2.75, Large Flavoured iced latte - Caramel - 3.25, Large Frappes - Chocolate Cookie - 3.25",11.7,CASH,
18/12/2024 12:02,London Greenwich,Evan Rhymes,"Large Flavoured iced latte - Caramel - 3.25, Regular Iced americano - 2.15, Regular Frappes - Strawberries & Cream - 2.75",8.15,CARD,2193157640859748
18/12/2024 12:05,London Greenwich,Ronald Thorn,"Regular Flavoured iced latte - Caramel - 2.75, Regular Latte - 2.15",4.9,CARD,6895108427237295
18/12/2024 12:07,London Greenwich,Richard Waddell,"Large Iced americano - 2.50, Regular Latte - 2.15",4.65,CARD,7199183334531550
18/12/2024 12:09,London Greenwich,Ray Hallum,"Regular Frappes - Strawberries & Cream - 2.75, Large Frappes - Chocolate Cookie - 3.25, Large Flavoured iced latte - Caramel - 3.25, Large Frappes - Strawberries & Cream - 3.25",12.5,CARD,4124784509867473
18/12/2024 12:11,London Greenwich,Isabel Khalil,"Large Flavoured iced latte - Caramel - 3.25, Large Latte - 2.45, Regular Iced americano - 2.15",7.85,CARD,4704611170335586
18/12/2024 12:14,London Greenwich,Jennifer Walker,"Regular Latte - 2.15, Large Latte - 2.45",4.6,CARD,6936683981357104
18/12/2024 12:16,London Greenwich,Robert Correa,"Regular Frappes - Chocolate Cookie - 2.75, Regular Frappes - Strawberries & Cream - 2.75, Regular Flavoured iced latte - Caramel - 2.75",8.25,CARD,3509186438058406
18/12/2024 12:18,London Greenwich,Amy Neely,"Regular Flavoured iced latte - Caramel - 2.75, Large Frappes - Chocolate Cookie - 3.25, Regular Latte - 2.15, Regular Flavoured iced latte - Caramel - 2.75",10.9,CARD,8314846922065030
18/12/2024 12:20,London Greenwich,Eugene Urena,"Large Frappes - Strawberries & Cream - 3.25, Regular Frappes - Chocolate Cookie - 2.75",6.0,CARD,2489427093692140
18/12/2024 12:22,London Greenwich,Patrick Fortner,"Large Flavoured iced latte - Caramel - 3.25, Large Flavoured iced latte - Caramel - 3.25, Large Frappes - Chocolate Cookie - 3.25",9.75,CARD,7813500736832880
18/12/2024 12:25,London Greenwich,Christina Garcia,"Regular Frappes - Chocolate Cookie - 2.75, Large Flavoured iced latte - Caramel - 3.25",6.0,CARD,1112393868959897
18/12/2024 12:27,London Greenwich,Rex Green,Regular Flavoured iced latte - Caramel - 2.75,2.75,CASH,
18/12/2024 12:29,London Greenwich,Richard Heredia,Regular Flavoured iced latte - Caramel - 2.75,2.75,CARD,2159506225772079
18/12/2024 12:31,London Greenwich,Beatrice Cassidy,"Large Frappes - Chocolate Cookie - 3.25, Regular Frappes - Strawberries & Cream - 2.75, Regular Iced americano - 2.15",8.15,CARD,3784367254525575
18/12/2024 12:33,London Greenwich,Christopher Butler,"Regular Flavoured iced latte - Caramel - 2.75, Large Frappes - Strawberries & Cream - 3.25, Regular Flavoured iced latte - Caramel - 2.75, Regular Iced americano - 2.15, Large Frappes - Chocolate Cookie - 3.25",14.15,CARD,5699056850804206
18/12/2024 12:36,London Greenwich,Betty Sievers,Regular Latte - 2.15,2.15,CARD,9528613298045707
18/12/2024 12:38,London Greenwich,Jeffrey Mercado,"Regular Frappes - Strawberries & Cream - 2.75, Large Latte - 2.45, Regular Flavoured iced latte - Caramel - 2.75",7.95,CARD,4807638696225016
18/12/2024 12:40,London Greenwich,Zane Perkins,"Regular Flavoured iced latte - Caramel - 2.75, Regular Latte - 2.15, Large Frappes - Chocolate Cookie - 3.25, Large Frappes - Chocolate Cookie - 3.25, Large Frappes - Strawberries & Cream - 3.25",14.65,CASH,
18/12/2024 12:42,London Greenwich,Olga Hernandes,"Large Frappes - Strawberries & Cream - 3.25, Regular Iced americano - 2.15, Large Flavoured iced latte - Caramel - 3.25",8.65,CASH,
18/12/2024 12:45,London Greenwich,Gerald Moats,Large Iced americano - 2.50,2.5,CARD,4463832806829626
18/12/2024 12:47,London Greenwich,Betty Ramsey,"Regular Frappes - Chocolate Cookie - 2.75, Regular Frappes - Chocolate Cookie - 2.75, Large Frappes - Chocolate Cookie - 3.25, Regular Frappes - Strawberries & Cream - 2.75",11.5,CARD,9447228014083072
18/12/2024 12:49,London Greenwich,Gary Vega,"Large Frappes - Chocolate Cookie - 3.25, Regular Latte - 2.15, Large Frappes - Strawberries & Cream - 3.25, Regular Flavoured iced latte - Caramel - 2.75, Large Frappes - Chocolate Cookie - 3.25",14.65,CASH,
18/12/2024 12:51,London Greenwich,Linda Welch,Regular Frappes - Chocolate Cookie - 2.75,2.75,CASH,
18/12/2024 12:53,London Greenwich,Sandra Powell,"Large Frappes - Strawberries & Cream - 3.25, Regular Flavoured iced latte - Caramel - 2.75",6.0,CASH,
18/12/2024 12:56,London Greenwich,Denise Lockhart,"Regular Iced americano - 2.15, Regular Frappes - Strawberries & Cream - 2.75",4.9,CARD,6946447499107583
18/12/2024 12:58,London Greenwich,Marlin Schroeder,"Large Frappes - Chocolate Cookie - 3.25, Large Latte - 2.45, Large Flavoured iced latte - Caramel - 3.25, Large Latte - 2.45, Regular Flavoured iced latte - Caramel - 2.75",14.15,CARD,6583952744322169
18/12/2024 13:00,London Greenwich,Gladys Kroll,"Large Frappes - Chocolate Cookie - 3.25, Regular Iced americano - 2.15, Regular Flavoured iced latte - Caramel - 2.75",8.15,CARD,9503742972784045
18/12/2024 13:01,London Greenwich,Michelle Propst,Large Frappes - Chocolate Cookie - 3.25,3.25,CARD,6195831124566118
18/12/2024 13:02,London Greenwich,Rose Cook,Large Latte - 2.45,2.45,CARD,1053837524254395
18/12/2024 13:03,London Greenwich,Paul Gatlin,"Regular Frappes - Chocolate Cookie - 2.75, Regular Frappes - Chocolate Cookie - 2.75",5.5,CARD,8592059691520612
18/12/2024 13:04,London Greenwich,Richard Hale,"Large Latte - 2.45, Regular Frappes - Strawberries & Cream - 2.75, Large Latte - 2.45, Large Latte - 2.45, Regular Latte - 2.15",12.25,CASH,
18/12/2024 13:05,London Greenwich,Marie Bouy,"Large Flavoured iced latte - Caramel - 3.25, Regular Iced americano - 2.15, Regular Frappes - Chocolate Cookie - 2.75, Regular Latte - 2.15",10.3,CARD,9054685310231813
18/12/2024 13:06,London Greenwich,Doris Bocanegra,"Regular Frappes - Strawberries & Cream - 2.75, Regular Iced americano - 2.15",4.9,CARD,3444777167102987
18/12/2024 13:07,London Greenwich,Stephen Gallagher,"Regular Iced americano - 2.15, Large Flavoured iced latte - Caramel - 3.25",5.4,CARD,8028366065568246
18/12/2024 13:08,London Greenwich,Lucille Duff,Large Latte - 2.45,2.45,CARD,9108077960321852
18/12/2024 13:09,London Greenwich,Lucio Miller,"Large Flavoured iced latte - Caramel - 3.25, Regular Flavoured iced latte - Caramel - 2.75",6.0,CARD,8624728712938182
18/12/2024 13:10,London Greenwich,Alberta Barbagallo,Regular Iced americano - 2.15,2.15,CARD,1707376655531619
18/12/2024 13:11,London Greenwich,Ezra Danek,"Regular Frappes - Strawberries & Cream - 2.75, Regular Frappes - Strawberries & Cream - 2.75, Large Flavoured iced latte - Caramel - 3.25, Regular Frappes - Chocolate Cookie - 2.75",11.5,CASH,
18/12/2024 13:11,London Greenwich,Jessica Phelps,Regular Latte - 2.15,2.15,CARD,8642784357795336
18/12/2024 13:12,London Greenwich,Barbara Legarreta,"Large Flavoured iced latte - Caramel - 3.25, Regular Iced americano - 2.15",5.4,CARD,9111142735051979
18/12/2024 13:13,London Greenwich,Marjorie Polk,"Large Flavoured iced latte - Caramel - 3.25, Large Iced americano - 2.50",5.75,CARD,7344765070064155
18/12/2024 13:14,London Greenwich,Betty Brailey,"Large Latte - 2.45, Large Flavoured iced latte - Caramel - 3.25",5.7,CASH,
18/12/2024 13:15,London Greenwich,Judy Dols,"Regular Iced americano - 2.15, Regular Flavoured iced latte - Caramel - 2.75",4.9,CARD,8902813937130973
18/12/2024 13:16,London Greenwich,James Campanile,"Large Frappes - Chocolate Cookie - 3.25, Regular Flavoured iced latte - Caramel - 2.75, Regular Latte - 2.15",8.15,CARD,4002978550568611
18/12/2024 13:17,London Greenwich,Gregory Hodde,"Large Flavoured iced latte - Caramel - 3.25, Large Frappes - Strawberries & Cream - 3.25, Regular Frappes - Chocolate Cookie - 2.75, Large Frappes - Chocolate Cookie - 3.25, Regular Frappes - Chocolate Cookie - 2.75, Large Frappes - Strawberries & Cream - 3.25",18.5,CARD,3258826053057897
18/12/2024 13:18,London Greenwich,Steven Barber,"Large Flavoured iced latte - Caramel - 3.25, Regular Flavoured iced latte - Caramel - 2.75",6.0,CASH,
18/12/2024 13:19,London Greenwich,Wilma Farias,"Regular Flavoured iced latte - Caramel - 2.75, Regular Latte - 2.15, Regular Latte - 2.15",7.05,CARD,9990674616203910
18/12/2024 13:20,London Greenwich,Joseph Kemp,"Regular Flavoured iced latte - Caramel - 2.75, Regular Flavoured iced latte - Caramel - 2.75, Regular Iced americano - 2.15",7.65,CASH,
18/12/2024 13:21,London Greenwich,Jack Henry,Regular Frappes - Strawberries & Cream - 2.75,2.75,CARD,6558843265659529
18/12/2024 13:22,London Greenwich,David Tiger,"Large Flavoured iced latte - Caramel - 3.25, Large Flavoured iced latte - Caramel - 3.25, Regular Iced americano - 2.15, Large Flavoured iced latte - Caramel - 3.25, Regular Frappes - Chocolate Cookie - 2.75",14.65,CARD,2364979697620009
18/12/2024 13:23,London Greenwich,David Robertson,"Regular Latte - 2.15, Regular Frappes - Strawberries & Cream - 2.75",4.9,CARD,1397375398101511
18/12/2024 13:24,London Greenwich,Michael Valencia,Regular Frappes - Strawberries & Cream - 2.75,2.75,CARD,6478836545355785
18/12/2024 13:25,London Greenwich,Patricia Cochran,"Large Flavoured iced latte - Caramel - 3.25, Regular Frappes - Strawberries & Cream - 2.75, Large Frappes - Chocolate Cookie - 3.25, Regular Frappes - Strawberries & Cream - 2.75, Large Iced americano - 2.50",14.5,CARD,6086504074663012
18/12/2024 13:26,London Greenwich,Sarah Dingle,"Regular Flavoured iced latte - Caramel - 2.75, Large Frappes - Chocolate Cookie - 3.25, Large Frappes - Strawberries & Cream - 3.25, Large Flavoured iced latte - Caramel - 3.25, Large Frappes - Strawberries & Cream - 3.25, Large Flavoured iced latte - Caramel - 3.25",19.0,CASH,
18/12/2024 13:27,London Greenwich,Brett Carey,Regular Latte - 2.15,2.15,CARD,9449643944141326
18/12/2024 13:28,London Greenwich,David Barnett,"Regular Frappes - Strawberries & Cream - 2.75, Regular Flavoured iced latte - Caramel - 2.75, Regular Latte - 2.15, Regular Frappes - Strawberries & Cream - 2.75, Large Frappes - Chocolate Cookie - 3.25",13.65,CASH,
18/12/2024 13:29,London Greenwich,Ramon Somerville,Regular Iced americano - 2.15,2.15,CARD,8860354559308745
18/12/2024 13:30,London Greenwich,David Drake,"Regular Frappes - Strawberries & Cream - 2.75, Regular Frappes - Strawberries & Cream - 2.75, Regular Frappes - Strawberries & Cream - 2.75",8.25,CARD,4484202655301912
18/12/2024 13:30,London Greenwich,Judith Smith,Large Flavoured iced latte - Caramel - 3.25,3.25,CARD,5570751197445333
18/12/2024 13:31,London Greenwich,Nicholas Stephenson,"Regular Iced americano - 2.15, Regular Flavoured iced latte - Caramel - 2.75, Regular Flavoured iced latte - Caramel - 2.75",7.65,CARD,2661010435090508
18/12/2024 13:32,London Greenwich,Kristen Bailey,"Regular Flavoured iced latte - Caramel - 2.75, Large Latte - 2.45, Regular Flavoured iced latte - Caramel - 2.75",7.95,CARD,1402459941784929
18/12/2024 13:33,London Greenwich,Christopher Jason,"Regular Frappes - Chocolate Cookie - 2.75, Large Frappes - Strawberries & Cream - 3.25, Regular Flavoured iced latte - Caramel - 2.75, Large Iced americano - 2.50",11.25,CASH,
18/12/2024 13:34,London Greenwich,Dianne Roberts,Large Frappes - Strawberries & Cream - 3.25,3.25,CARD,7269918392352436
18/12/2024 13:35,London Greenwich,Carol Gibson,Regular Flavoured iced latte - Caramel - 2.75,2.75,CARD,2143454652464890
18/12/2024 13:36,London Greenwich,Jeffrey Noel,"Regular Frappes - Chocolate Cookie - 2.75, Regular Frappes - Strawberries & Cream - 2.75, Regular Iced americano - 2.15, Regular Iced americano - 2.15, Regular Latte - 2.15",11.95,CASH,
18/12/2024 13:37,London Greenwich,Columbus Mayes,"Regular Frappes - Chocolate Cookie - 2.75, Regular Iced americano - 2.15, Regular Frappes - Strawberries & Cream - 2.75",7.65,CARD,6236024484171201
18/12/2024 13:38,London Greenwich,William Burger,"Regular Latte - 2.15, Regular Latte - 2.15, Large Latte - 2.45",6.75,CARD,6428263627971578
18/12/2024 13:39,London Greenwich,Marion Matos,"Regular Flavoured iced latte - Caramel - 2.75, Large Latte - 2.45",5.2,CASH,
18/12/2024 13:40,London Greenwich,Kathleen Lamb,"Large Latte - 2.45, Regular Frappes - Strawberries & Cream - 2.75, Regular Latte - 2.15",7.35,CASH,
18/12/2024 13:41,London Greenwich,Christopher Browne,"Large Iced americano - 2.50, Large Flavoured iced latte - Caramel - 3.25",5.75,CARD,3067440162622229
18/12/2024 13:42,London Greenwich,Yvonne Davis,"Regular Flavoured iced latte - Caramel - 2.75, Large Latte - 2.45",5.2,CASH,
18/12/2024 13:43,London Greenwich,Christine Livingstone,"Regular Latte - 2.15, Regular Frappes - Chocolate Cookie - 2.75, Regular Latte - 2.15",7.05,CARD,3639778847019868
18/12/2024 13:44,London Greenwich,Maurice Barnett,"Large Frappes - Strawberries & Cream - 3.25, Large Frappes - Strawberries & Cream - 3.25, Regular Flavoured iced latte - Caramel - 2.75",9.25,CASH,
18/12/2024 13:45,London Greenwich,Betty Isaacson,"Regular Frappes - Strawberries & Cream - 2.75, Large Latte - 2.45, Regular Iced americano - 2.15",7.35,CARD,2630784614234556
18/12/2024 13:46,London Greenwich,Adam Abadie,"Regular Latte - 2.15, Large Frappes - Strawberries & Cream - 3.25, Large Latte - 2.45, Regular Flavoured iced latte - Caramel - 2.75, Regular Flavoured iced latte - Caramel - 2.75",13.35,CASH,
18/12/2024 13:47,London Greenwich,Paul Sanders,"Regular Latte - 2.15, Regular Frappes - Strawberries & Cream - 2.75, Regular Iced americano - 2.15",7.05,CARD,5878817564996634
18/12/2024 13:48,London Greenwich,Richard Rivera,"Regular Latte - 2.15, Regular Frappes - Strawberries & Cream - 2.75",4.9,CARD,9246690887489859
18/12/2024 13:49,London Greenwich,Rene Volz,"Large Flavoured iced latte - Caramel - 3.25, Large Flavoured iced latte - Caramel - 3.25",6.5,CARD,5340559486677202
18/12/2024 13:49,London Greenwich,Christopher Masom,"Regular Flavoured iced latte - Caramel - 2.75, Large Latte - 2.45, Large Frappes - Chocolate Cookie - 3.25, Large Frappes - Strawberries & Cream - 3.25, Large Frappes - Chocolate Cookie - 3.25, Large Frappes - Chocolate Cookie - 3.25",18.2,CARD,8413713170322929
18/12/2024 13:50,London Greenwich,James Keely,Large Latte - 2.45,2.45,CARD,6914509487399371
18/12/2024 13:51,London Greenwich,Clarence Myers,"Regular Flavoured iced latte - Caramel - 2.75, Large Frappes - Chocolate Cookie - 3.25, Regular Frappes - Chocolate Cookie - 2.75, Large Latte - 2.45",11.2,CARD,7399390879909087
18/12/2024 13:52,London Greenwich,Greg Davis,Large Flavoured iced latte - Caramel - 3.25,3.25,CARD,2411852412772210
18/12/2024 13:53,London Greenwich,Ronald Delarosa,"Large Frappes - Chocolate Cookie - 3.25, Regular Iced americano - 2.15, Regular Flavoured iced latte - Caramel - 2.75, Large Flavoured iced latte - Caramel - 3.25",11.4,CARD,3216893582496577
18/12/2024 13:54,London Greenwich,Darlene Jimenez,"Large Latte - 2.45, Large Flavoured iced latte - Caramel - 3.25, Large Flavoured iced latte - Caramel - 3.25, Large Flavoured iced latte - Caramel - 3.25",12.2,CASH,
18/12/2024 13:55,London Greenwich,Christopher Weston,"Large Iced americano - 2.50, Large Iced americano - 2.50",5.0,CARD,6750568994525147
18/12/2024 13:56,London Greenwich,Priscilla Oatney,"Large Flavoured iced latte - Caramel - 3.25, Regular Latte - 2.15, Large Flavoured iced latte - Caramel - 3.25, Large Latte - 2.45, Regular Flavoured iced latte - Caramel - 2.75, Large Flavoured iced latte - Caramel - 3.25",17.1,CARD,1203886808814568
18/12/2024 13:57,London Greenwich,Charles Harding,Large Latte - 2.45,2.45,CARD,6184654214765092
18/12/2024 13:58,London Greenwich,Angela Moak,Regular Frappes - Strawberries & Cream - 2.75,2.75,CASH,
18/12/2024 13:59,London Greenwich,Steven Brown,"Large Latte - 2.45, Regular Latte - 2.15, Regular Flavoured iced latte - Caramel - 2.75",7.35,CARD,3025357309439917
18/12/2024 14:00,London Greenwich,Howard Holter,"Regular Frappes - Chocolate Cookie - 2.75, Regular Frappes - Strawberries & Cream - 2.75, Large Latte - 2.45",7.95,CARD,6105131204006208
18/12/2024 14:01,London Greenwich,Christin Phillips,Regular Frappes - Strawberries & Cream - 2.75,2.75,CASH,
18/12/2024 14:02,London Greenwich,Ernestine Davis,"Regular Flavoured iced latte - Caramel - 2.75, Regular Frappes - Strawberries & Cream - 2.75",5.5,CARD,1580268459532921
18/12/2024 14:03,London Greenwich,Moises Dupuis,Large Iced americano - 2.50,2.5,CARD,1689287935384584
18/12/2024 14:04,London Greenwich,Mary Simmons,"Large Latte - 2.45, Regular Frappes - Strawberries & Cream - 2.75, Large Iced americano - 2.50",7.7,CASH,
18/12/2024 14:05,London Greenwich,Richard Castello,"Regular Iced americano - 2.15, Large Frappes - Chocolate Cookie - 3.25, Regular Iced americano - 2.15, Regular Flavoured iced latte - Caramel - 2.75",10.3,CASH,
18/12/2024 14:06,London Greenwich,Heather Brown,"Regular Latte - 2.15, Large Iced americano - 2.50, Large Latte - 2.45, Regular Iced americano - 2.15",9.25,CARD,2792527008273912
18/12/2024 14:07,London Greenwich,Mary Cyphers,"Large Frappes - Strawberries & Cream - 3.25, Large Flavoured iced latte - Caramel - 3.25, Regular Latte - 2.15, Regular Latte - 2.15",10.8,CARD,5158320188673860
18/12/2024 14:08,London Greenwich,Jaime Porter,"Regular Frappes - Strawberries & Cream - 2.75, Regular Iced americano - 2.15, Regular Latte - 2.15, Regular Frappes - Strawberries & Cream - 2.75, Large Flavoured iced latte - Caramel - 3.25, Regular Frappes - Strawberries & Cream - 2.75",15.8,CASH,
18/12/2024 14:08,London Greenwich,Robert Amick,"Regular Frappes - Chocolate Cookie - 2.75, Regular Latte - 2.15, Large Frappes - Strawberries & Cream - 3.25",8.15,CASH,
18/12/2024 14:09,London Greenwich,Martha Ewen,Large Iced americano - 2.50,2.5,CARD,9171761296275170
18/12/2024 14:10,London Greenwich,Philip Henry,"Large Latte - 2.45, Regular Flavoured iced latte - Caramel - 2.75, Regular Latte - 2.15",7.35,CARD,6517957110665194
18/12/2024 14:11,London Greenwich,Cynthia Duncan,"Large Frappes - Chocolate Cookie - 3.25, Regular Latte - 2.15",5.4,CASH,
18/12/2024 14:12,London Greenwich,Evelyn Sanders,"Large Iced americano - 2.50, Regular Frappes - Strawberries & Cream - 2.75",5.25,CARD,3515690949101190
18/12/2024 14:13,London Greenwich,Elena Diamond,"Large Iced americano - 2.50, Regular Iced americano - 2.15, Regular Flavoured iced latte - Caramel - 2.75",7.4,CARD,3288229806008808
18/12/2024 14:14,London Greenwich,Dennis Snyder,"Regular Frappes - Strawberries & Cream - 2.75, Regular Latte - 2.15, Large Frappes - Strawberries & Cream - 3.25",8.15,CARD,7443853383702610
18/12/2024 14:15,London Greenwich,Annie Smith,"Regular Latte - 2.15, Large Frappes - Strawberries & Cream - 3.25",5.4,CARD,6822992647074084
18/12/2024 14:16,London Greenwich,Sarah Cox,Regular Frappes - Chocolate Cookie - 2.75,2.75,CARD,5916761621024624
18/12/2024 14:17,London Greenwich,Stanley Stevenson,"Regular Latte - 2.15, Regular Frappes - Strawberries & Cream - 2.75, Regular Latte - 2.15, Large Flavoured iced latte - Caramel - 3.25",10.3,CARD,6811018976493401
18/12/2024 14:18,London Greenwich,Manuel Peterson,"Large Frappes - Strawberries & Cream - 3.25, Large Latte - 2.45, Regular Frappes - Strawberries & Cream - 2.75, Regular Flavoured iced latte - Caramel - 2.75, Large Frappes - Chocolate Cookie - 3.25",14.45,CASH,
18/12/2024 14:19,London Greenwich,Patricia Pena,"Large Flavoured iced latte - Caramel - 3.25, Regular Frappes - Chocolate Cookie - 2.75, Regular Iced americano - 2.15",8.15,CASH,
18/12/2024 14:20,London Greenwich,Cynthia Marc,"Regular Iced americano - 2.15, Regular Frappes - Chocolate Cookie - 2.75",4.9,CARD,8450710769190697
18/12/2024 14:21,London Greenwich,Edna Logan,"Regular Frappes - Strawberries & Cream - 2.75, Large Frappes - Strawberries & Cream - 3.25, Regular Flavoured iced latte - Caramel - 2.75, Regular Latte - 2.15",10.9,CARD,7765350084292329
18/12/2024 14:22,London Greenwich,Nicholas Johnson,Regular Iced americano - 2.15,2.15,CARD,9697408000710309
18/12/2024 14:23,London Greenwich,Lonnie Miller,"Large Flavoured iced latte - Caramel - 3.25, Regular Frappes - Chocolate Cookie - 2.75, Large Frappes - Chocolate Cookie - 3.25, Large Frappes - Strawberries & Cream - 3.25, Regular Frappes - Strawberries & Cream - 2.75, Large Latte - 2.45",17.7,CARD,1166458136418572
18/12/2024 14:24,London Greenwich,Sally Mayberry,"Regular Frappes - Strawberries & Cream - 2.75, Large Flavoured iced latte - Caramel - 3.25, Regular Iced americano - 2.15",8.15,CARD,3268242547473656
18/12/2024 14:25,London Greenwich,Armando Earls,Regular Flavoured iced latte - Caramel - 2.75,2.75,CARD,9137378745714745
18/12/2024 14:26,London Greenwich,Maria Thrower,"Regular Frappes - Chocolate Cookie - 2.75, Large Flavoured iced latte - Caramel - 3.25",6.0,CARD,6263895498502567
18/12/2024 14:27,London Greenwich,Clifton Esquivel,Large Frappes - Chocolate Cookie - 3.25,3.25,CARD,2616563385701015
18/12/2024 14:27,London Greenwich,Elizabeth Nunmaker,"Regular Flavoured iced latte - Caramel - 2.75, Large Frappes - Strawberries & Cream - 3.25, Large Flavoured iced latte - Caramel - 3.25",9.25,CARD,1734530552642198
18/12/2024 14:28,London Greenwich,Tammy Spence,"Large Iced americano - 2.50, Large Latte - 2.45",4.95,CARD,8654248981093277
18/12/2024 14:29,London Greenwich,Constance Jones,Regular Latte - 2.15,2.15,CASH,
18/12/2024 14:30,London Greenwich,Maria Napier,"Regular Latte - 2.15, Large Latte - 2.45, Regular Flavoured iced latte - Caramel - 2.75",7.35,CASH,
18/12/2024 14:31,London Greenwich,George Miller,Large Frappes - Strawberries & Cream - 3.25,3.25,CASH,
18/12/2024 14:32,London Greenwich,William Mceachern,"Large Latte - 2.45, Large Latte - 2.45, Large Latte - 2.45, Large Frappes - Strawberries & Cream - 3.25",10.6,CARD,5642446979207421
18/12/2024 14:33,London Greenwich,Gerard Heater,Regular Flavoured iced latte - Caramel - 2.75,2.75,CARD,5155576857960913
18/12/2024 14:34,London Greenwich,Gene Nolan,"Large Iced americano - 2.50, Regular Frappes - Strawberries & Cream - 2.75",5.25,CARD,9405384980229660
18/12/2024 14:35,London Greenwich,Sandra Cheek,Regular Flavoured iced latte - Caramel - 2.75,2.75,CARD,8509648333212691
18/12/2024 14:36,London Greenwich,Monica Kujawski,"Regular Frappes - Strawberries & Cream - 2.75, Large Flavoured iced latte - Caramel - 3.25, Large Latte - 2.45",8.45,CARD,6238646632903549
18/12/2024 14:37,London Greenwich,Randy Dunigan,Large Frappes - Strawberries & Cream - 3.25,3.25,CARD,6205359441657124
18/12/2024 14:38,London Greenwich,Susan William,"Large Frappes - Chocolate Cookie - 3.25, Regular Frappes - Chocolate Cookie - 2.75, Large Flavoured iced latte - Caramel - 3.25, Large Latte - 2.45",11.7,CASH,
18/12/2024 14:39,London Greenwich,David Natera,"Large Latte - 2.45, Regular Latte - 2.15, Regular Iced americano - 2.15",6.75,CARD,9867326633416018
18/12/2024 14:40,London Greenwich,Evelyn Lipp,"Regular Frappes - Chocolate Cookie - 2.75, Large Frappes - Strawberries & Cream - 3.25, Regular Latte - 2.15",8.15,CASH,
18/12/2024 14:41,London Greenwich,Edna Wick,"Regular Iced americano - 2.15, Regular Flavoured iced latte - Caramel - 2.75, Regular Flavoured iced latte - Caramel - 2.75, Regular Latte - 2.15",9.8,CARD,1046476915820210
18/12/2024 14:42,London Greenwich,Arthur Kearns,Large Frappes - Chocolate Cookie - 3.25,3.25,CARD,6702385191793230
18/12/2024 14:43,London Greenwich,David Holmes,"Large Latte - 2.45, Large Flavoured iced latte - Caramel - 3.25, Regular Latte - 2.15",7.85,CARD,1887352076152660
18/12/2024 14:44,London Greenwich,Santos Biggs,Regular Flavoured iced latte - Caramel - 2.75,2.75,CARD,7983619779406878
18/12/2024 14:45,London Greenwich,Rudolph Lawrence,"Large Frappes - Chocolate Cookie - 3.25, Large Latte - 2.45",5.7,CARD,3295089112974611
18/12/2024 14:46,London Greenwich,Karen Thomson,"Large Frappes - Strawberries & Cream - 3.25, Large Latte - 2.45",5.7,CASH,
18/12/2024 14:46,London Greenwich,Ronald Likens,"Regular Latte - 2.15, Regular Iced americano - 2.15",4.3,CARD,7279129643411777
18/12/2024 14:47,London Greenwich,Jessica Henesey,"Large Iced americano - 2.50, Large Flavoured iced latte - Caramel - 3.25, Regular Latte - 2.15, Regular Iced americano - 2.15, Regular Latte - 2.15",12.2,CARD,4352281260242805
18/12/2024 14:48,London Greenwich,Jeffrey Clark,"Regular Frappes - Strawberries & Cream - 2.75, Large Frappes - Chocolate Cookie - 3.25, Large Latte - 2.45, Large Iced americano - 2.50, Regular Frappes - Strawberries & Cream - 2.75",13.7,CASH,
18/12/2024 14:49,London Greenwich,Darlene Guidry,Large Frappes - Chocolate Cookie - 3.25,3.25,CARD,5789641181854987
18/12/2024 14:50,London Greenwich,Kelly Pawlicki,"Large Latte - 2.45, Regular Frappes - Strawberries & Cream - 2.75",5.2,CARD,9151756440495606
18/12/2024 14:51,London Greenwich,Steven Porter,"Large Frappes - Chocolate Cookie - 3.25, Regular Latte - 2.15, Large Frappes - Strawberries & Cream - 3.25",8.65,CARD,7087978968194579
18/12/2024 14:52,London Greenwich,Betty Rose,"Large Frappes - Strawberries & Cream - 3.25, Regular Frappes - Strawberries & Cream - 2.75",6.0,CASH,
18/12/2024 14:53,London Greenwich,Amanda Henderson,"Large Iced americano - 2.50, Large Frappes - Strawberries & Cream - 3.25, Large Flavoured iced latte - Caramel - 3.25",9.0,CASH,
18/12/2024 14:54,London Greenwich,Christian Wheeler,Large Latte - 2.45,2.45,CARD,4751926404141309
18/12/2024 14:55,London Greenwich,Chris Titus,"Regular Flavoured iced latte - Caramel - 2.75, Regular Frappes - Chocolate Cookie - 2.75, Regular Flavoured iced latte - Caramel - 2.75, Large Flavoured iced latte - Caramel - 3.25, Large Iced americano - 2.50",14.0,CASH,
18/12/2024 14:56,London Greenwich,Anthony Zapata,"Large Flavoured iced latte - Caramel - 3.25, Regular Flavoured iced latte - Caramel - 2.75",6.0,CASH,
18/12/2024 14:57,London Greenwich,Shawn Walker,Large Flavoured iced latte - Caramel - 3.25,3.25,CARD,7519640829355423
18/12/2024 14:58,London Greenwich,Edward Mason,"Large Frappes - Strawberries & Cream - 3.25, Large Iced americano - 2.50, Large Latte - 2.45, Regular Flavoured iced latte - Caramel - 2.75",10.95,CARD,2714074117183294
18/12/2024 14:59,London Greenwich,Gerard Nash,"Large Flavoured iced latte - Caramel - 3.25, Large Flavoured iced latte - Caramel - 3.25, Regular Flavoured iced latte - Caramel - 2.75, Regular Frappes - Chocolate Cookie - 2.75, Large Frappes - Chocolate Cookie - 3.25",15.25,CASH,
18/12/2024 15:00,London Greenwich,David Windham,"Large Frappes - Strawberries & Cream - 3.25, Regular Frappes - Strawberries & Cream - 2.75",6.0,CARD,6033012917226375
18/12/2024 15:01,London Greenwich,Christina Noel,"Large Latte - 2.45, Regular Flavoured iced latte - Caramel - 2.75, Regular Frappes - Chocolate Cookie - 2.75",7.95,CASH,
18/12/2024 15:03,London Greenwich,Deanna Sieberg,"Large Flavoured iced latte - Caramel - 3.25, Large Iced americano - 2.50, Regular Frappes - Chocolate Cookie - 2.75, Large Latte - 2.45",10.95,CASH,
18/12/2024 15:04,London Greenwich,Clinton Johnson,"Regular Frappes - Strawberries & Cream - 2.75, Regular Frappes - Strawberries & Cream - 2.75",5.5,CARD,6014163077463401
18/12/2024 15:05,London Greenwich,Ruben Nichols,"Large Frappes - Chocolate Cookie - 3.25, Large Frappes - Chocolate Cookie - 3.25, Regular Flavoured iced latte - Caramel - 2.75",9.25,CARD,5860098691756782
18/12/2024 15:07,London Greenwich,Matthew Marsh,"Large Frappes - Chocolate Cookie - 3.25, Regular Frappes - Chocolate Cookie - 2.75, Regular Latte - 2.15, Regular Latte - 2.15",10.3,CARD,2461222637557629
18/12/2024 15:08,London Greenwich,Trent Mckinsey,Regular Flavoured iced latte - Caramel - 2.75,2.75,CASH,
18/12/2024 15:09,London Greenwich,Ben Marchese,"Large Latte - 2.45, Regular Frappes - Strawberries & Cream - 2.75, Regular Flavoured iced latte - Caramel - 2.75",7.95,CARD,6573132165158229
18/12/2024 15:11,London Greenwich,Gaston Alexander,Large Frappes - Strawberries & Cream - 3.25,3.25,CASH,
18/12/2024 15:12,London Greenwich,Mildred Brading,"Regular Frappes - Strawberries & Cream - 2.75, Large Latte - 2.45, Regular Frappes - Strawberries & Cream - 2.75, Regular Iced americano - 2.15",10.1,CARD,4607475057723936
18/12/2024 15:14,London Greenwich,Tammi Lewis,"Regular Frappes - Chocolate Cookie - 2.75, Large Flavoured iced latte - Caramel - 3.25, Large Frappes - Chocolate Cookie - 3.25",9.25,CASH,
18/12/2024 15:15,London Greenwich,George Quezada,Regular Flavoured iced latte - Caramel - 2.75,2.75,CASH,
18/12/2024 15:16,London Greenwich,Jared Teller,Large Flavoured iced latte - Caramel - 3.25,3.25,CASH,
18/12/2024 15:18,London Greenwich,Katie Burrow,"Large Iced americano - 2.50, Large Frappes - Chocolate Cookie - 3.25, Large Frappes - Strawberries & Cream - 3.25, Large Flavoured iced latte - Caramel - 3.25, Regular Latte - 2.15",14.4,CARD,5095013428450846
18/12/2024 15:19,London Greenwich,Blaine Walker,"Regular Latte - 2.15, Regular Iced americano - 2.15",4.3,CARD,3509442430878382
18/12/2024 15:21,London Greenwich,Cindy Goings,"Regular Frappes - Strawberries & Cream - 2.75, Large Flavoured iced latte - Caramel - 3.25, Large Latte - 2.45, Large Frappes - Chocolate Cookie - 3.25",11.7,CARD,2211321441487954
18/12/2024 15:22,London Greenwich,Daniel Martineau,"Large Frappes - Strawberries & Cream - 3.25, Large Iced americano - 2.50, Large Frappes - Strawberries & Cream - 3.25, Large Frappes - Chocolate Cookie - 3.25",12.25,CASH,
18/12/2024 15:23,London Greenwich,Daisy Poulton,Regular Latte - 2.15,2.15,CARD,2320820275051530
18/12/2024 15:25,London Greenwich,Kevin Cyrus,Large Flavoured iced latte - Caramel - 3.25,3.25,CARD,3724467269506704
18/12/2024 15:26,London Greenwich,Sophia Luna,Large Flavoured iced latte - Caramel - 3.25,3.25,CARD,1810588763556660
18/12/2024 15:27,London Greenwich,Joy Irby,"Large Latte - 2.45, Regular Iced americano - 2.15, Regular Flavoured iced latte - Caramel - 2.75, Regular Frappes - Strawberries & Cream - 2.75",10.1,CARD,7449487634759279
18/12/2024 15:29,London Greenwich,Zachary Ahrenholtz,"Regular Iced americano - 2.15, Large Flavoured iced latte - Caramel - 3.25, Regular Flavoured iced latte - Caramel - 2.75",8.15,CASH,
18/12/2024 15:30,London Greenwich,Helen Mitchell,"Regular Iced americano - 2.15, Large Iced americano - 2.50, Large Flavoured iced latte - Caramel - 3.25",7.9,CARD,9474983135758240
18/12/2024 15:32,London Greenwich,James Montgomery,Large Flavoured iced latte - Caramel - 3.25,3.25,CASH,
18/12/2024 15:33,London Greenwich,John Miller,Regular Frappes - Chocolate Cookie - 2.75,2.75,CARD,1042122017234109
18/12/2024 15:34,London Greenwich,Kathleen Dyer,"Large Frappes - Chocolate Cookie - 3.25, Regular Frappes - Chocolate Cookie - 2.75, Regular Flavoured iced latte - Caramel - 2.75, Large Iced americano - 2.50, Large Flavoured iced latte - Caramel - 3.25, Large Flavoured iced latte - Caramel - 3.25",17.75,CASH,
18/12/2024 15:36,London Greenwich,Mary Robinson,"Regular Frappes - Chocolate Cookie - 2.75, Regular Frappes - Strawberries & Cream - 2.75, Regular Frappes - Chocolate Cookie - 2.75, Large Frappes - Strawberries & Cream - 3.25",11.5,CARD,9522870902609052
18/12/2024 15:37,London Greenwich,Dave Frazier,Regular Frappes - Strawberries & Cream - 2.75,2.75,CARD,5570270655867507
18/12/2024 15:38,London Greenwich,Marion Alvarez,Large Frappes - Chocolate Cookie - 3.25,3.25,CASH,
18/12/2024 15:40,London Greenwich,Connie Roberson,"Regular Iced americano - 2.15, Large Flavoured iced latte - Caramel - 3.25, Regular Latte - 2.15, Regular Latte - 2.15, Large Frappes - Chocolate Cookie - 3.25",12.95,CARD,1514288906293782
18/12/2024 15:41,London Greenwich,Beverly Santistevan,Large Latte - 2.45,2.45,CARD,5993126954669238
18/12/2024 15:43,London Greenwich,Jay Hassett,"Large Frappes - Strawberries & Cream - 3.25, Large Frappes - Strawberries & Cream - 3.25",6.5,CARD,3982611858889446
18/12/2024 15:44,London Greenwich,Mike Deane,"Regular Frappes - Strawberries & Cream - 2.75, Regular Frappes - Strawberries & Cream - 2.75",5.5,CARD,6926635980728671
18/12/2024 15:45,London Greenwich,Steven Sansburn,"Large Iced americano - 2.50, Large Latte - 2.45, Regular Flavoured iced latte - Caramel - 2.75, Regular Iced americano - 2.15, Large Iced americano - 2.50",12.35,CARD,2187359794983723
18/12/2024 15:47,London Greenwich,Carol Ramp,"Large Iced americano - 2.50, Large Frappes - Strawberries & Cream - 3.25, Large Frappes - Chocolate Cookie - 3.25, Large Latte - 2.45",11.45,CARD,3049858004649523
18/12/2024 15:48,London Greenwich,Wayne Clark,Regular Flavoured iced latte - Caramel - 2.75,2.75,CASH,
18/12/2024 15:50,London Greenwich,Clarence Hairfield,"Regular Frappes - Chocolate Cookie - 2.75, Large Latte - 2.45, Large Iced americano - 2.50",7.7,CARD,5549579866788437
18/12/2024 15:51,London Greenwich,Stella Croteau,"Regular Iced americano - 2.15, Regular Frappes - Strawberries & Cream - 2.75",4.9,CASH,
18/12/2024 15:52,London Greenwich,Steven Stodden,"Regular Frappes - Strawberries & Cream - 2.75, Large Flavoured iced latte - Caramel - 3.25, Large Latte - 2.45, Large Frappes - Strawberries & Cream - 3.25, Large Frappes - Chocolate Cookie - 3.25, Regular Frappes - Strawberries & Cream - 2.75",17.7,CASH,
18/12/2024 15:54,London Greenwich,Brett Hoover,"Large Latte - 2.45, Regular Frappes - Strawberries & Cream - 2.75",5.2,CARD,1993936549049493
18/12/2024 15:55,London Greenwich,Jose Coffey,"Regular Latte - 2.15, Large Latte - 2.45",4.6,CARD,5844298989948401
18/12/2024 15:56,London Greenwich,Virgie Schrag,"Large Flavoured iced latte - Caramel - 3.25, Regular Iced americano - 2.15, Large Flavoured iced latte - Caramel - 3.25, Large Frappes - Strawberries & Cream - 3.25",11.9,CARD,8133917375258450
18/12/2024 15:58,London Greenwich,Paul Mingle,Regular Flavoured iced latte - Caramel - 2.75,2.75,CASH,
18/12/2024 15:59,London Greenwich,Clyde Red,"Large Frappes - Strawberries & Cream - 3.25, Regular Flavoured iced latte - Caramel - 2.75, Large Flavoured iced latte - Caramel - 3.25",9.25,CARD,6252169104901412
18/12/2024 16:01,London Greenwich,Sylvia Capps,"Large Latte - 2.45, Large Frappes - Strawberries & Cream - 3.25",5.7,CARD,9431757966527606
18/12/2024 16:03,London Greenwich,Homer Weekley,"Large Iced americano - 2.50, Regular Frappes - Strawberries & Cream - 2.75",5.25,CARD,9989639517938447
18/12/2024 16:05,London Greenwich,Nora Garcia,Regular Latte - 2.15,2.15,CARD,6608243963802015
18/12/2024 16:07,London Greenwich,Joseph Brito,"Large Iced americano - 2.50, Large Frappes - Chocolate Cookie - 3.25, Large Iced americano - 2.50, Regular Frappes - Chocolate Cookie - 2.75",11.0,CARD,6412193544212487
18/12/2024 16:09,London Greenwich,Joel Fox,"Regular Frappes - Chocolate Cookie - 2.75, Large Flavoured iced latte - Caramel - 3.25",6.0,CARD,2091641748296338
18/12/2024 16:11,London Greenwich,Barbara Jamison,"Large Flavoured iced latte - Caramel - 3.25, Large Iced americano - 2.50, Regular Frappes - Strawberries & Cream - 2.75, Large Frappes - Strawberries & Cream - 3.25",11.75,CARD,9980878574284881
18/12/2024 16:13,London Greenwich,Dorothy Hefty,Large Latte - 2.45,2.45,CASH,
18/12/2024 16:15,London Greenwich,David Featherstone,"Large Iced americano - 2.50, Large Iced americano - 2.50, Large Frappes - Chocolate Cookie - 3.25, Regular Latte - 2.15, Regular Frappes - Strawberries & Cream - 2.75",13.15,CASH,
18/12/2024 16:17,London Greenwich,James Smith,Large Iced americano - 2.50,2.5,CARD,1365603109127194
18/12/2024 16:19,London Greenwich,Frank Foster,"Regular Flavoured iced latte - Caramel - 2.75, Regular Latte - 2.15, Large Frappes - Strawberries & Cream - 3.25",8.15,CASH,
18/12/2024 16:21,London Greenwich,Joleen Erickson,"Regular Frappes - Chocolate Cookie - 2.75, Regular Latte - 2.15",4.9,CARD,7321556228866174
18/12/2024 16:23,London Greenwich,Lindsay Harold,"Large Flavoured iced latte - Caramel - 3.25, Large Frappes - Strawberries & Cream - 3.25, Large Flavoured iced latte - Caramel - 3.25",9.75,CASH,
18/12/2024 16:25,London Greenwich,Mary Snow,"Regular Frappes - Chocolate Cookie - 2.75, Regular Iced americano - 2.15, Large Frappes - Chocolate Cookie - 3.25",8.15,CASH,
18/12/2024 16:27,London Greenwich,Susan Hartzell,Large Frappes - Strawberries & Cream - 3.25,3.25,CARD,3164312909292378
18/12/2024 16:30,London Greenwich,Daniel Keiser,Large Frappes - Chocolate Cookie - 3.25,3.25,CASH,
18/12/2024 16:32,London Greenwich,Donna Swanigan,"Regular Latte - 2.15, Regular Iced americano - 2.15",4.3,CARD,1147226527017456
18/12/2024 16:34,London Greenwich,John Fernandez,"Large Latte - 2.45, Regular Frappes - Strawberries & Cream - 2.75, Large Flavoured iced latte - Caramel - 3.25, Regular Flavoured iced latte - Caramel - 2.75",11.2,CARD,2329912443703655
18/12/2024 16:36,London Greenwich,Debbie Hardy,"Large Frappes - Chocolate Cookie - 3.25, Regular Flavoured iced latte - Caramel - 2.75, Large Frappes - Chocolate Cookie - 3.25, Large Frappes - Strawberries & Cream - 3.25",12.5,CARD,8507231462086052
18/12/2024 16:38,London Greenwich,Robert Martin,"Regular Flavoured iced latte - Caramel - 2.75, Large Flavoured iced latte - Caramel - 3.25, Large Latte - 2.45, Large Flavoured iced latte - Caramel - 3.25, Regular Iced americano - 2.15",13.85,CASH,
18/12/2024 16:40,London Greenwich,James Wollschlager,Large Iced americano - 2.50,2.5,CARD,5565452609293299
18/12/2024 16:42,London Greenwich,David Hansen,"Large Frappes - Chocolate Cookie - 3.25, Large Flavoured iced latte - Caramel - 3.25, Large Iced americano - 2.50",9.0,CASH,
18/12/2024 16:44,London Greenwich,Carol Gray,"Large Flavoured iced latte - Caramel - 3.25, Large Iced americano - 2.50, Large Flavoured iced latte - Caramel - 3.25",9.0,CARD,4150445073328236
18/12/2024 16:46,London Greenwich,Eugene Tenorio,"Large Frappes - Chocolate Cookie - 3.25, Large Latte - 2.45, Large Latte - 2.45",8.15,CARD,6091050984436978
18/12/2024 16:48,London Greenwich,Mary Sowder,"Regular Frappes - Strawberries & Cream - 2.75, Regular Frappes - Chocolate Cookie - 2.75, Large Flavoured iced latte - Caramel - 3.25, Regular Latte - 2.15, Regular Frappes - Strawberries & Cream - 2.75",13.65,CARD,8781010890141371
18/12/2024 16:50,London Greenwich,Minnie Garrett,"Large Frappes - Strawberries & Cream - 3.25, Regular Flavoured iced latte - Caramel - 2.75",6.0,CASH,
18/12/2024 16:52,London Greenwich,Lida Yeager,"Regular Latte - 2.15, Large Frappes - Chocolate Cookie - 3.25",5.4,CARD,5565123144613162
18/12/2024 16:54,London Greenwich,Colin Sloat,"Large Latte - 2.45, Regular Flavoured iced latte - Caramel - 2.75, Regular Frappes - Strawberries & Cream - 2.75, Regular Iced americano - 2.15",10.1,CARD,9022513150671464
18/12/2024 16:56,London Greenwich,Joel Anderson,"Regular Iced americano - 2.15, Large Frappes - Chocolate Cookie - 3.25, Regular Latte - 2.15, Large Latte - 2.45",10.0,CASH,
18/12/2024 16:58,London Greenwich,Dustin Leonard,"Large Iced americano - 2.50, Regular Flavoured iced latte - Caramel - 2.75, Regular Frappes - Chocolate Cookie - 2.75",8.0,CASH,
18/12/2024 17:01,London Greenwich,Melanie Beren,"Large Latte - 2.45, Regular Flavoured iced latte - Caramel - 2.75, Large Frappes - Strawberries & Cream - 3.25, Regular Iced americano - 2.15",10.6,CARD,5687922729797332
18/12/2024 17:03,London Greenwich,Donald Vanauken,"Regular Iced americano - 2.15, Regular Iced americano - 2.15, Large Iced americano - 2.50",6.8,CARD,4231111706024661
18/12/2024 17:05,London Greenwich,Glenda Claar,Regular Latte - 2.15,2.15,CARD,2357520335742058
18/12/2024 17:07,London Greenwich,Lanny Hier,"Regular Flavoured iced latte - Caramel - 2.75, Regular Frappes - Strawberries & Cream - 2.75, Large Flavoured iced latte - Caramel - 3.25, Large Latte - 2.45, Large Frappes - Strawberries & Cream - 3.25",14.45,CARD,8275164444785727
18/12/2024 17:10,London Greenwich,Jose Page,"Large Iced americano - 2.50, Large Latte - 2.45, Regular Frappes - Chocolate Cookie - 2.75",7.7,CASH,
18/12/2024 17:12,London Greenwich,Sherri Lacasse,"Regular Iced americano - 2.15, Large Flavoured iced latte - Caramel - 3.25, Regular Flavoured iced latte - Caramel - 2.75, Large Frappes - Chocolate Cookie - 3.25",11.4,CARD,2435152000345414
18/12/2024 17:14,London Greenwich,James Gates,"Regular Latte - 2.15, Large Latte - 2.45, Large Iced americano - 2.50",7.1,CARD,5966199680877286
18/12/2024 17:17,London Greenwich,Mark Laramie,"Regular Iced americano - 2.15, Large Flavoured iced latte - Caramel - 3.25",5.4,CASH,
18/12/2024 17:19,London Greenwich,Ross Quinn,"Large Flavoured iced latte - Caramel - 3.25, Large Flavoured iced latte - Caramel - 3.25",6.5,CARD,9721887403583890
18/12/2024 17:21,London Greenwich,Shawn Tucker,Large Frappes - Strawberries & Cream - 3.25,3.25,CARD,7213736328184955
18/12/2024 17:24,London Greenwich,Joshua Fisher,"Regular Flavoured iced latte - Caramel - 2.75, Regular Frappes - Strawberries & Cream - 2.75, Regular Iced americano - 2.15, Regular Iced americano - 2.15",9.8,CASH,
18/12/2024 17:26,London Greenwich,Donnie James,"Regular Flavoured iced latte - Caramel - 2.75, Large Latte - 2.45",5.2,CARD,3280948183973412
18/12/2024 17:28,London Greenwich,Rachel Jones,Regular Frappes - Chocolate Cookie - 2.75,2.75,CARD,1611827424217242
18/12/2024 17:30,London Greenwich,Jacqueline Norris,"Regular Frappes - Strawberries & Cream - 2.75, Regular Flavoured iced latte - Caramel - 2.75, Regular Frappes - Strawberries & Cream - 2.75, Regular Flavoured iced latte - Caramel - 2.75",11.0,CASH,
18/12/2024 17:33,London Greenwich,Cornelia Washburn,"Regular Flavoured iced latte - Caramel - 2.75, Regular Flavoured iced latte - Caramel - 2.75, Regular Flavoured iced latte - Caramel - 2.75",8.25,CARD,1134200682123698
18/12/2024 17:35,London Greenwich,Marcie Fox,"Large Frappes - Strawberries & Cream - 3.25, Large Latte - 2.45, Large Flavoured iced latte - Caramel - 3.25, Regular Latte - 2.15",11.1,CARD,5532517675755009
18/12/2024 17:37,London Greenwich,Kelly Garrett,"Regular Iced americano - 2.15, Large Frappes - Strawberries & Cream - 3.25, Large Flavoured iced latte - Caramel - 3.25, Large Latte - 2.45",11.1,CARD,8338587783007435
18/12/2024 17:40,London Greenwich,Marc Frakes,"Regular Frappes - Strawberries & Cream - 2.75, Regular Flavoured iced latte - Caramel - 2.75",5.5,CARD,5582646196579745
18/12/2024 17:42,London Greenwich,Donna Jimenez,"Regular Flavoured iced latte - Caramel - 2.75, Large Flavoured iced latte - Caramel - 3.25, Regular Flavoured iced latte - Caramel - 2.75",8.75,CARD,3141072821643865
18/12/2024 17:44,London Greenwich,William Dickerson,"Large Frappes - Strawberries & Cream - 3.25, Regular Iced americano - 2.15, Regular Frappes - Strawberries & Cream - 2.75, Large Frappes - Chocolate Cookie - 3.25, Regular Frappes - Strawberries & Cream - 2.75",14.15,CARD,7332179436712880
18/12/2024 17:47,London Greenwich,Carol Griffin,"Large Flavoured iced latte - Caramel - 3.25, Large Flavoured iced latte - Caramel - 3.25, Regular Latte - 2.15",8.65,CASH,
18/12/2024 17:49,London Greenwich,Nathaniel Boone,"Large Iced americano - 2.50, Regular Iced americano - 2.15, Regular Latte - 2.15, Large Frappes - Chocolate Cookie - 3.25",10.05,CARD,6606666383851469
18/12/2024 17:51,London Greenwich,Mark Boyd,"Regular Latte - 2.15, Regular Iced americano - 2.15, Regular Frappes - Strawberries & Cream - 2.75, Large Frappes - Chocolate Cookie - 3.25, Regular Frappes - Strawberries & Cream - 2.75, Regular Frappes - Chocolate Cookie - 2.75",15.8,CARD,9849598956726348
18/12/2024 17:53,London Greenwich,Loree Smith,Regular Flavoured iced latte - Caramel - 2.75,2.75,CARD,6920838556067722
18/12/2024 17:56,London Greenwich,Ruth Johnson,"Regular Flavoured iced latte - Caramel - 2.75, Regular Iced americano - 2.15, Large Frappes - Strawberries & Cream - 3.25, Regular Flavoured iced latte - Caramel - 2.75, Large Frappes - Strawberries & Cream - 3.25",14.15,CASH,
18/12/2024 17:58,London Greenwich,Harold Smith,"Regular Flavoured iced latte - Caramel - 2.75, Regular Frappes - Chocolate Cookie - 2.75",5.5,CASH,
18/12/2024 18:00,London Greenwich,Elizabeth Fuller,"Large Iced americano - 2.50, Large Frappes - Chocolate Cookie - 3.25, Regular Flavoured iced latte - Caramel - 2.75",8.5,CASH,
18/12/2024 18:02,London Greenwich,Rose Massman,"Large Latte - 2.45, Regular Iced americano - 2.15, Regular Iced americano - 2.15, Regular Frappes - Strawberries & Cream - 2.75",9.5,CARD,5024714986577293
18/12/2024 18:04,London Greenwich,Robert Bartholomew,"Regular Frappes - Chocolate Cookie - 2.75, Regular Flavoured iced latte - Caramel - 2.75, Large Frappes - Strawberries & Cream - 3.25",8.75,CARD,5992849814805659
18/12/2024 18:06,London Greenwich,Roger Wikoff,"Regular Latte - 2.15, Regular Flavoured iced latte - Caramel - 2.75",4.9,CARD,8679752694170668
18/12/2024 18:08,London Greenwich,Jeanie Platt,"Large Frappes - Strawberries & Cream - 3.25, Regular Latte - 2.15, Regular Iced americano - 2.15",7.55,CARD,2517827528746306
18/12/2024 18:10,London Greenwich,Mary Henderson,Regular Iced americano - 2.15,2.15,CARD,2131566550337409
18/12/2024 18:12,London Greenwich,Keith Sirmons,"Regular Iced americano - 2.15, Large Flavoured iced latte - Caramel - 3.25, Regular Iced americano - 2.15",7.55,CARD,9381625930390888
18/12/2024 18:14,London Greenwich,James Gomez,Regular Frappes - Strawberries & Cream - 2.75,2.75,CARD,3217697448282323
18/12/2024 18:16,London Greenwich,Julie Golliday,"Large Frappes - Strawberries & Cream - 3.25, Regular Latte - 2.15, Large Latte - 2.45, Regular Frappes - Strawberries & Cream - 2.75",10.6,CARD,3409257458781570
18/12/2024 18:18,London Greenwich,John Stoner,Regular Frappes - Chocolate Cookie - 2.75,2.75,CARD,7369665339949763
18/12/2024 18:20,London Greenwich,Theresa Gray,"Regular Flavoured iced latte - Caramel - 2.75, Large Flavoured iced latte - Caramel - 3.25",6.0,CARD,3437003195384970
18/12/2024 18:22,London Greenwich,Elvis Hollis,"Regular Latte - 2.15, Regular Iced americano - 2.15, Regular Frappes - Strawberries & Cream - 2.75, Regular Flavoured iced latte - Caramel - 2.75, Large Frappes - Strawberries & Cream - 3.25",13.05,CARD,9628878469172316
18/12/2024 18:24,London Greenwich,Susan Hicks,"Large Flavoured iced latte - Caramel - 3.25, Regular Frappes - Chocolate Cookie - 2.75",6.0,CARD,8619545946209325
18/12/2024 18:25,London Greenwich,Teresa Hickman,"Large Frappes - Strawberries & Cream - 3.25, Large Flavoured iced latte - Caramel - 3.25, Large Latte - 2.45, Large Frappes - Strawberries & Cream - 3.25",12.2,CARD,7098494675031309
18/12/2024 18:27,London Greenwich,Johnny King,"Large Latte - 2.45, Large Frappes - Chocolate Cookie - 3.25",5.7,CARD,6596213327585084
18/12/2024 18:29,London Greenwich,Andrew Moreno,"Large Flavoured iced latte - Caramel - 3.25, Large Iced americano - 2.50",5.75,CASH,
18/12/2024 18:31,London Greenwich,Ruby Turkel,"Large Flavoured iced latte - Caramel - 3.25, Regular Latte - 2.15, Regular Frappes - Strawberries & Cream - 2.75, Regular Frappes - Chocolate Cookie - 2.75, Regular Frappes - Chocolate Cookie - 2.75",13.65,CARD,9099279899605220
18/12/2024 18:33,London Greenwich,Cherie Dufault,"Large Iced americano - 2.50, Regular Frappes - Strawberries & Cream - 2.75",5.25,CARD,9855101560285926
18/12/2024 18:35,London Greenwich,Ruth Willis,Large Frappes - Chocolate Cookie - 3.25,3.25,CASH,
18/12/2024 18:37,London Greenwich,Jennifer Henson,"Regular Frappes - Strawberries & Cream - 2.75, Regular Latte - 2.15, Regular Frappes - Chocolate Cookie - 2.75, Large Latte - 2.45, Regular Frappes - Chocolate Cookie - 2.75",12.85,CARD,5554281104212052
18/12/2024 18:39,London Greenwich,Robert Pettiford,"Large Iced americano - 2.50, Large Flavoured iced latte - Caramel - 3.25, Large Iced americano - 2.50, Regular Flavoured iced latte - Caramel - 2.75",11.0,CASH,
18/12/2024 18:41,London Greenwich,Mamie Casey,Regular Latte - 2.15,2.15,CASH,
18/12/2024 18:43,London Greenwich,Jose Matzke,Large Iced americano - 2.50,2.5,CARD,9577228467812082
18/12/2024 18:45,London Greenwich,Jessica Tolliver,"Large Latte - 2.45, Large Frappes - Strawberries & Cream - 3.25",5.7,CASH,
18/12/2024 18:47,London Greenwich,Rodney Whitehead,"Large Flavoured iced latte - Caramel - 3.25, Regular Frappes - Strawberries & Cream - 2.75, Regular Flavoured iced latte - Caramel - 2.75, Large Frappes - Strawberries & Cream - 3.25, Large Latte - 2.45, Regular Flavoured iced latte - Caramel - 2.75",17.2,CARD,9637199447261437
18/12/2024 18:49,London Greenwich,Walter Gilkes,"Large Frappes - Chocolate Cookie - 3.25, Large Frappes - Strawberries & Cream - 3.25, Large Flavoured iced latte - Caramel - 3.25, Large Frappes - Chocolate Cookie - 3.25",13.0,CARD,9808178309447584
18/12/2024 18:51,London Greenwich,Jessica Amezquita,"Large Iced americano - 2.50, Regular Frappes - Strawberries & Cream - 2.75",5.25,CASH,
18/12/2024 18:53,London Greenwich,Sylvia Mckeown,"Large Latte - 2.45, Large Frappes - Strawberries & Cream - 3.25",5.7,CASH,
18/12/2024 18:54,London Greenwich,Cynthia Farrow,"Regular Latte - 2.15, Large Latte - 2.45, Regular Iced americano - 2.15, Large Flavoured iced latte - Caramel - 3.25",10.0,CARD,4774721911630444
18/12/2024 18:56,London Greenwich,Byron Mathis,Large Flavoured iced latte - Caramel - 3.25,3.25,CARD,4916301621873490
18/12/2024 18:58,London Greenwich,Laura Reynolds,"Regular Frappes - Chocolate Cookie - 2.75, Regular Iced americano - 2.15, Large Frappes - Strawberries & Cream - 3.25, Regular Flavoured iced latte - Caramel - 2.75",10.9,CARD,4516106695918446
18/12/2024 19:00,London Greenwich,Francisco Whalen,"Regular Latte - 2.15, Large Iced americano - 2.50, Regular Frappes - Chocolate Cookie - 2.75",7.4,CARD,2026322571472946
18/12/2024 19:02,London Greenwich,Delora Lockwood,"Regular Frappes - Chocolate Cookie - 2.75, Large Flavoured iced latte - Caramel - 3.25",6.0,CARD,6050423943226429
18/12/2024 19:04,London Greenwich,Martin Anderson,"Large Frappes - Chocolate Cookie - 3.25, Regular Iced americano - 2.15, Regular Frappes - Strawberries & Cream - 2.75, Large Iced americano - 2.50, Large Latte - 2.45",13.1,CASH,
18/12/2024 19:06,London Greenwich,Courtney Kirk,"Regular Latte - 2.15, Large Frappes - Chocolate Cookie - 3.25, Regular Latte - 2.15",7.55,CARD,2710591673046928
18/12/2024 19:09,London Greenwich,Tina Frank,"Regular Latte - 2.15, Large Frappes - Strawberries & Cream - 3.25",5.4,CASH,
18/12/2024 19:11,London Greenwich,Edwin Adams,"Large Frappes - Strawberries & Cream - 3.25, Large Frappes - Strawberries & Cream - 3.25, Regular Flavoured iced latte - Caramel - 2.75, Large Frappes - Strawberries & Cream - 3.25, Large Flavoured iced latte - Caramel - 3.25, Regular Frappes - Chocolate Cookie - 2.75",18.5,CARD,2354077029416650
18/12/2024 19:13,London Greenwich,Stephen Syphers,"Regular Frappes - Strawberries & Cream - 2.75, Regular Frappes - Chocolate Cookie - 2.75",5.5,CARD,3680752962937854
18/12/2024 19:15,London Greenwich,Margaret Taylor,"Regular Latte - 2.15, Regular Flavoured iced latte - Caramel - 2.75, Large Latte - 2.45",7.35,CASH,
18/12/2024 19:17,London Greenwich,James Irion,"Regular Frappes - Chocolate Cookie - 2.75, Regular Frappes - Chocolate Cookie - 2.75, Regular Iced americano - 2.15",7.65,CARD,3830468919161459
18/12/2024 19:19,London Greenwich,Arnold Camacho,"Regular Iced americano - 2.15, Regular Frappes - Chocolate Cookie - 2.75, Regular Latte - 2.15, Large Latte - 2.45, Regular Flavoured iced latte - Caramel - 2.75",12.25,CARD,4826442139770670
18/12/2024 19:21,London Greenwich,Milagros Williams,"Regular Iced americano - 2.15, Regular Frappes - Strawberries & Cream - 2.75, Regular Latte - 2.15, Regular Frappes - Chocolate Cookie - 2.75",9.8,CASH,
18/12/2024 19:23,London Greenwich,Melvin Carter,"Large Frappes - Chocolate Cookie - 3.25, Large Latte - 2.45, Regular Frappes - Strawberries & Cream - 2.75",8.45,CARD,1885284754275762
18/12/2024 19:25,London Greenwich,Mary Herauf,"Large Frappes - Strawberries & Cream - 3.25, Large Latte - 2.45, Regular Latte - 2.15",7.85,CARD,3412745735548859
18/12/2024 19:27,London Greenwich,Allen Church,"Large Frappes - Chocolate Cookie - 3.25, Large Frappes - Chocolate Cookie - 3.25",6.5,CARD,9115058446179894
18/12/2024 19:29,London Greenwich,Suzi Vandeventer,"Regular Flavoured iced latte - Caramel - 2.75, Regular Frappes - Strawberries & Cream - 2.75, Large Latte - 2.45, Regular Flavoured iced latte - Caramel - 2.75",10.7,CASH,
18/12/2024 19:31,London Greenwich,Dolores Howard,"Regular Latte - 2.15, Regular Frappes - Strawberries & Cream - 2.75, Large Flavoured iced latte - Caramel - 3.25",8.15,CASH,
18/12/2024 19:33,London Greenwich,Claude Hill,"Large Frappes - Strawberries & Cream - 3.25, Large Latte - 2.45",5.7,CARD,7600374319038759
18/12/2024 19:35,London Greenwich,Travis Smith,"Regular Frappes - Strawberries & Cream - 2.75, Regular Iced americano - 2.15, Large Frappes - Strawberries & Cream - 3.25, Regular Latte - 2.15",10.3,CASH,
18/12/2024 19:37,London Greenwich,Ryan Kinlaw,Regular Frappes - Strawberries & Cream - 2.75,2.75,CARD,9209176226190451
18/12/2024 19:40,London Greenwich,Tad Murphy,"Large Latte - 2.45, Large Frappes - Chocolate Cookie - 3.25, Large Frappes - Chocolate Cookie - 3.25, Regular Latte - 2.15",11.1,CASH,
18/12/2024 19:42,London Greenwich,Suzanne Pritchard,"Large Frappes - Strawberries & Cream - 3.25, Regular Frappes - Chocolate Cookie - 2.75",6.0,CARD,4436491569608390
18/12/2024 19:44,London Greenwich,Elizabeth Hayne,Regular Frappes - Strawberries & Cream - 2.75,2.75,CARD,4241159423285150
18/12/2024 19:46,London Greenwich,Jorge Foster,"Large Frappes - Strawberries & Cream - 3.25, Regular Frappes - Strawberries & Cream - 2.75, Large Frappes - Strawberries & Cream - 3.25, Regular Iced americano - 2.15",11.4,CARD,1962057535049991
18/12/2024 19:48,London Greenwich,Rosa Davis,"Large Frappes - Strawberries & Cream - 3.25, Large Frappes - Strawberries & Cream - 3.25, Large Iced americano - 2.50",9.0,CARD,9352812147839611
18/12/2024 19:50,London Greenwich,Antonio Havir,"Large Frappes - Strawberries & Cream - 3.25, Large Iced americano - 2.50",5.75,CASH,
18/12/2024 19:52,London Greenwich,Rebecca Sweet,"Regular Flavoured iced latte - Caramel - 2.75, Regular Frappes - Strawberries & Cream - 2.75, Large Iced americano - 2.50, Large Iced americano - 2.50, Regular Latte - 2.15, Regular Frappes - Chocolate Cookie - 2.75",15.4,CARD,5142069629306921
18/12/2024 19:54,London Greenwich,Laurence Sanchez,Large Iced americano - 2.50,2.5,CASH,
18/12/2024 19:56,London Greenwich,Charley Davis,Large Latte - 2.45,2.45,CARD,8705905005835995
18/12/2024 19:58,London Greenwich,Timothy Sykes,"Regular Latte - 2.15, Regular Frappes - Strawberries & Cream - 2.75, Regular Flavoured iced latte - Caramel - 2.75",7.65,CARD,6713768010528030
18/12/2024 20:00,London Greenwich,Cheryle Antoine,Large Latte - 2.45,2.45,CARD,7432019263726202
18/12/2024 20:02,London Greenwich,John Janssen,"Large Frappes - Strawberries & Cream - 3.25, Regular Flavoured iced latte - Caramel - 2.75, Large Frappes - Strawberries & Cream - 3.25",9.25,CARD,5051397953871828
18/12/2024 20:03,London Greenwich,Davina Bermudez,"Regular Latte - 2.15, Regular Iced americano - 2.15",4.3,CARD,4990021389165438
18/12/2024 20:04,London Greenwich,William Rosario,"Large Frappes - Strawberries & Cream - 3.25, Large Iced americano - 2.50",5.75,CARD,7643747240969121
18/12/2024 20:06,London Greenwich,Tammy Cross,"Large Latte - 2.45, Large Frappes - Chocolate Cookie - 3.25, Regular Latte - 2.15, Regular Flavoured iced latte - Caramel - 2.75, Large Latte - 2.45",13.05,CARD,9397266711663152
18/12/2024 20:07,London Greenwich,Sherri Hearne,"Regular Iced americano - 2.15, Large Iced americano - 2.50, Regular Flavoured iced latte - Caramel - 2.75, Large Flavoured iced latte - Caramel - 3.25",10.65,CARD,4888174982406636
18/12/2024 20:09,London Greenwich,Mark Glasgow,"Regular Iced americano - 2.15, Large Iced americano - 2.50, Large Frappes - Strawberries & Cream - 3.25",7.9,CASH,
18/12/2024 20:10,London Greenwich,Kenneth Rose,"Regular Frappes - Chocolate Cookie - 2.75, Regular Flavoured iced latte - Caramel - 2.75, Regular Flavoured iced latte - Caramel - 2.75, Large Frappes - Strawberries & Cream - 3.25, Regular Frappes - Strawberries & Cream - 2.75, Regular Frappes - Strawberries & Cream - 2.75",17.0,CARD,2028605160004430
18/12/2024 20:11,London Greenwich,Bruce Davies,"Regular Flavoured iced latte - Caramel - 2.75, Large Frappes - Chocolate Cookie - 3.25, Regular Frappes - Strawberries & Cream - 2.75, Regular Iced americano - 2.15",10.9,CARD,4883213765242518
18/12/2024 20:13,London Greenwich,Micheal Acosta,Regular Flavoured iced latte - Caramel - 2.75,2.75,CARD,9594786183322283
18/12/2024 20:14,London Greenwich,Dorothy Gay,"Regular Frappes - Strawberries & Cream - 2.75, Large Latte - 2.45, Regular Iced americano - 2.15",7.35,CARD,4053188997694513
18/12/2024 20:15,London Greenwich,Frederick Cantu,"Large Iced americano - 2.50, Large Frappes - Chocolate Cookie - 3.25, Large Frappes - Strawberries & Cream - 3.25, Regular Frappes - Strawberries & Cream - 2.75",11.75,CASH,
18/12/2024 20:17,London Greenwich,Cythia Durfee,"Large Iced americano - 2.50, Large Iced americano - 2.50, Regular Frappes - Chocolate Cookie - 2.75, Large Latte - 2.45",10.2,CASH,
18/12/2024 20:18,London Greenwich,Laverne Stone,Large Frappes - Strawberries & Cream - 3.25,3.25,CARD,9232967437694343
18/12/2024 20:20,London Greenwich,Joanne Reichman,"Regular Iced americano - 2.15, Large Frappes - Chocolate Cookie - 3.25, Large Flavoured iced latte - Caramel - 3.25",8.65,CARD,2353974669117907
18/12/2024 20:21,London Greenwich,Carolyn Golish,"Large Latte - 2.45, Regular Frappes - Strawberries & Cream - 2.75, Large Iced americano - 2.50",7.7,CARD,3632781830209255
18/12/2024 20:22,London Greenwich,Joseph Maxwell,"Large Frappes - Chocolate Cookie - 3.25, Large Flavoured iced latte - Caramel - 3.25, Regular Flavoured iced latte - Caramel - 2.75",9.25,CARD,5264241979815338
18/12/2024 20:24,London Greenwich,Gordon Gomez,"Large Iced americano - 2.50, Regular Iced americano - 2.15",4.65,CARD,3771016686147591
18/12/2024 20:25,London Greenwich,Carla Krieger,Large Frappes - Strawberries & Cream - 3.25,3.25,CARD,9695544343958459
18/12/2024 20:27,London Greenwich,Carol Hoium,"Regular Latte - 2.15, Large Flavoured iced latte - Caramel - 3.25, Large Frappes - Chocolate Cookie - 3.25",8.65,CARD,4508668077594229
18/12/2024 20:28,London Greenwich,Mabel Raymond,Large Frappes - Chocolate Cookie - 3.25,3.25,CASH,
18/12/2024 20:29,London Greenwich,Richard Dunn,Regular Flavoured iced latte - Caramel - 2.75,2.75,CARD,4350377907030841
18/12/2024 20:31,London Greenwich,Enrique Mahoney,Regular Latte - 2.15,2.15,CARD,9384857576686129
18/12/2024 20:32,London Greenwich,Lillian Leist,"Regular Flavoured iced latte - Caramel - 2.75, Regular Iced americano - 2.15",4.9,CARD,9492965974239493
18/12/2024 20:33,London Greenwich,Ann Gray,"Regular Frappes - Chocolate Cookie - 2.75, Regular Frappes - Strawberries & Cream - 2.75, Regular Latte - 2.15",7.65,CARD,5982823156273806
18/12/2024 20:35,London Greenwich,Glen Obrien,"Large Iced americano - 2.50, Regular Flavoured iced latte - Caramel - 2.75",5.25,CARD,6222862690502673
18/12/2024 20:36,London Greenwich,Kenneth Mccray,"Regular Frappes - Strawberries & Cream - 2.75, Regular Flavoured iced latte - Caramel - 2.75, Large Latte - 2.45, Regular Latte - 2.15, Regular Frappes - Strawberries & Cream - 2.75",12.85,CARD,1605810392140245
18/12/2024 20:38,London Greenwich,Jeannie Whitley,"Regular Frappes - Strawberries & Cream - 2.75, Large Flavoured iced latte - Caramel - 3.25",6.0,CASH,
18/12/2024 20:39,London Greenwich,Patrick Hearn,Regular Frappes - Strawberries & Cream - 2.75,2.75,CARD,8587693286613403
18/12/2024 20:40,London Greenwich,Frances Underwood,Large Flavoured iced latte - Caramel - 3.25,3.25,CARD,3983645321099086
18/12/2024 20:42,London Greenwich,Emma Rogers,"Regular Flavoured iced latte - Caramel - 2.75, Large Flavoured iced latte - Caramel - 3.25, Regular Flavoured iced latte - Caramel - 2.75, Regular Latte - 2.15",10.9,CASH,
18/12/2024 20:43,London Greenwich,Joseph Johnson,"Regular Latte - 2.15, Large Frappes - Strawberries & Cream - 3.25",5.4,CARD,8503239095079625
18/12/2024 20:44,London Greenwich,Charles Hudson,"Regular Frappes - Chocolate Cookie - 2.75, Regular Frappes - Chocolate Cookie - 2.75",5.5,CARD,4822676381324748
18/12/2024 20:46,London Greenwich,Thomas Harris,"Large Frappes - Chocolate Cookie - 3.25, Large Latte - 2.45",5.7,CARD,1353682856407216
18/12/2024 20:47,London Greenwich,Aura Bell,"Large Flavoured iced latte - Caramel - 3.25, Large Frappes - Chocolate Cookie - 3.25, Regular Frappes - Strawberries & Cream - 2.75",9.25,CARD,6020850677239514
18/12/2024 20:49,London Greenwich,Harold Straley,Regular Flavoured iced latte - Caramel - 2.75,2.75,CARD,6508610408208636
18/12/2024 20:50,London Greenwich,Timothy Phillips,"Large Latte - 2.45, Large Frappes - Strawberries & Cream - 3.25, Large Iced americano - 2.50, Regular Flavoured iced latte - Caramel - 2.75, Large Latte - 2.45, Regular Frappes - Strawberries & Cream - 2.75",16.15,CASH,
18/12/2024 20:51,London Greenwich,David Pinero,"Large Latte - 2.45, Regular Flavoured iced latte - Caramel - 2.75, Regular Latte - 2.15, Regular Flavoured iced latte - Caramel - 2.75",10.1,CARD,2581802620036792
18/12/2024 20:53,London Greenwich,Alma Williams,"Regular Latte - 2.15, Regular Frappes - Chocolate Cookie - 2.75, Regular Frappes - Strawberries & Cream - 2.75, Large Frappes - Chocolate Cookie - 3.25",10.9,CARD,3914883752741075
18/12/2024 20:54,London Greenwich,Eva Hopper,"Regular Frappes - Chocolate Cookie - 2.75, Large Iced americano - 2.50, Large Latte - 2.45",7.7,CARD,6314121168541304
18/12/2024 20:56,London Greenwich,Minnie Daugherty,"Regular Latte - 2.15, Large Flavoured iced latte - Caramel - 3.25, Large Iced americano - 2.50, Regular Frappes - Chocolate Cookie - 2.75, Regular Frappes - Strawberries & Cream - 2.75",13.4,CARD,2353198763615808
18/12/2024 20:57,London Greenwich,Liza Ross,"Regular Iced americano - 2.15, Large Flavoured iced latte - Caramel - 3.25, Regular Frappes - Chocolate Cookie - 2.75",8.15,CARD,8201355793529815
18/12/2024 20:58,London Greenwich,Alicia Wohner,"Regular Latte - 2.15, Large Latte - 2.45, Large Frappes - Strawberries & Cream - 3.25",7.85,CASH,
