18/12/2024 09:00,Middlesbrough,Kathy Crick,"Regular Chai latte - 2.30, Large Chai latte - 2.60, Regular Cortado - 2.05, Regular Chai latte - 2.30, Large Iced latte - 2.85",12.1,CARD,7022670013702204
18/12/2024 09:01,Middlesbrough,Gladys Quinn,"Large Chai latte - 2.60, Large Glass of milk - 1.10, Regular Speciality Tea - Fruit - 1.30, Regular Chai latte - 2.30",7.3,CASH,
18/12/2024 09:03,Middlesbrough,Richard Lopez,Large Iced latte - 2.85,2.85,CARD,1376615773062053
18/12/2024 09:05,Middlesbrough,Ollie Mendez,Large Chai latte - 2.60,2.6,CASH,
18/12/2024 09:06,Middlesbrough,Phil Franz,"Regular Cortado - 2.05, Large Cortado - 2.35",4.4,CASH,
18/12/2024 09:08,Middlesbrough,Anita Hathaway,"Regular Glass of milk - 0.70, Regular Glass of milk - 0.70",1.4,CARD,3530246569633916
18/12/2024 09:10,Middlesbrough,Carmella Shirley,Regular Iced latte - 2.35,2.35,CARD,6282257950633822
18/12/2024 09:11,Middlesbrough,Darrell Herrera,"Large Iced latte - 2.85, Large Cortado - 2.35, Regular Speciality Tea - Fruit - 1.30",6.5,CARD,7904933743158658
18/12/2024 09:13,Middlesbrough,Barney Guerrero,"Regular Iced latte - 2.35, Regular Iced latte - 2.35, Regular Chai latte - 2.30",7.0,CARD,2380218761987126
18/12/2024 09:15,Middlesbrough,Frances Alcaraz,Large Cortado - 2.35,2.35,CARD,8030888689547514
18/12/2024 09:17,Middlesbrough,Jason Warren,Regular Speciality Tea - Fruit - 1.30,1.3,CARD,9212823762182893
18/12/2024 09:18,Middlesbrough,Louise Weng,"Large Iced latte - 2.85, Regular Cortado - 2.05",4.9,CARD,1483283263445612
18/12/2024 09:20,Middlesbrough,Melissa Newman,"Large Iced latte - 2.85, Large Glass of milk - 1.10, Large Speciality Tea - Fruit - 1.60, Regular Speciality Tea - Fruit - 1.30",6.85,CARD,1258157442525363
18/12/2024 09:22,Middlesbrough,Paul Leroy,"Regular Cortado - 2.05, Regular Speciality Tea - Fruit - 1.30",3.35,CARD,9734083568288752
18/12/2024 09:23,Middlesbrough,Roy Leach,"Large Speciality Tea - Fruit - 1.60, Large Iced latte - 2.85",4.45,CARD,7779325446843036
18/12/2024 09:25,Middlesbrough,Ola Basye,"Large Cortado - 2.35, Large Speciality Tea - Fruit - 1.60",3.95,CARD,6802318204698344
18/12/2024 09:27,Middlesbrough,Polly Simmons,"Large Cortado - 2.35, Large Speciality Tea - Fruit - 1.60, Large Speciality Tea - Fruit - 1.60, Regular Glass of milk - 0.70",6.25,CARD,7505859321072369
18/12/2024 09:28,Middlesbrough,John Benton,"Large Speciality Tea - Fruit - 1.60, Large Cortado - 2.35, Regular Chai latte - 2.30, Regular Iced latte - 2.35, Regular Iced latte - 2.35",10.95,CASH,
18/12/2024 09:30,Middlesbrough,Christine Oscar,"Large Cortado - 2.35, Regular Iced latte - 2.35, Large Iced latte - 2.85",7.55,CARD,4375160577797580
18/12/2024 09:32,Middlesbrough,Clara Delacruz,"Regular Glass of milk - 0.70, Regular Speciality Tea - Fruit - 1.30",2.0,CARD,6980143597442116
18/12/2024 09:34,Middlesbrough,Nikki Uselman,"Regular Chai latte - 2.30, Large Speciality Tea - Fruit - 1.60, Regular Cortado - 2.05, Regular Speciality Tea - Fruit - 1.30, Large Speciality Tea - Fruit - 1.60, Regular Cortado - 2.05",10.9,CASH,
18/12/2024 09:35,Middlesbrough,Donna Whitlock,"Regular Iced latte - 2.35, Regular Cortado - 2.05, Large Chai latte - 2.60, Regular Chai latte - 2.30, Large Iced latte - 2.85, Large Speciality Tea - Fruit - 1.60",13.75,CARD,5032015452677024
18/12/2024 09:37,Middlesbrough,David Ford,"Large Cortado - 2.35, Regular Cortado - 2.05, Large Speciality Tea - Fruit - 1.60",6.0,CARD,5856349480509970
18/12/2024 09:39,Middlesbrough,Melissa Gross,Large Chai latte - 2.60,2.6,CARD,3972824567140037
18/12/2024 09:40,Middlesbrough,Marion Walstrum,"Regular Chai latte - 2.30, Large Cortado - 2.35, Regular Chai latte - 2.30, Regular Glass of milk - 0.70, Regular Chai latte - 2.30",9.95,CASH,
18/12/2024 09:42,Middlesbrough,Fred Mcleod,"Regular Iced latte - 2.35, Large Chai latte - 2.60, Regular Chai latte - 2.30, Regular Glass of milk - 0.70",7.95,CARD,7449585145272100
18/12/2024 09:44,Middlesbrough,Bobbie Ervin,Regular Speciality Tea - Fruit - 1.30,1.3,CARD,9828217936473029
18/12/2024 09:46,Middlesbrough,Paul Prat,"Regular Iced latte - 2.35, Regular Cortado - 2.05, Large Cortado - 2.35, Regular Speciality Tea - Fruit - 1.30",8.05,CASH,
18/12/2024 09:47,Middlesbrough,Margaret Harriott,Regular Cortado - 2.05,2.05,CARD,2276393395456404
18/12/2024 09:49,Middlesbrough,Randy Goff,"Regular Iced latte - 2.35, Regular Glass of milk - 0.70, Large Chai latte - 2.60, Large Chai latte - 2.60, Large Chai latte - 2.60, Large Iced latte - 2.85",13.7,CASH,
18/12/2024 09:51,Middlesbrough,Denise Curry,Regular Chai latte - 2.30,2.3,CARD,4625152722723704
18/12/2024 09:52,Middlesbrough,Linnie Peterson,"Regular Glass of milk - 0.70, Regular Chai latte - 2.30, Large Cortado - 2.35",5.35,CARD,8972248631040606
18/12/2024 09:54,Middlesbrough,Brandon Harrison,"Regular Cortado - 2.05, Regular Iced latte - 2.35, Large Chai latte - 2.60, Regular Chai latte - 2.30, Large Iced latte - 2.85",12.15,CARD,4994734059922223
18/12/2024 09:56,Middlesbrough,Cheryl King,"Regular Chai latte - 2.30, Large Speciality Tea - Fruit - 1.60",3.9,CARD,6707263445657830
18/12/2024 09:57,Middlesbrough,Kyle Kramer,"Regular Speciality Tea - Fruit - 1.30, Large Iced latte - 2.85, Large Iced latte - 2.85, Regular Speciality Tea - Fruit - 1.30, Regular Cortado - 2.05",10.35,CARD,5635764370250106
18/12/2024 09:59,Middlesbrough,Marsha Azar,"Regular Cortado - 2.05, Regular Cortado - 2.05, Large Chai latte - 2.60, Large Speciality Tea - Fruit - 1.60",8.3,CASH,
18/12/2024 10:01,Middlesbrough,Jeffrey Fournier,Regular Iced latte - 2.35,2.35,CARD,9857471855299410
18/12/2024 10:02,Middlesbrough,Frank Fernandez,"Regular Chai latte - 2.30, Large Glass of milk - 1.10, Regular Glass of milk - 0.70, Large Iced latte - 2.85",6.95,CARD,7731754372285810
18/12/2024 10:03,Middlesbrough,Lorraine Callis,Large Iced latte - 2.85,2.85,CARD,6573623367719959
18/12/2024 10:05,Middlesbrough,Wilma Johnson,"Large Chai latte - 2.60, Regular Chai latte - 2.30",4.9,CASH,
18/12/2024 10:06,Middlesbrough,Wendy Hammer,Regular Cortado - 2.05,2.05,CASH,
18/12/2024 10:07,Middlesbrough,Isabel Rapp,"Large Speciality Tea - Fruit - 1.60, Regular Glass of milk - 0.70, Large Glass of milk - 1.10, Regular Chai latte - 2.30, Regular Glass of milk - 0.70",6.4,CARD,3116188919010150
18/12/2024 10:08,Middlesbrough,Frederick Stewart,"Regular Iced latte - 2.35, Regular Iced latte - 2.35, Regular Cortado - 2.05",6.75,CARD,8026664364200051
18/12/2024 10:09,Middlesbrough,Janet Feurtado,"Regular Speciality Tea - Fruit - 1.30, Large Glass of milk - 1.10, Regular Iced latte - 2.35",4.75,CARD,2018924533496136
18/12/2024 10:11,Middlesbrough,Anne Roder,Regular Iced latte - 2.35,2.35,CASH,
18/12/2024 10:12,Middlesbrough,Jeff Gionfriddo,"Large Speciality Tea - Fruit - 1.60, Large Cortado - 2.35",3.95,CARD,8914735133686331
18/12/2024 10:13,Middlesbrough,Juliane Xue,Regular Chai latte - 2.30,2.3,CARD,9182095701871488
18/12/2024 10:14,Middlesbrough,Donald Andrade,"Large Cortado - 2.35, Regular Speciality Tea - Fruit - 1.30, Regular Iced latte - 2.35, Large Chai latte - 2.60",8.6,CARD,8177737954693853
18/12/2024 10:15,Middlesbrough,Russell Gonzalez,"Regular Glass of milk - 0.70, Large Chai latte - 2.60",3.3,CARD,2524759234793431
18/12/2024 10:17,Middlesbrough,Ronald Crays,"Regular Glass of milk - 0.70, Regular Speciality Tea - Fruit - 1.30, Regular Glass of milk - 0.70, Large Chai latte - 2.60, Regular Iced latte - 2.35",7.65,CARD,6079075921703702
18/12/2024 10:18,Middlesbrough,David Clyburn,Large Iced latte - 2.85,2.85,CARD,8896159811140979
18/12/2024 10:19,Middlesbrough,Bobby Foley,"Regular Chai latte - 2.30, Large Chai latte - 2.60, Large Glass of milk - 1.10",6.0,CASH,
18/12/2024 10:20,Middlesbrough,Joan Franklin,"Regular Glass of milk - 0.70, Regular Iced latte - 2.35, Large Glass of milk - 1.10, Large Cortado - 2.35",6.5,CARD,9659366293296682
18/12/2024 10:21,Middlesbrough,Patricia Garcia,"Large Iced latte - 2.85, Large Glass of milk - 1.10",3.95,CARD,8541013534898335
18/12/2024 10:23,Middlesbrough,Paul Garcia,"Large Iced latte - 2.85, Large Chai latte - 2.60, Regular Iced latte - 2.35",7.8,CARD,3338694454750415
18/12/2024 10:24,Middlesbrough,Gloria Moore,"Regular Chai latte - 2.30, Regular Glass of milk - 0.70",3.0,CARD,2689696547912457
18/12/2024 10:25,Middlesbrough,Lisa Hines,"Large Iced latte - 2.85, Regular Speciality Tea - Fruit - 1.30, Large Cortado - 2.35",6.5,CARD,1097593210251417
18/12/2024 10:26,Middlesbrough,Allison Boehmer,"Regular Cortado - 2.05, Regular Cortado - 2.05, Regular Speciality Tea - Fruit - 1.30, Regular Iced latte - 2.35",7.75,CARD,9847420430562929
18/12/2024 10:27,Middlesbrough,Paul Siler,"Large Iced latte - 2.85, Regular Speciality Tea - Fruit - 1.30, Large Cortado - 2.35",6.5,CARD,7584095757439335
18/12/2024 10:29,Middlesbrough,Frank Feldmann,Regular Cortado - 2.05,2.05,CASH,
18/12/2024 10:30,Middlesbrough,Sheila Steel,Large Speciality Tea - Fruit - 1.60,1.6,CARD,5236317750092027
18/12/2024 10:31,Middlesbrough,Allene Piere,"Regular Glass of milk - 0.70, Regular Chai latte - 2.30, Regular Cortado - 2.05",5.05,CARD,4634389964804617
18/12/2024 10:32,Middlesbrough,Joseph Bryant,Regular Cortado - 2.05,2.05,CARD,3502889549929833
18/12/2024 10:33,Middlesbrough,James Mcguinn,"Large Iced latte - 2.85, Regular Speciality Tea - Fruit - 1.30, Regular Cortado - 2.05, Regular Cortado - 2.05",8.25,CASH,
18/12/2024 10:35,Middlesbrough,Jack Schwartz,"Regular Iced latte - 2.35, Large Glass of milk - 1.10",3.45,CASH,
18/12/2024 10:36,Middlesbrough,Jeannette Dye,Large Glass of milk - 1.10,1.1,CARD,5805191328736746
18/12/2024 10:37,Middlesbrough,Jane Brandly,"Regular Glass of milk - 0.70, Regular Speciality Tea - Fruit - 1.30, Regular Speciality Tea - Fruit - 1.30, Regular Cortado - 2.05",5.35,CASH,
18/12/2024 10:38,Middlesbrough,Douglas Leblanc,"Large Iced latte - 2.85, Regular Iced latte - 2.35, Regular Glass of milk - 0.70, Large Chai latte - 2.60",8.5,CARD,6108376807194607
18/12/2024 10:39,Middlesbrough,Michael Hooper,"Regular Glass of milk - 0.70, Large Iced latte - 2.85, Regular Cortado - 2.05, Regular Cortado - 2.05",7.65,CARD,4052333339179635
18/12/2024 10:41,Middlesbrough,Bradley Nipp,"Large Glass of milk - 1.10, Regular Chai latte - 2.30, Regular Glass of milk - 0.70",4.1,CARD,2122209710852443
18/12/2024 10:42,Middlesbrough,Frank Allen,Large Chai latte - 2.60,2.6,CARD,2462523234982104
18/12/2024 10:43,Middlesbrough,Pamela Mcnamara,"Regular Speciality Tea - Fruit - 1.30, Regular Glass of milk - 0.70, Regular Glass of milk - 0.70, Regular Iced latte - 2.35, Large Cortado - 2.35, Large Speciality Tea - Fruit - 1.60",9.0,CARD,3897163894989232
18/12/2024 10:44,Middlesbrough,Justin Harmon,"Large Glass of milk - 1.10, Regular Speciality Tea - Fruit - 1.30, Large Iced latte - 2.85",5.25,CARD,4707165901053960
18/12/2024 10:45,Middlesbrough,Sarah Mach,Regular Cortado - 2.05,2.05,CARD,7226079016048102
18/12/2024 10:47,Middlesbrough,Kevin Maki,"Large Iced latte - 2.85, Regular Speciality Tea - Fruit - 1.30, Large Chai latte - 2.60, Regular Iced latte - 2.35",9.1,CARD,2068512251196751
18/12/2024 10:48,Middlesbrough,Paul Alverez,"Regular Speciality Tea - Fruit - 1.30, Large Speciality Tea - Fruit - 1.60, Regular Cortado - 2.05",4.95,CARD,4181396528410584
18/12/2024 10:49,Middlesbrough,Jose Slayman,Large Speciality Tea - Fruit - 1.60,1.6,CARD,2118634225927812
18/12/2024 10:50,Middlesbrough,Jeffrey Vanarsdale,"Large Chai latte - 2.60, Regular Cortado - 2.05, Large Glass of milk - 1.10, Regular Iced latte - 2.35, Regular Cortado - 2.05",10.15,CARD,4954005659611687
18/12/2024 10:51,Middlesbrough,Lisa Simon,"Regular Iced latte - 2.35, Regular Chai latte - 2.30, Regular Glass of milk - 0.70, Large Chai latte - 2.60, Regular Cortado - 2.05",10.0,CARD,5813359841051646
18/12/2024 10:53,Middlesbrough,Roy Santos,"Regular Glass of milk - 0.70, Regular Glass of milk - 0.70, Regular Speciality Tea - Fruit - 1.30, Regular Cortado - 2.05, Regular Chai latte - 2.30",7.05,CASH,
18/12/2024 10:54,Middlesbrough,Carl Morrow,Regular Speciality Tea - Fruit - 1.30,1.3,CARD,5038197448745378
18/12/2024 10:55,Middlesbrough,Agnes Wheeler,"Regular Glass of milk - 0.70, Large Iced latte - 2.85, Regular Iced latte - 2.35, Regular Glass of milk - 0.70",6.6,CARD,1819597247824156
18/12/2024 10:56,Middlesbrough,Frances Gordon,"Regular Glass of milk - 0.70, Regular Cortado - 2.05",2.75,CASH,
18/12/2024 10:57,Middlesbrough,Logan Bilbro,"Regular Iced latte - 2.35, Large Chai latte - 2.60, Regular Speciality Tea - Fruit - 1.30, Large Chai latte - 2.60, Large Iced latte - 2.85",11.7,CARD,5050289517885886
18/12/2024 10:59,Middlesbrough,Mike Zoellner,"Regular Iced latte - 2.35, Regular Speciality Tea - Fruit - 1.30, Large Cortado - 2.35",6.0,CARD,9320407335608951
18/12/2024 11:00,Middlesbrough,Marie Warren,"Regular Iced latte - 2.35, Large Cortado - 2.35",4.7,CARD,1725665380687437
18/12/2024 11:02,Middlesbrough,Beth Smith,"Large Iced latte - 2.85, Regular Glass of milk - 0.70",3.55,CARD,5848076610249854
18/12/2024 11:05,Middlesbrough,Ruth Yentsch,Regular Chai latte - 2.30,2.3,CARD,9516703908603220
18/12/2024 11:07,Middlesbrough,Darrell Lessard,"Large Cortado - 2.35, Regular Iced latte - 2.35",4.7,CASH,
18/12/2024 11:10,Middlesbrough,Joan Reeder,"Regular Chai latte - 2.30, Regular Cortado - 2.05, Large Chai latte - 2.60, Large Cortado - 2.35, Large Cortado - 2.35",11.65,CARD,3615212127189956
18/12/2024 11:12,Middlesbrough,Marcus Christiansen,"Regular Speciality Tea - Fruit - 1.30, Large Glass of milk - 1.10, Regular Iced latte - 2.35, Large Speciality Tea - Fruit - 1.60",6.35,CARD,5201155457424474
18/12/2024 11:15,Middlesbrough,Sarah Rippy,"Regular Chai latte - 2.30, Regular Chai latte - 2.30, Regular Iced latte - 2.35, Regular Iced latte - 2.35, Large Iced latte - 2.85, Large Iced latte - 2.85",15.0,CASH,
18/12/2024 11:17,Middlesbrough,Linda Hernandes,Regular Iced latte - 2.35,2.35,CARD,7657349409841650
18/12/2024 11:20,Middlesbrough,Adam Peterson,"Regular Iced latte - 2.35, Large Iced latte - 2.85",5.2,CASH,
18/12/2024 11:22,Middlesbrough,Angela Hilliard,Large Speciality Tea - Fruit - 1.60,1.6,CASH,
18/12/2024 11:25,Middlesbrough,Lilian Cox,"Regular Glass of milk - 0.70, Regular Cortado - 2.05, Large Iced latte - 2.85, Large Speciality Tea - Fruit - 1.60",7.2,CARD,7002063682149762
18/12/2024 11:27,Middlesbrough,Charles Burkett,"Large Glass of milk - 1.10, Regular Speciality Tea - Fruit - 1.30, Regular Chai latte - 2.30, Regular Speciality Tea - Fruit - 1.30, Regular Speciality Tea - Fruit - 1.30",7.3,CASH,
18/12/2024 11:30,Middlesbrough,Robin Smith,"Regular Cortado - 2.05, Large Speciality Tea - Fruit - 1.60, Large Glass of milk - 1.10",4.75,CASH,
18/12/2024 11:32,Middlesbrough,Luann Douglas,Regular Glass of milk - 0.70,0.7,CASH,
18/12/2024 11:35,Middlesbrough,Joyce Herrera,"Regular Glass of milk - 0.70, Regular Chai latte - 2.30, Regular Iced latte - 2.35",5.35,CARD,1973886841547909
18/12/2024 11:37,Middlesbrough,Shirley Debem,"Large Chai latte - 2.60, Regular Glass of milk - 0.70, Regular Iced latte - 2.35",5.65,CARD,4316718795274575
18/12/2024 11:40,Middlesbrough,Dennis Barnes,"Regular Chai latte - 2.30, Regular Iced latte - 2.35, Regular Speciality Tea - Fruit - 1.30, Regular Chai latte - 2.30, Regular Cortado - 2.05",10.3,CARD,8316325990310807
18/12/2024 11:42,Middlesbrough,Monica Thomson,"Large Iced latte - 2.85, Large Cortado - 2.35, Regular Chai latte - 2.30, Large Iced latte - 2.85, Regular Iced latte - 2.35",12.7,CARD,3345697514928074
18/12/2024 11:45,Middlesbrough,Jennie Eastwood,"Regular Iced latte - 2.35, Regular Glass of milk - 0.70",3.05,CASH,
18/12/2024 11:47,Middlesbrough,John Young,Regular Chai latte - 2.30,2.3,CARD,3607072315085460
18/12/2024 11:50,Middlesbrough,Edwin Rollins,Regular Speciality Tea - Fruit - 1.30,1.3,CARD,1413675918455381
18/12/2024 11:52,Middlesbrough,Jeffrey White,Large Cortado - 2.35,2.35,CASH,
18/12/2024 11:55,Middlesbrough,Fidel Wallace,"Large Speciality Tea - Fruit - 1.60, Large Glass of milk - 1.10, Regular Glass of milk - 0.70, Large Glass of milk - 1.10, Large Glass of milk - 1.10, Regular Iced latte - 2.35",7.95,CARD,3830644525890123
18/12/2024 11:57,Middlesbrough,David Harris,"Regular Cortado - 2.05, Large Chai latte - 2.60, Regular Glass of milk - 0.70",5.35,CARD,9639738766657073
18/12/2024 12:00,Middlesbrough,George Hardy,"Regular Iced latte - 2.35, Regular Cortado - 2.05, Large Speciality Tea - Fruit - 1.60, Large Iced latte - 2.85, Large Glass of milk - 1.10, Regular Cortado - 2.05",12.0,CARD,5650447007269628
18/12/2024 12:12,Middlesbrough,Maryann Owen,"Regular Chai latte - 2.30, Regular Glass of milk - 0.70, Large Iced latte - 2.85",5.85,CARD,6100403801935098
18/12/2024 12:24,Middlesbrough,Alvin Cook,Regular Chai latte - 2.30,2.3,CASH,
18/12/2024 12:36,Middlesbrough,Matthew Wallen,"Regular Speciality Tea - Fruit - 1.30, Regular Chai latte - 2.30, Regular Chai latte - 2.30",5.9,CARD,1282237712630697
18/12/2024 12:48,Middlesbrough,Donna Mclaughlin,"Regular Glass of milk - 0.70, Large Speciality Tea - Fruit - 1.60",2.3,CASH,
18/12/2024 13:00,Middlesbrough,Ryann Estep,"Regular Iced latte - 2.35, Large Chai latte - 2.60, Regular Iced latte - 2.35, Regular Cortado - 2.05, Large Iced latte - 2.85",12.2,CASH,
18/12/2024 13:02,Middlesbrough,Cierra Lyman,"Large Chai latte - 2.60, Large Cortado - 2.35, Regular Cortado - 2.05",7.0,CASH,
18/12/2024 13:04,Middlesbrough,Lloyd Ivey,Large Cortado - 2.35,2.35,CARD,2396151583487820
18/12/2024 13:07,Middlesbrough,Heather Irby,"Large Iced latte - 2.85, Large Iced latte - 2.85, Regular Iced latte - 2.35, Large Chai latte - 2.60",10.65,CARD,4750121630815608
18/12/2024 13:09,Middlesbrough,Michelle Armstrong,Regular Speciality Tea - Fruit - 1.30,1.3,CASH,
18/12/2024 13:11,Middlesbrough,Carrie Taylor,"Large Iced latte - 2.85, Regular Cortado - 2.05, Regular Cortado - 2.05, Large Iced latte - 2.85",9.8,CARD,2412151332216057
18/12/2024 13:14,Middlesbrough,Valerie Richardson,"Regular Cortado - 2.05, Regular Iced latte - 2.35, Regular Iced latte - 2.35, Large Glass of milk - 1.10",7.85,CARD,3823840294775878
18/12/2024 13:16,Middlesbrough,Glenn Carpenter,Large Iced latte - 2.85,2.85,CASH,
18/12/2024 13:18,Middlesbrough,Harry Barrera,Regular Glass of milk - 0.70,0.7,CARD,6416735475219368
18/12/2024 13:20,Middlesbrough,Jessica Little,Regular Cortado - 2.05,2.05,CARD,1091663270231193
18/12/2024 13:23,Middlesbrough,Sheldon Meredith,"Large Chai latte - 2.60, Large Speciality Tea - Fruit - 1.60, Regular Glass of milk - 0.70, Regular Iced latte - 2.35, Large Iced latte - 2.85, Large Glass of milk - 1.10",11.2,CARD,8133921472462978
18/12/2024 13:25,Middlesbrough,Janette Runyon,"Large Iced latte - 2.85, Large Speciality Tea - Fruit - 1.60, Large Cortado - 2.35, Regular Iced latte - 2.35, Large Glass of milk - 1.10, Large Cortado - 2.35",12.6,CASH,
18/12/2024 13:27,Middlesbrough,Kenneth Richmond,"Large Chai latte - 2.60, Large Glass of milk - 1.10, Large Glass of milk - 1.10, Regular Speciality Tea - Fruit - 1.30, Large Speciality Tea - Fruit - 1.60",7.7,CARD,6060230636484538
18/12/2024 13:30,Middlesbrough,Lynette Foret,"Regular Chai latte - 2.30, Regular Cortado - 2.05, Regular Iced latte - 2.35, Regular Chai latte - 2.30, Large Cortado - 2.35, Large Cortado - 2.35",13.7,CARD,9106291560282548
18/12/2024 13:32,Middlesbrough,Dennis Paul,"Large Iced latte - 2.85, Regular Speciality Tea - Fruit - 1.30",4.15,CARD,5900415535663525
18/12/2024 13:34,Middlesbrough,Nannie Robinson,"Regular Cortado - 2.05, Large Speciality Tea - Fruit - 1.60, Large Glass of milk - 1.10, Regular Chai latte - 2.30",7.05,CASH,
18/12/2024 13:37,Middlesbrough,Janice Postlewait,"Large Glass of milk - 1.10, Regular Speciality Tea - Fruit - 1.30, Large Cortado - 2.35, Large Cortado - 2.35, Regular Cortado - 2.05",9.15,CARD,3617915045671523
18/12/2024 13:39,Middlesbrough,Mark Rego,"Large Chai latte - 2.60, Large Speciality Tea - Fruit - 1.60, Regular Iced latte - 2.35, Large Iced latte - 2.85",9.4,CARD,5928994292242920
18/12/2024 13:41,Middlesbrough,Kristine Cameron,Regular Glass of milk - 0.70,0.7,CARD,6405710977530409
18/12/2024 13:43,Middlesbrough,Valerie Hundley,"Regular Cortado - 2.05, Regular Chai latte - 2.30",4.35,CARD,2371092274518503
18/12/2024 13:46,Middlesbrough,Kathleen Haynes,"Large Iced latte - 2.85, Large Speciality Tea - Fruit - 1.60, Large Iced latte - 2.85, Regular Chai latte - 2.30",9.6,CARD,1471755016335851
18/12/2024 13:48,Middlesbrough,Tamatha Miller,"Regular Cortado - 2.05, Regular Iced latte - 2.35, Regular Glass of milk - 0.70, Large Cortado - 2.35",7.45,CARD,2403709582618079
18/12/2024 13:50,Middlesbrough,James Thompson,Large Cortado - 2.35,2.35,CARD,5226174523806923
18/12/2024 13:53,Middlesbrough,Richard Matthai,"Regular Cortado - 2.05, Regular Iced latte - 2.35",4.4,CARD,2230197592463696
18/12/2024 13:55,Middlesbrough,Robert Johnson,"Large Iced latte - 2.85, Large Chai latte - 2.60",5.45,CASH,
18/12/2024 13:57,Middlesbrough,Christopher Weiner,"Large Chai latte - 2.60, Large Cortado - 2.35, Regular Glass of milk - 0.70",5.65,CASH,
18/12/2024 14:00,Middlesbrough,Mary Weafer,"Regular Chai latte - 2.30, Large Iced latte - 2.85, Regular Iced latte - 2.35, Regular Cortado - 2.05",9.55,CASH,
18/12/2024 14:01,Middlesbrough,Robert Ylonen,"Large Cortado - 2.35, Large Cortado - 2.35",4.7,CARD,7099561667948837
18/12/2024 14:02,Middlesbrough,Gerald Powers,"Large Chai latte - 2.60, Regular Glass of milk - 0.70",3.3,CARD,7005567320574903
18/12/2024 14:04,Middlesbrough,Mary Dolphin,"Regular Glass of milk - 0.70, Large Iced latte - 2.85, Regular Iced latte - 2.35, Regular Speciality Tea - Fruit - 1.30, Large Glass of milk - 1.10",8.3,CARD,3305721769763828
18/12/2024 14:05,Middlesbrough,John Fowler,Large Iced latte - 2.85,2.85,CASH,
18/12/2024 14:06,Middlesbrough,David Dyas,Regular Iced latte - 2.35,2.35,CASH,
18/12/2024 14:08,Middlesbrough,Claude Winship,"Large Glass of milk - 1.10, Large Iced latte - 2.85",3.95,CARD,5844664478661713
18/12/2024 14:09,Middlesbrough,Lisa Ross,"Regular Glass of milk - 0.70, Regular Glass of milk - 0.70",1.4,CARD,7143010601622743
18/12/2024 14:10,Middlesbrough,Maura Durst,"Large Iced latte - 2.85, Regular Glass of milk - 0.70",3.55,CASH,
18/12/2024 14:12,Middlesbrough,Timothy Russey,Regular Cortado - 2.05,2.05,CARD,5797250597319368
18/12/2024 14:13,Middlesbrough,Louis Atkinson,"Regular Chai latte - 2.30, Regular Cortado - 2.05, Regular Speciality Tea - Fruit - 1.30, Regular Iced latte - 2.35, Regular Chai latte - 2.30",10.3,CARD,1465344602453216
18/12/2024 14:14,Middlesbrough,Raul Reed,Large Cortado - 2.35,2.35,CARD,9389703808891940
18/12/2024 14:16,Middlesbrough,David Gurule,"Large Iced latte - 2.85, Large Chai latte - 2.60, Large Cortado - 2.35, Regular Iced latte - 2.35",10.15,CARD,8000941893613242
18/12/2024 14:17,Middlesbrough,Marissa Pella,"Regular Cortado - 2.05, Regular Speciality Tea - Fruit - 1.30",3.35,CASH,
18/12/2024 14:18,Middlesbrough,Keith Harris,"Regular Iced latte - 2.35, Regular Glass of milk - 0.70",3.05,CARD,5470853963627459
18/12/2024 14:20,Middlesbrough,Thaddeus Robins,Regular Speciality Tea - Fruit - 1.30,1.3,CASH,
18/12/2024 14:21,Middlesbrough,Milda Coffman,"Large Iced latte - 2.85, Regular Chai latte - 2.30",5.15,CASH,
18/12/2024 14:22,Middlesbrough,Sidney Begay,"Large Iced latte - 2.85, Regular Iced latte - 2.35",5.2,CARD,2268455431976916
18/12/2024 14:24,Middlesbrough,Vanessa Holtzlander,"Large Speciality Tea - Fruit - 1.60, Regular Glass of milk - 0.70, Large Glass of milk - 1.10",3.4,CASH,
18/12/2024 14:25,Middlesbrough,John Wilson,Regular Speciality Tea - Fruit - 1.30,1.3,CARD,6886288569446119
18/12/2024 14:26,Middlesbrough,Krystal Plummer,"Regular Glass of milk - 0.70, Regular Cortado - 2.05",2.75,CASH,
18/12/2024 14:28,Middlesbrough,Nicholas Stephen,"Regular Iced latte - 2.35, Regular Glass of milk - 0.70, Regular Cortado - 2.05",5.1,CARD,4734477316978511
18/12/2024 14:29,Middlesbrough,Nick Fletcher,"Large Chai latte - 2.60, Large Iced latte - 2.85, Large Chai latte - 2.60, Regular Glass of milk - 0.70, Regular Chai latte - 2.30, Large Speciality Tea - Fruit - 1.60",12.65,CASH,
18/12/2024 14:30,Middlesbrough,Janette Kirkendall,"Regular Glass of milk - 0.70, Regular Iced latte - 2.35, Large Chai latte - 2.60",5.65,CARD,1161486840826659
18/12/2024 14:32,Middlesbrough,Jose Sheppard,"Large Iced latte - 2.85, Regular Iced latte - 2.35",5.2,CARD,2792034707078525
18/12/2024 14:33,Middlesbrough,Kristin Dam,"Regular Chai latte - 2.30, Regular Glass of milk - 0.70, Regular Chai latte - 2.30",5.3,CARD,4147072701599205
18/12/2024 14:34,Middlesbrough,Susana Tuthill,"Regular Cortado - 2.05, Large Glass of milk - 1.10, Large Chai latte - 2.60, Regular Chai latte - 2.30",8.05,CASH,
18/12/2024 14:36,Middlesbrough,Nicholas Myers,"Large Speciality Tea - Fruit - 1.60, Large Chai latte - 2.60",4.2,CARD,6561111145030363
18/12/2024 14:37,Middlesbrough,Benjamin Turner,Regular Cortado - 2.05,2.05,CARD,6241586873480631
18/12/2024 14:38,Middlesbrough,Kyle Donaldson,"Regular Iced latte - 2.35, Regular Glass of milk - 0.70, Regular Iced latte - 2.35",5.4,CASH,
18/12/2024 14:40,Middlesbrough,Kenneth Radford,"Regular Cortado - 2.05, Regular Glass of milk - 0.70, Large Speciality Tea - Fruit - 1.60, Large Speciality Tea - Fruit - 1.60, Regular Chai latte - 2.30",8.25,CARD,5854055663568614
18/12/2024 14:41,Middlesbrough,Jennifer Maurin,"Regular Iced latte - 2.35, Regular Glass of milk - 0.70",3.05,CARD,7306277318734276
18/12/2024 14:42,Middlesbrough,Miriam Farrell,"Large Cortado - 2.35, Large Cortado - 2.35",4.7,CARD,8094926546529523
18/12/2024 14:44,Middlesbrough,Victoria Jarrell,Regular Iced latte - 2.35,2.35,CASH,
18/12/2024 14:45,Middlesbrough,Vaughn Ernst,"Large Glass of milk - 1.10, Large Glass of milk - 1.10",2.2,CARD,9992976601047893
18/12/2024 14:46,Middlesbrough,Laurie Arthur,"Large Chai latte - 2.60, Regular Glass of milk - 0.70, Regular Iced latte - 2.35",5.65,CARD,5397749963562650
18/12/2024 14:48,Middlesbrough,Jean Hoover,"Large Glass of milk - 1.10, Regular Cortado - 2.05, Large Iced latte - 2.85, Regular Cortado - 2.05",8.05,CASH,
18/12/2024 14:49,Middlesbrough,Cary Torris,"Regular Chai latte - 2.30, Large Glass of milk - 1.10",3.4,CASH,
18/12/2024 14:50,Middlesbrough,Jonathan Cooper,"Regular Speciality Tea - Fruit - 1.30, Large Iced latte - 2.85, Large Glass of milk - 1.10",5.25,CASH,
18/12/2024 14:52,Middlesbrough,Katie Crump,"Regular Speciality Tea - Fruit - 1.30, Regular Speciality Tea - Fruit - 1.30, Regular Cortado - 2.05",4.65,CARD,3797343450391023
18/12/2024 14:53,Middlesbrough,Mary Gutierrez,"Regular Iced latte - 2.35, Large Iced latte - 2.85, Large Iced latte - 2.85",8.05,CASH,
18/12/2024 14:54,Middlesbrough,Thelma Chung,"Large Cortado - 2.35, Regular Iced latte - 2.35, Large Chai latte - 2.60",7.3,CASH,
18/12/2024 14:56,Middlesbrough,Todd Barnard,"Regular Iced latte - 2.35, Regular Iced latte - 2.35",4.7,CARD,3008273832454117
18/12/2024 14:57,Middlesbrough,Michael Garcia,Regular Iced latte - 2.35,2.35,CARD,6778541347375628
18/12/2024 14:58,Middlesbrough,Carlos Anderson,"Regular Speciality Tea - Fruit - 1.30, Regular Iced latte - 2.35, Large Cortado - 2.35, Large Chai latte - 2.60",8.6,CARD,3211194233104637
18/12/2024 15:00,Middlesbrough,Deborah Lokken,"Large Iced latte - 2.85, Large Glass of milk - 1.10",3.95,CASH,
18/12/2024 15:01,Middlesbrough,Rebekah Mitchell,"Large Chai latte - 2.60, Large Cortado - 2.35, Large Chai latte - 2.60, Large Chai latte - 2.60, Large Chai latte - 2.60",12.75,CARD,6823940068664113
18/12/2024 15:02,Middlesbrough,Jo Key,Regular Cortado - 2.05,2.05,CASH,
18/12/2024 15:03,Middlesbrough,Katina Mcdaniel,"Regular Cortado - 2.05, Large Glass of milk - 1.10, Large Chai latte - 2.60, Regular Speciality Tea - Fruit - 1.30, Large Cortado - 2.35",9.4,CARD,7092032625286731
18/12/2024 15:04,Middlesbrough,Letha Shipp,"Large Chai latte - 2.60, Large Cortado - 2.35, Large Glass of milk - 1.10",6.05,CARD,4190941764906716
18/12/2024 15:05,Middlesbrough,Brandi Cintron,"Large Speciality Tea - Fruit - 1.60, Regular Iced latte - 2.35, Large Chai latte - 2.60, Regular Glass of milk - 0.70",7.25,CARD,3081208868062407
18/12/2024 15:06,Middlesbrough,Nicholas Guadagno,"Regular Speciality Tea - Fruit - 1.30, Regular Speciality Tea - Fruit - 1.30",2.6,CARD,5176186566204735
18/12/2024 15:07,Middlesbrough,Sheila Barton,"Regular Chai latte - 2.30, Large Glass of milk - 1.10, Regular Chai latte - 2.30, Large Glass of milk - 1.10",6.8,CASH,
18/12/2024 15:08,Middlesbrough,Clarence Hanus,"Large Glass of milk - 1.10, Large Iced latte - 2.85, Large Glass of milk - 1.10, Regular Cortado - 2.05, Regular Chai latte - 2.30",9.4,CARD,7487596850168704
18/12/2024 15:09,Middlesbrough,Randee Zuber,"Regular Iced latte - 2.35, Large Iced latte - 2.85, Large Chai latte - 2.60, Large Cortado - 2.35",10.15,CARD,7335819644681577
18/12/2024 15:10,Middlesbrough,Christopher Guyton,Regular Iced latte - 2.35,2.35,CARD,7273666745587657
18/12/2024 15:11,Middlesbrough,Callie Muniz,"Large Cortado - 2.35, Regular Cortado - 2.05",4.4,CARD,2948794945769786
18/12/2024 15:12,Middlesbrough,Jason Freeman,"Regular Chai latte - 2.30, Large Chai latte - 2.60, Regular Chai latte - 2.30, Large Cortado - 2.35, Large Glass of milk - 1.10",10.65,CASH,
18/12/2024 15:13,Middlesbrough,Alvin Morgan,"Regular Iced latte - 2.35, Regular Glass of milk - 0.70, Regular Chai latte - 2.30, Large Glass of milk - 1.10, Large Chai latte - 2.60",9.05,CARD,3913859413371776
18/12/2024 15:14,Middlesbrough,Larry Titus,"Large Cortado - 2.35, Large Glass of milk - 1.10, Regular Chai latte - 2.30",5.75,CARD,7845531507773666
18/12/2024 15:15,Middlesbrough,Cindy Mauro,Large Chai latte - 2.60,2.6,CARD,6851056366175912
18/12/2024 15:16,Middlesbrough,Eddie See,"Regular Speciality Tea - Fruit - 1.30, Regular Cortado - 2.05, Large Chai latte - 2.60, Large Chai latte - 2.60",8.55,CASH,
18/12/2024 15:17,Middlesbrough,Tamara Degenfelder,"Large Chai latte - 2.60, Large Glass of milk - 1.10, Regular Cortado - 2.05",5.75,CASH,
18/12/2024 15:18,Middlesbrough,Pamela Choi,"Large Glass of milk - 1.10, Regular Cortado - 2.05",3.15,CARD,5449951039409727
18/12/2024 15:19,Middlesbrough,Joseph Benjamin,"Large Speciality Tea - Fruit - 1.60, Regular Speciality Tea - Fruit - 1.30",2.9,CARD,4642676171354371
18/12/2024 15:21,Middlesbrough,Laura Barker,"Large Chai latte - 2.60, Regular Iced latte - 2.35",4.95,CARD,7062921842106341
18/12/2024 15:22,Middlesbrough,Jeremy Ohara,"Regular Iced latte - 2.35, Large Glass of milk - 1.10",3.45,CASH,
18/12/2024 15:23,Middlesbrough,Dennis Patterson,Regular Chai latte - 2.30,2.3,CARD,1417124675437795
18/12/2024 15:24,Middlesbrough,Daniel Chambers,"Regular Iced latte - 2.35, Large Glass of milk - 1.10, Large Cortado - 2.35, Regular Speciality Tea - Fruit - 1.30, Regular Glass of milk - 0.70",7.8,CARD,5662071041020864
18/12/2024 15:25,Middlesbrough,Susan Resch,"Regular Glass of milk - 0.70, Regular Glass of milk - 0.70",1.4,CARD,5732777554032658
18/12/2024 15:26,Middlesbrough,Chad Bass,"Large Chai latte - 2.60, Large Chai latte - 2.60, Large Glass of milk - 1.10, Large Speciality Tea - Fruit - 1.60",7.9,CARD,8347395470381042
18/12/2024 15:27,Middlesbrough,Raguel Bell,"Regular Chai latte - 2.30, Large Iced latte - 2.85, Regular Iced latte - 2.35, Large Iced latte - 2.85, Large Cortado - 2.35",12.7,CARD,5276424482172735
18/12/2024 15:28,Middlesbrough,Reagan Brice,"Large Cortado - 2.35, Regular Iced latte - 2.35, Large Cortado - 2.35",7.05,CARD,2016260729573275
18/12/2024 15:29,Middlesbrough,Tara Jacobs,"Regular Cortado - 2.05, Regular Iced latte - 2.35",4.4,CARD,1661963502661531
18/12/2024 15:30,Middlesbrough,Curtis Bain,"Large Speciality Tea - Fruit - 1.60, Large Speciality Tea - Fruit - 1.60",3.2,CARD,2488918401818019
18/12/2024 15:31,Middlesbrough,Thomas Zorra,Large Chai latte - 2.60,2.6,CARD,6607447112663486
18/12/2024 15:32,Middlesbrough,Berneice Platt,"Large Glass of milk - 1.10, Large Cortado - 2.35, Large Iced latte - 2.85, Large Iced latte - 2.85",9.15,CASH,
18/12/2024 15:33,Middlesbrough,Barbara Fox,"Regular Glass of milk - 0.70, Regular Iced latte - 2.35, Large Speciality Tea - Fruit - 1.60, Large Iced latte - 2.85, Large Glass of milk - 1.10",8.6,CARD,4388457311599176
18/12/2024 15:34,Middlesbrough,Mike Carr,"Regular Glass of milk - 0.70, Regular Cortado - 2.05, Regular Chai latte - 2.30, Large Glass of milk - 1.10, Large Speciality Tea - Fruit - 1.60",7.75,CARD,6803756364646101
18/12/2024 15:35,Middlesbrough,Janet Putnam,"Regular Cortado - 2.05, Large Chai latte - 2.60",4.65,CARD,8643148189311510
18/12/2024 15:36,Middlesbrough,Justin Law,"Large Glass of milk - 1.10, Large Glass of milk - 1.10",2.2,CASH,
18/12/2024 15:37,Middlesbrough,Robert Franklin,"Regular Cortado - 2.05, Regular Cortado - 2.05, Regular Iced latte - 2.35",6.45,CASH,
18/12/2024 15:38,Middlesbrough,Gladys Vandusen,"Large Cortado - 2.35, Regular Cortado - 2.05, Large Chai latte - 2.60, Large Cortado - 2.35",9.35,CARD,2908443199034397
18/12/2024 15:39,Middlesbrough,Gabriel Floyd,"Large Glass of milk - 1.10, Regular Chai latte - 2.30, Large Iced latte - 2.85",6.25,CARD,2875414056195221
18/12/2024 15:40,Middlesbrough,George Perez,Regular Glass of milk - 0.70,0.7,CASH,
18/12/2024 15:42,Middlesbrough,David Duncan,"Regular Glass of milk - 0.70, Large Speciality Tea - Fruit - 1.60, Large Chai latte - 2.60, Regular Speciality Tea - Fruit - 1.30",6.2,CARD,5751296603282301
18/12/2024 15:43,Middlesbrough,Brian Quarnstrom,"Regular Cortado - 2.05, Large Speciality Tea - Fruit - 1.60",3.65,CASH,
18/12/2024 15:44,Middlesbrough,Marion Foster,Large Cortado - 2.35,2.35,CARD,9006754678678382
18/12/2024 15:45,Middlesbrough,Mary Mcmullen,Large Cortado - 2.35,2.35,CARD,3244041245348737
18/12/2024 15:46,Middlesbrough,Linda Ferrell,Regular Iced latte - 2.35,2.35,CASH,
18/12/2024 15:47,Middlesbrough,Don Walters,"Large Glass of milk - 1.10, Large Cortado - 2.35, Large Iced latte - 2.85, Regular Cortado - 2.05, Large Chai latte - 2.60",10.95,CASH,
18/12/2024 15:48,Middlesbrough,Hilda Hopkins,"Large Iced latte - 2.85, Large Iced latte - 2.85",5.7,CARD,4859522190294664
18/12/2024 15:49,Middlesbrough,Patsy Wolf,Large Glass of milk - 1.10,1.1,CASH,
18/12/2024 15:50,Middlesbrough,Elizabeth Langer,"Large Chai latte - 2.60, Regular Speciality Tea - Fruit - 1.30, Large Chai latte - 2.60, Regular Glass of milk - 0.70, Large Speciality Tea - Fruit - 1.60, Regular Iced latte - 2.35",11.15,CARD,4886160113229721
18/12/2024 15:51,Middlesbrough,Marvin Almanza,"Large Glass of milk - 1.10, Large Speciality Tea - Fruit - 1.60, Large Chai latte - 2.60, Regular Chai latte - 2.30, Large Glass of milk - 1.10",8.7,CASH,
18/12/2024 15:52,Middlesbrough,Lucy Headrick,"Regular Glass of milk - 0.70, Regular Cortado - 2.05, Regular Iced latte - 2.35",5.1,CASH,
18/12/2024 15:53,Middlesbrough,Steven Bronson,"Regular Iced latte - 2.35, Regular Chai latte - 2.30",4.65,CARD,2670411874025682
18/12/2024 15:54,Middlesbrough,Diana Harder,"Regular Cortado - 2.05, Regular Speciality Tea - Fruit - 1.30",3.35,CARD,5604576097469800
18/12/2024 15:55,Middlesbrough,Thelma Langham,"Large Glass of milk - 1.10, Large Glass of milk - 1.10, Large Glass of milk - 1.10, Large Glass of milk - 1.10",4.4,CARD,7689379399655889
18/12/2024 15:56,Middlesbrough,Nancy Delossantos,"Regular Iced latte - 2.35, Large Chai latte - 2.60",4.95,CARD,4242422997219864
18/12/2024 15:57,Middlesbrough,Earlene Smith,Regular Glass of milk - 0.70,0.7,CARD,6844484744738603
18/12/2024 15:58,Middlesbrough,Dorothy Crase,"Large Glass of milk - 1.10, Large Glass of milk - 1.10, Large Chai latte - 2.60, Large Chai latte - 2.60, Regular Glass of milk - 0.70",8.1,CARD,2878066760200834
18/12/2024 15:59,Middlesbrough,Karolyn Woolverton,"Regular Cortado - 2.05, Large Iced latte - 2.85",4.9,CARD,7047708847279745
18/12/2024 16:00,Middlesbrough,Sheila Eley,"Large Cortado - 2.35, Regular Glass of milk - 0.70, Large Iced latte - 2.85, Large Cortado - 2.35, Regular Glass of milk - 0.70, Regular Iced latte - 2.35",11.3,CARD,9221682519520018
18/12/2024 16:03,Middlesbrough,Jeri Girdley,"Large Chai latte - 2.60, Large Cortado - 2.35, Large Speciality Tea - Fruit - 1.60",6.55,CARD,7571595121349444
18/12/2024 16:05,Middlesbrough,Kenneth Harkless,"Large Chai latte - 2.60, Regular Cortado - 2.05, Regular Glass of milk - 0.70",5.35,CARD,8166889904506975
18/12/2024 16:08,Middlesbrough,Michael Wilson,"Large Cortado - 2.35, Regular Cortado - 2.05",4.4,CARD,2787811959569562
18/12/2024 16:10,Middlesbrough,George Schleich,"Regular Speciality Tea - Fruit - 1.30, Large Speciality Tea - Fruit - 1.60, Large Cortado - 2.35, Large Speciality Tea - Fruit - 1.60, Large Iced latte - 2.85",9.7,CASH,
18/12/2024 16:13,Middlesbrough,Karen Crump,"Large Glass of milk - 1.10, Large Iced latte - 2.85, Regular Cortado - 2.05",6.0,CASH,
18/12/2024 16:15,Middlesbrough,Sean Kyles,"Regular Iced latte - 2.35, Large Iced latte - 2.85, Regular Iced latte - 2.35, Regular Chai latte - 2.30",9.85,CARD,8892492977096706
18/12/2024 16:18,Middlesbrough,Dave Wade,"Large Speciality Tea - Fruit - 1.60, Regular Speciality Tea - Fruit - 1.30, Regular Chai latte - 2.30, Large Cortado - 2.35",7.55,CARD,3607179933344103
18/12/2024 16:20,Middlesbrough,Michelle Nemith,Regular Cortado - 2.05,2.05,CARD,7663662890234997
18/12/2024 16:23,Middlesbrough,Thelma Newsome,"Large Glass of milk - 1.10, Regular Iced latte - 2.35, Large Chai latte - 2.60, Regular Speciality Tea - Fruit - 1.30",7.35,CARD,8817386329002564
18/12/2024 16:25,Middlesbrough,Sam Myers,"Large Speciality Tea - Fruit - 1.60, Regular Iced latte - 2.35, Regular Cortado - 2.05",6.0,CARD,7415282155460758
18/12/2024 16:28,Middlesbrough,William Keller,"Regular Glass of milk - 0.70, Large Iced latte - 2.85, Regular Chai latte - 2.30, Regular Glass of milk - 0.70, Regular Iced latte - 2.35, Regular Chai latte - 2.30",11.2,CARD,4422994381267952
18/12/2024 16:30,Middlesbrough,Karen Daniel,"Regular Glass of milk - 0.70, Regular Chai latte - 2.30, Regular Chai latte - 2.30, Regular Cortado - 2.05",7.35,CARD,3907616561808467
18/12/2024 16:33,Middlesbrough,Anne Taque,"Large Cortado - 2.35, Regular Chai latte - 2.30, Large Glass of milk - 1.10, Regular Cortado - 2.05, Large Chai latte - 2.60",10.4,CASH,
18/12/2024 16:35,Middlesbrough,Richard Heister,"Large Chai latte - 2.60, Regular Iced latte - 2.35, Regular Speciality Tea - Fruit - 1.30, Regular Cortado - 2.05, Regular Chai latte - 2.30",10.6,CARD,5130633724160243
18/12/2024 16:38,Middlesbrough,Dean Pleiman,"Large Iced latte - 2.85, Regular Cortado - 2.05, Large Chai latte - 2.60",7.5,CARD,3104286276896122
18/12/2024 16:40,Middlesbrough,Frank Knight,"Regular Cortado - 2.05, Large Iced latte - 2.85, Regular Iced latte - 2.35",7.25,CARD,8584322264015049
18/12/2024 16:43,Middlesbrough,Bennie Weaver,"Regular Iced latte - 2.35, Large Cortado - 2.35, Large Iced latte - 2.85, Large Iced latte - 2.85",10.4,CASH,
18/12/2024 16:45,Middlesbrough,Michael Gottlieb,Regular Chai latte - 2.30,2.3,CARD,4046333438244854
18/12/2024 16:48,Middlesbrough,Betty Mccormick,Regular Iced latte - 2.35,2.35,CARD,4739235422785177
18/12/2024 16:50,Middlesbrough,Jason Stathopoulos,"Large Iced latte - 2.85, Large Speciality Tea - Fruit - 1.60, Large Iced latte - 2.85",7.3,CARD,8128445509916926
18/12/2024 16:53,Middlesbrough,Micah Dambrose,"Large Iced latte - 2.85, Large Glass of milk - 1.10, Large Iced latte - 2.85",6.8,CASH,
18/12/2024 16:55,Middlesbrough,Marvin Campbell,Regular Cortado - 2.05,2.05,CARD,3440906517791887
18/12/2024 16:58,Middlesbrough,George Fullmer,Regular Chai latte - 2.30,2.3,CARD,2856849598030352
