18/12/2024 08:00,Newcastle upon Tyne,Cleo Dixon,"Regular Iced latte - 2.35, Regular Iced latte - 2.35, Regular Speciality Tea - Camomile - 1.30, Large Smoothies - Glowing Greens - 2.50",8.5,CARD,2322488644990666
18/12/2024 08:01,Newcastle upon Tyne,Molly Hasty,"Regular Smoothies - Glowing Greens - 2.00, Large Speciality Tea - Camomile - 1.60",3.6,CARD,6055137696109418
18/12/2024 08:02,Newcastle upon Tyne,Mary Mckellar,"Regular Speciality Tea - English breakfast - 1.30, Regular Speciality Tea - Camomile - 1.30, Regular Americano - 1.95",4.55,CASH,
18/12/2024 08:03,Newcastle upon Tyne,Donald Mink,Regular Speciality Tea - English breakfast - 1.30,1.3,CARD,2472023157145020
18/12/2024 08:04,Newcastle upon Tyne,Alice Nedley,"Large Smoothies - Glowing Greens - 2.50, Large Speciality Tea - Camomile - 1.60",4.1,CARD,1258537672203876
18/12/2024 08:06,Newcastle upon Tyne,Joseph Bryce,Regular Americano - 1.95,1.95,CARD,5848919297385540
18/12/2024 08:07,Newcastle upon Tyne,Gregory Madden,"Regular Americano - 1.95, Regular Americano - 1.95",3.9,CARD,8458978717947327
18/12/2024 08:08,Newcastle upon Tyne,Adam Reyes,"Regular Speciality Tea - English breakfast - 1.30, Large Iced latte - 2.85",4.15,CARD,7931417447051961
18/12/2024 08:09,Newcastle upon Tyne,Richard Wear,"Regular Speciality Tea - English breakfast - 1.30, Large Speciality Tea - English breakfast - 1.60, Large Americano - 2.25",5.15,CARD,2558878719413987
18/12/2024 08:10,Newcastle upon Tyne,Joyce Beeler,"Large Americano - 2.25, Regular Americano - 1.95",4.2,CARD,1759210282023612
18/12/2024 08:12,Newcastle upon Tyne,Robert Bell,"Large Speciality Tea - English breakfast - 1.60, Regular Iced latte - 2.35, Regular Speciality Tea - Camomile - 1.30, Large Iced latte - 2.85",8.1,CARD,1174697308744293
18/12/2024 08:13,Newcastle upon Tyne,George Cote,Large Speciality Tea - English breakfast - 1.60,1.6,CARD,8646318912900113
18/12/2024 08:14,Newcastle upon Tyne,Brian Shea,"Large Speciality Tea - English breakfast - 1.60, Regular Speciality Tea - English breakfast - 1.30, Large Iced latte - 2.85, Regular Smoothies - Glowing Greens - 2.00, Large Speciality Tea - English breakfast - 1.60, Large Speciality Tea - Camomile - 1.60",10.95,CARD,9906141120072075
18/12/2024 08:15,Newcastle upon Tyne,Clifton Lara,Regular Americano - 1.95,1.95,CARD,8376077047881149
18/12/2024 08:17,Newcastle upon Tyne,Refugio Willingham,"Large Iced latte - 2.85, Regular Americano - 1.95",4.8,CARD,5078180385998406
18/12/2024 08:18,Newcastle upon Tyne,Anna Roberts,"Large Smoothies - Glowing Greens - 2.50, Regular Smoothies - Glowing Greens - 2.00",4.5,CARD,3949057784285039
18/12/2024 08:19,Newcastle upon Tyne,Robert Castillo,Large Speciality Tea - English breakfast - 1.60,1.6,CARD,5547593762408985
18/12/2024 08:20,Newcastle upon Tyne,Dora Green,"Large Speciality Tea - English breakfast - 1.60, Large Americano - 2.25",3.85,CARD,2970453611418696
18/12/2024 08:21,Newcastle upon Tyne,Theodore Mcclaren,"Regular Smoothies - Glowing Greens - 2.00, Regular Speciality Tea - Camomile - 1.30, Regular Speciality Tea - English breakfast - 1.30, Large Speciality Tea - Camomile - 1.60, Large Americano - 2.25",8.45,CARD,2733828287019029
18/12/2024 08:23,Newcastle upon Tyne,Marie Francis,"Regular Iced latte - 2.35, Regular Iced latte - 2.35",4.7,CARD,1205790420844740
18/12/2024 08:24,Newcastle upon Tyne,Melissa Ash,"Regular Speciality Tea - Camomile - 1.30, Regular Americano - 1.95, Large Americano - 2.25, Large Iced latte - 2.85, Regular Smoothies - Glowing Greens - 2.00",10.35,CASH,
18/12/2024 08:25,Newcastle upon Tyne,Brianna Colvin,"Regular Americano - 1.95, Large Smoothies - Glowing Greens - 2.50, Regular Iced latte - 2.35",6.8,CARD,2549631974860493
18/12/2024 08:26,Newcastle upon Tyne,Gregory Barron,"Large Smoothies - Glowing Greens - 2.50, Regular Speciality Tea - English breakfast - 1.30",3.8,CARD,1900094063387651
18/12/2024 08:27,Newcastle upon Tyne,Lois Merrow,"Regular Americano - 1.95, Large Smoothies - Glowing Greens - 2.50, Large Smoothies - Glowing Greens - 2.50, Large Iced latte - 2.85",9.8,CARD,6298104326191609
18/12/2024 08:29,Newcastle upon Tyne,Garnett Lear,"Regular Speciality Tea - Camomile - 1.30, Regular Iced latte - 2.35",3.65,CARD,9815185760294424
18/12/2024 08:30,Newcastle upon Tyne,Jonathan Quinn,Large Smoothies - Glowing Greens - 2.50,2.5,CARD,8262275257328219
18/12/2024 08:31,Newcastle upon Tyne,Margaret Vasquez,Large Speciality Tea - English breakfast - 1.60,1.6,CARD,3081338648757323
18/12/2024 08:32,Newcastle upon Tyne,Yvette Aponte,Large Americano - 2.25,2.25,CARD,7021191860117507
18/12/2024 08:34,Newcastle upon Tyne,Roy Ortiz,"Regular Smoothies - Glowing Greens - 2.00, Regular Speciality Tea - Camomile - 1.30, Large Americano - 2.25, Large Iced latte - 2.85",8.4,CASH,
18/12/2024 08:35,Newcastle upon Tyne,Frank Knox,"Large Americano - 2.25, Regular Smoothies - Glowing Greens - 2.00, Regular Americano - 1.95, Large Smoothies - Glowing Greens - 2.50, Large Speciality Tea - Camomile - 1.60",10.3,CARD,5394599244375357
18/12/2024 08:36,Newcastle upon Tyne,Jo Brown,"Large Americano - 2.25, Regular Speciality Tea - Camomile - 1.30, Large Smoothies - Glowing Greens - 2.50",6.05,CARD,2937893520258580
18/12/2024 08:37,Newcastle upon Tyne,Susan Grant,"Regular Americano - 1.95, Large Smoothies - Glowing Greens - 2.50, Regular Smoothies - Glowing Greens - 2.00, Large Speciality Tea - Camomile - 1.60",8.05,CARD,2706634721541513
18/12/2024 08:38,Newcastle upon Tyne,Dorothy Dixon,"Regular Smoothies - Glowing Greens - 2.00, Regular Speciality Tea - Camomile - 1.30, Large Americano - 2.25, Regular Americano - 1.95, Large Americano - 2.25",9.75,CASH,
18/12/2024 08:40,Newcastle upon Tyne,Alfred Davis,"Large Speciality Tea - Camomile - 1.60, Regular Americano - 1.95",3.55,CARD,7683064075797527
18/12/2024 08:41,Newcastle upon Tyne,Rebecca Babino,Regular Smoothies - Glowing Greens - 2.00,2.0,CARD,8799982764001391
18/12/2024 08:42,Newcastle upon Tyne,Rosalinda Johnson,"Regular Iced latte - 2.35, Regular Iced latte - 2.35, Regular Americano - 1.95",6.65,CARD,4232683849485540
18/12/2024 08:43,Newcastle upon Tyne,Dwight Valeri,Regular Speciality Tea - Camomile - 1.30,1.3,CARD,1716923242140815
18/12/2024 08:45,Newcastle upon Tyne,Mabel Arnold,Large Iced latte - 2.85,2.85,CARD,7194743614326856
18/12/2024 08:46,Newcastle upon Tyne,Lauren Williams,Regular Americano - 1.95,1.95,CASH,
18/12/2024 08:47,Newcastle upon Tyne,Deborah Burns,"Regular Speciality Tea - Camomile - 1.30, Regular Smoothies - Glowing Greens - 2.00",3.3,CARD,1551632127708902
18/12/2024 08:48,Newcastle upon Tyne,Cassandra Hanline,"Regular Smoothies - Glowing Greens - 2.00, Regular Smoothies - Glowing Greens - 2.00, Large Speciality Tea - English breakfast - 1.60, Large Iced latte - 2.85",8.45,CARD,5922689773697881
18/12/2024 08:49,Newcastle upon Tyne,Justin Collins,"Regular Speciality Tea - English breakfast - 1.30, Regular Americano - 1.95, Large Iced latte - 2.85, Large Smoothies - Glowing Greens - 2.50, Regular Americano - 1.95, Large Speciality Tea - English breakfast - 1.60",12.15,CARD,3754253623198732
18/12/2024 08:51,Newcastle upon Tyne,Mark Hughes,Large Smoothies - Glowing Greens - 2.50,2.5,CARD,6788745096817185
18/12/2024 08:52,Newcastle upon Tyne,Melissa Pocius,"Regular Americano - 1.95, Large Speciality Tea - English breakfast - 1.60",3.55,CARD,4051460385621903
18/12/2024 08:53,Newcastle upon Tyne,Vanesa Terrill,"Regular Speciality Tea - Camomile - 1.30, Large Americano - 2.25",3.55,CARD,7151902254643700
18/12/2024 08:54,Newcastle upon Tyne,William Martell,Large Americano - 2.25,2.25,CARD,9664802775429254
18/12/2024 08:55,Newcastle upon Tyne,Pamela Harvey,Large Iced latte - 2.85,2.85,CARD,9598641002756299
18/12/2024 08:57,Newcastle upon Tyne,Rebecca Calhoun,"Regular Speciality Tea - Camomile - 1.30, Large Smoothies - Glowing Greens - 2.50, Large Smoothies - Glowing Greens - 2.50",6.3,CASH,
18/12/2024 08:58,Newcastle upon Tyne,Noella Austin,Regular Smoothies - Glowing Greens - 2.00,2.0,CARD,4941340067091013
18/12/2024 08:59,Newcastle upon Tyne,Dolores Deleon,"Large Smoothies - Glowing Greens - 2.50, Regular Americano - 1.95, Large Smoothies - Glowing Greens - 2.50, Regular Smoothies - Glowing Greens - 2.00, Regular Speciality Tea - English breakfast - 1.30",10.25,CARD,1713952426672761
18/12/2024 09:00,Newcastle upon Tyne,Charles Leblanc,"Large Smoothies - Glowing Greens - 2.50, Regular Speciality Tea - Camomile - 1.30, Large Smoothies - Glowing Greens - 2.50",6.3,CARD,1346968332703014
18/12/2024 09:01,Newcastle upon Tyne,Kristina Choe,"Regular Iced latte - 2.35, Regular Speciality Tea - English breakfast - 1.30",3.65,CARD,3463286298483603
18/12/2024 09:02,Newcastle upon Tyne,Shawn Houser,Regular Speciality Tea - English breakfast - 1.30,1.3,CARD,8329886561328487
18/12/2024 09:03,Newcastle upon Tyne,Jason Leader,"Regular Speciality Tea - Camomile - 1.30, Regular Smoothies - Glowing Greens - 2.00, Regular Speciality Tea - Camomile - 1.30, Large Smoothies - Glowing Greens - 2.50",7.1,CARD,4582499491441208
18/12/2024 09:04,Newcastle upon Tyne,Martha Hollandsworth,"Large Americano - 2.25, Large Iced latte - 2.85, Regular Speciality Tea - English breakfast - 1.30",6.4,CARD,7471968688535748
18/12/2024 09:05,Newcastle upon Tyne,Janice Lizaola,Regular Americano - 1.95,1.95,CASH,
18/12/2024 09:06,Newcastle upon Tyne,Michael Jefferson,"Regular Speciality Tea - Camomile - 1.30, Regular Speciality Tea - English breakfast - 1.30, Large Americano - 2.25",4.85,CARD,5501896613043766
18/12/2024 09:07,Newcastle upon Tyne,Dominga Kaplan,"Regular Iced latte - 2.35, Regular Speciality Tea - English breakfast - 1.30",3.65,CASH,
18/12/2024 09:08,Newcastle upon Tyne,Nona Gray,Large Iced latte - 2.85,2.85,CARD,3109814294285634
18/12/2024 09:09,Newcastle upon Tyne,Mark Stevens,"Large Speciality Tea - English breakfast - 1.60, Regular Smoothies - Glowing Greens - 2.00, Regular Speciality Tea - Camomile - 1.30, Regular Americano - 1.95",6.85,CARD,6413773907016939
18/12/2024 09:11,Newcastle upon Tyne,Gary Rogers,"Large Americano - 2.25, Regular Iced latte - 2.35",4.6,CARD,9834131483245355
18/12/2024 09:12,Newcastle upon Tyne,Harold Nelke,"Large Speciality Tea - English breakfast - 1.60, Large Speciality Tea - English breakfast - 1.60, Regular Iced latte - 2.35",5.55,CASH,
18/12/2024 09:13,Newcastle upon Tyne,Steve Miller,"Regular Speciality Tea - Camomile - 1.30, Large Smoothies - Glowing Greens - 2.50",3.8,CASH,
18/12/2024 09:14,Newcastle upon Tyne,Anthony Lucy,"Large Smoothies - Glowing Greens - 2.50, Large Speciality Tea - Camomile - 1.60",4.1,CARD,2949943506946952
18/12/2024 09:15,Newcastle upon Tyne,Catherine Cotton,"Regular Smoothies - Glowing Greens - 2.00, Large Iced latte - 2.85, Large Speciality Tea - English breakfast - 1.60",6.45,CARD,3484174848581121
18/12/2024 09:16,Newcastle upon Tyne,John Viveros,"Large Iced latte - 2.85, Regular Speciality Tea - Camomile - 1.30, Regular Americano - 1.95, Regular Americano - 1.95",8.05,CARD,3044439132998970
18/12/2024 09:17,Newcastle upon Tyne,Nicole Leal,"Regular Speciality Tea - Camomile - 1.30, Regular Smoothies - Glowing Greens - 2.00, Regular Smoothies - Glowing Greens - 2.00, Regular Speciality Tea - Camomile - 1.30, Regular Smoothies - Glowing Greens - 2.00",8.6,CARD,1015497644170986
18/12/2024 09:18,Newcastle upon Tyne,Jay Holderfield,"Regular Speciality Tea - Camomile - 1.30, Regular Americano - 1.95, Large Americano - 2.25",5.5,CARD,5661633241143888
18/12/2024 09:19,Newcastle upon Tyne,Elsie Lemanski,"Large Speciality Tea - Camomile - 1.60, Regular Smoothies - Glowing Greens - 2.00, Regular Speciality Tea - Camomile - 1.30, Large Iced latte - 2.85",7.75,CARD,9379959349524556
18/12/2024 09:20,Newcastle upon Tyne,Adam Hynes,"Large Smoothies - Glowing Greens - 2.50, Large Speciality Tea - English breakfast - 1.60",4.1,CARD,8876205269258116
18/12/2024 09:21,Newcastle upon Tyne,Charles Rivera,"Regular Speciality Tea - English breakfast - 1.30, Large Smoothies - Glowing Greens - 2.50, Regular Iced latte - 2.35, Large Americano - 2.25, Large Smoothies - Glowing Greens - 2.50, Regular Speciality Tea - English breakfast - 1.30",12.2,CARD,3593087069449984
18/12/2024 09:22,Newcastle upon Tyne,Juan Lacey,Regular Speciality Tea - English breakfast - 1.30,1.3,CARD,3174541664463294
18/12/2024 09:23,Newcastle upon Tyne,Allen Martin,"Regular Smoothies - Glowing Greens - 2.00, Regular Smoothies - Glowing Greens - 2.00, Large Americano - 2.25",6.25,CARD,9855054703261590
18/12/2024 09:24,Newcastle upon Tyne,Christian Hayzlett,"Large Speciality Tea - Camomile - 1.60, Large Iced latte - 2.85, Large Speciality Tea - Camomile - 1.60, Regular Speciality Tea - English breakfast - 1.30",7.35,CARD,6175171868022663
18/12/2024 09:25,Newcastle upon Tyne,Christy Kort,"Large Americano - 2.25, Large Smoothies - Glowing Greens - 2.50, Regular Speciality Tea - English breakfast - 1.30, Large Speciality Tea - English breakfast - 1.60, Large Speciality Tea - English breakfast - 1.60",9.25,CARD,8862442563769170
18/12/2024 09:26,Newcastle upon Tyne,Paul Mitchell,"Regular Speciality Tea - Camomile - 1.30, Large Speciality Tea - English breakfast - 1.60",2.9,CARD,2424441272943788
18/12/2024 09:27,Newcastle upon Tyne,Diana Clark,"Regular Speciality Tea - Camomile - 1.30, Regular Iced latte - 2.35, Large Speciality Tea - Camomile - 1.60",5.25,CARD,8881844524002987
18/12/2024 09:28,Newcastle upon Tyne,Monica Dixon,"Large Americano - 2.25, Regular Americano - 1.95",4.2,CARD,4922625983264441
18/12/2024 09:29,Newcastle upon Tyne,Justin Castillo,"Regular Smoothies - Glowing Greens - 2.00, Regular Speciality Tea - English breakfast - 1.30, Regular Speciality Tea - Camomile - 1.30, Large Americano - 2.25",6.85,CARD,1914518849407803
18/12/2024 09:30,Newcastle upon Tyne,Michele Price,"Large Americano - 2.25, Regular Smoothies - Glowing Greens - 2.00, Large Americano - 2.25",6.5,CARD,3428093983395183
18/12/2024 09:31,Newcastle upon Tyne,James Garcia,"Large Americano - 2.25, Regular Smoothies - Glowing Greens - 2.00, Regular Speciality Tea - English breakfast - 1.30",5.55,CASH,
18/12/2024 09:32,Newcastle upon Tyne,Erika Schoonmaker,Large Smoothies - Glowing Greens - 2.50,2.5,CARD,2077189427395887
18/12/2024 09:33,Newcastle upon Tyne,Jamie Ross,Large Speciality Tea - Camomile - 1.60,1.6,CASH,
18/12/2024 09:34,Newcastle upon Tyne,Milton Evans,"Large Americano - 2.25, Large Speciality Tea - English breakfast - 1.60",3.85,CARD,7429791435310467
18/12/2024 09:35,Newcastle upon Tyne,George Newman,Large Speciality Tea - Camomile - 1.60,1.6,CASH,
18/12/2024 09:36,Newcastle upon Tyne,Robert Plumb,"Large Speciality Tea - Camomile - 1.60, Large Smoothies - Glowing Greens - 2.50",4.1,CASH,
18/12/2024 09:37,Newcastle upon Tyne,Faith Sandberg,"Regular Speciality Tea - English breakfast - 1.30, Large Speciality Tea - Camomile - 1.60, Regular Speciality Tea - English breakfast - 1.30, Regular Iced latte - 2.35, Regular Americano - 1.95, Large Speciality Tea - Camomile - 1.60",10.1,CARD,7326397836280385
18/12/2024 09:38,Newcastle upon Tyne,Judith Santi,"Regular Smoothies - Glowing Greens - 2.00, Large Speciality Tea - Camomile - 1.60, Regular Americano - 1.95, Regular Smoothies - Glowing Greens - 2.00, Large Speciality Tea - Camomile - 1.60",9.15,CARD,7657417935598303
18/12/2024 09:39,Newcastle upon Tyne,Dorothy Jackson,"Regular Speciality Tea - English breakfast - 1.30, Regular Americano - 1.95",3.25,CASH,
18/12/2024 09:40,Newcastle upon Tyne,Nathan Odom,Regular Smoothies - Glowing Greens - 2.00,2.0,CASH,
18/12/2024 09:41,Newcastle upon Tyne,Dallas Goodpasture,"Regular Speciality Tea - Camomile - 1.30, Regular Americano - 1.95, Large Smoothies - Glowing Greens - 2.50, Large Smoothies - Glowing Greens - 2.50",8.25,CARD,5413550013911295
18/12/2024 09:42,Newcastle upon Tyne,Robert Hysom,"Large Americano - 2.25, Regular Speciality Tea - Camomile - 1.30, Large Smoothies - Glowing Greens - 2.50, Large Speciality Tea - Camomile - 1.60, Large Speciality Tea - English breakfast - 1.60",9.25,CARD,1336636251493929
18/12/2024 09:43,Newcastle upon Tyne,Yvonne Grisby,"Regular Americano - 1.95, Large Smoothies - Glowing Greens - 2.50, Large Smoothies - Glowing Greens - 2.50, Large Smoothies - Glowing Greens - 2.50",9.45,CASH,
18/12/2024 09:44,Newcastle upon Tyne,Edward Johnson,"Regular Smoothies - Glowing Greens - 2.00, Regular Iced latte - 2.35, Large Speciality Tea - English breakfast - 1.60, Large Americano - 2.25, Large Smoothies - Glowing Greens - 2.50, Regular Speciality Tea - English breakfast - 1.30",12.0,CASH,
18/12/2024 09:45,Newcastle upon Tyne,Pauline Nee,"Large Speciality Tea - English breakfast - 1.60, Large Americano - 2.25, Regular Smoothies - Glowing Greens - 2.00",5.85,CARD,8346432251796218
18/12/2024 09:46,Newcastle upon Tyne,William Pepe,"Large Americano - 2.25, Regular Speciality Tea - Camomile - 1.30",3.55,CASH,
18/12/2024 09:47,Newcastle upon Tyne,Jean Williams,"Regular Smoothies - Glowing Greens - 2.00, Regular Americano - 1.95, Large Iced latte - 2.85, Regular Speciality Tea - Camomile - 1.30",8.1,CARD,9886748549905207
18/12/2024 09:48,Newcastle upon Tyne,James Murphy,"Large Speciality Tea - Camomile - 1.60, Regular Speciality Tea - Camomile - 1.30",2.9,CARD,8580017523236910
18/12/2024 09:49,Newcastle upon Tyne,Lawrence Chandler,"Regular Speciality Tea - Camomile - 1.30, Large Americano - 2.25, Large Speciality Tea - Camomile - 1.60, Large Smoothies - Glowing Greens - 2.50, Large Smoothies - Glowing Greens - 2.50",10.15,CARD,9453456534346057
18/12/2024 09:50,Newcastle upon Tyne,Lois Gallegos,Regular Speciality Tea - Camomile - 1.30,1.3,CASH,
18/12/2024 09:51,Newcastle upon Tyne,Sheena Harris,"Large Iced latte - 2.85, Large Speciality Tea - English breakfast - 1.60, Large Speciality Tea - English breakfast - 1.60, Regular Speciality Tea - English breakfast - 1.30",7.35,CARD,8740899181783849
18/12/2024 09:52,Newcastle upon Tyne,Philip Henderson,Regular Americano - 1.95,1.95,CARD,3721988795625253
18/12/2024 09:53,Newcastle upon Tyne,Julius Ludlow,"Large Americano - 2.25, Regular Speciality Tea - Camomile - 1.30, Large Iced latte - 2.85",6.4,CARD,5304154153031889
18/12/2024 09:54,Newcastle upon Tyne,Terry Carney,"Large Speciality Tea - Camomile - 1.60, Regular Smoothies - Glowing Greens - 2.00, Regular Smoothies - Glowing Greens - 2.00, Large Speciality Tea - English breakfast - 1.60",7.2,CARD,6972922602339546
18/12/2024 09:55,Newcastle upon Tyne,Candice Davies,"Regular Speciality Tea - English breakfast - 1.30, Regular Speciality Tea - Camomile - 1.30, Regular Speciality Tea - Camomile - 1.30, Regular Smoothies - Glowing Greens - 2.00",5.9,CARD,8954711264160062
18/12/2024 09:56,Newcastle upon Tyne,Paul Day,"Regular Speciality Tea - Camomile - 1.30, Regular Iced latte - 2.35",3.65,CARD,5940134359399627
18/12/2024 09:57,Newcastle upon Tyne,Lorraine Persinger,Regular Iced latte - 2.35,2.35,CARD,6121695747532991
18/12/2024 09:58,Newcastle upon Tyne,Martha Britt,"Regular Speciality Tea - English breakfast - 1.30, Large Speciality Tea - Camomile - 1.60, Large Speciality Tea - Camomile - 1.60, Regular Iced latte - 2.35, Large Speciality Tea - Camomile - 1.60",8.45,CARD,5981032068956425
18/12/2024 09:59,Newcastle upon Tyne,Richard Robirds,"Regular Speciality Tea - Camomile - 1.30, Regular Smoothies - Glowing Greens - 2.00, Large Smoothies - Glowing Greens - 2.50",5.8,CARD,2543691467222062
18/12/2024 10:00,Newcastle upon Tyne,Phillip Lavallee,"Large Smoothies - Glowing Greens - 2.50, Large Speciality Tea - Camomile - 1.60, Regular Smoothies - Glowing Greens - 2.00",6.1,CARD,8858104691173421
18/12/2024 10:02,Newcastle upon Tyne,Marion Copley,"Regular Iced latte - 2.35, Regular Smoothies - Glowing Greens - 2.00, Regular Speciality Tea - English breakfast - 1.30, Large Smoothies - Glowing Greens - 2.50",8.15,CARD,9737766364137094
18/12/2024 10:04,Newcastle upon Tyne,Buck Luke,"Regular Americano - 1.95, Regular Americano - 1.95, Regular Iced latte - 2.35",6.25,CASH,
18/12/2024 10:05,Newcastle upon Tyne,Phillip Stein,Large Speciality Tea - English breakfast - 1.60,1.6,CARD,8113430099253879
18/12/2024 10:07,Newcastle upon Tyne,Patricia Taff,Regular Speciality Tea - English breakfast - 1.30,1.3,CARD,7162078913197498
18/12/2024 10:09,Newcastle upon Tyne,Marshall Dean,Regular Speciality Tea - Camomile - 1.30,1.3,CARD,6022487465400914
18/12/2024 10:10,Newcastle upon Tyne,Kristina Villareal,"Regular Speciality Tea - English breakfast - 1.30, Regular Iced latte - 2.35, Large Iced latte - 2.85, Large Smoothies - Glowing Greens - 2.50",9.0,CASH,
18/12/2024 10:12,Newcastle upon Tyne,Deanna Hill,"Large Speciality Tea - Camomile - 1.60, Large Speciality Tea - Camomile - 1.60, Large Smoothies - Glowing Greens - 2.50, Large Iced latte - 2.85",8.55,CARD,6990149365339869
18/12/2024 10:14,Newcastle upon Tyne,Vicky Allen,Large Speciality Tea - English breakfast - 1.60,1.6,CARD,6108998396948713
18/12/2024 10:15,Newcastle upon Tyne,Dennis Thompson,"Regular Americano - 1.95, Regular Americano - 1.95, Large Iced latte - 2.85",6.75,CARD,4252221890587135
18/12/2024 10:17,Newcastle upon Tyne,Ann Perez,"Large Smoothies - Glowing Greens - 2.50, Regular Speciality Tea - English breakfast - 1.30, Large Speciality Tea - English breakfast - 1.60",5.4,CARD,2770073466286438
18/12/2024 10:19,Newcastle upon Tyne,Robert Maize,"Regular Speciality Tea - English breakfast - 1.30, Regular Speciality Tea - English breakfast - 1.30, Regular Iced latte - 2.35, Regular Speciality Tea - English breakfast - 1.30, Large Americano - 2.25",8.5,CARD,6818359428224198
18/12/2024 10:20,Newcastle upon Tyne,Lula Flamand,Large Iced latte - 2.85,2.85,CARD,4023831710749483
18/12/2024 10:22,Newcastle upon Tyne,Harold Mangum,"Regular Speciality Tea - Camomile - 1.30, Large Iced latte - 2.85",4.15,CARD,4161167599606839
18/12/2024 10:24,Newcastle upon Tyne,Anita Freeman,"Regular Speciality Tea - English breakfast - 1.30, Large Smoothies - Glowing Greens - 2.50, Large Speciality Tea - English breakfast - 1.60",5.4,CARD,4283271629901107
18/12/2024 10:25,Newcastle upon Tyne,Jennifer Shoemaker,Regular Speciality Tea - Camomile - 1.30,1.3,CARD,5665858920769510
18/12/2024 10:27,Newcastle upon Tyne,Janice Redenius,"Regular Smoothies - Glowing Greens - 2.00, Regular Speciality Tea - English breakfast - 1.30, Large Speciality Tea - English breakfast - 1.60, Regular Smoothies - Glowing Greens - 2.00, Regular Speciality Tea - English breakfast - 1.30, Large Smoothies - Glowing Greens - 2.50",10.7,CARD,7697082347324369
18/12/2024 10:29,Newcastle upon Tyne,Joyce Evans,"Regular Smoothies - Glowing Greens - 2.00, Large Americano - 2.25, Regular Speciality Tea - English breakfast - 1.30",5.55,CARD,7519811438306232
18/12/2024 10:30,Newcastle upon Tyne,Brian Marcus,"Regular Iced latte - 2.35, Large Speciality Tea - English breakfast - 1.60, Large Americano - 2.25, Large Speciality Tea - English breakfast - 1.60, Regular Americano - 1.95",9.75,CASH,
18/12/2024 10:32,Newcastle upon Tyne,Roberto Nguyen,"Regular Americano - 1.95, Large Speciality Tea - Camomile - 1.60, Large Americano - 2.25",5.8,CARD,8252686048473278
18/12/2024 10:34,Newcastle upon Tyne,William Kujawa,"Large Americano - 2.25, Large Speciality Tea - Camomile - 1.60",3.85,CARD,5011578048096411
18/12/2024 10:35,Newcastle upon Tyne,Steven Deangelo,"Regular Speciality Tea - English breakfast - 1.30, Regular Speciality Tea - English breakfast - 1.30, Regular Speciality Tea - English breakfast - 1.30, Large Speciality Tea - Camomile - 1.60, Regular Speciality Tea - Camomile - 1.30, Regular Smoothies - Glowing Greens - 2.00",8.8,CARD,9932646393014407
18/12/2024 10:37,Newcastle upon Tyne,Raul Ferreira,"Large Smoothies - Glowing Greens - 2.50, Regular Americano - 1.95, Large Speciality Tea - Camomile - 1.60",6.05,CARD,4132113153842417
18/12/2024 10:39,Newcastle upon Tyne,Clara Montoya,"Regular Speciality Tea - English breakfast - 1.30, Large Americano - 2.25",3.55,CARD,2873856007020778
18/12/2024 10:40,Newcastle upon Tyne,Jacqueline Himes,"Regular Smoothies - Glowing Greens - 2.00, Large Americano - 2.25, Large Iced latte - 2.85, Large Iced latte - 2.85, Regular Speciality Tea - Camomile - 1.30",11.25,CARD,8694185794861666
18/12/2024 10:42,Newcastle upon Tyne,Christopher Murphy,"Regular Smoothies - Glowing Greens - 2.00, Large Speciality Tea - English breakfast - 1.60, Regular Smoothies - Glowing Greens - 2.00, Regular Iced latte - 2.35, Large Americano - 2.25, Large Speciality Tea - English breakfast - 1.60",11.8,CARD,3440520289087652
18/12/2024 10:44,Newcastle upon Tyne,Janice Martinez,"Large Speciality Tea - Camomile - 1.60, Large Speciality Tea - English breakfast - 1.60, Regular Speciality Tea - English breakfast - 1.30",4.5,CARD,7782946573217171
18/12/2024 10:45,Newcastle upon Tyne,Forrest Lee,"Large Iced latte - 2.85, Regular Smoothies - Glowing Greens - 2.00, Regular Americano - 1.95, Regular Americano - 1.95, Regular Speciality Tea - Camomile - 1.30",10.05,CARD,9517465699656883
18/12/2024 10:47,Newcastle upon Tyne,Barbara Mcdonald,"Large Smoothies - Glowing Greens - 2.50, Large Iced latte - 2.85, Regular Americano - 1.95, Large Speciality Tea - English breakfast - 1.60",8.9,CARD,4976747987638220
18/12/2024 10:49,Newcastle upon Tyne,Doreen Arriola,"Large Speciality Tea - Camomile - 1.60, Large Speciality Tea - English breakfast - 1.60, Large Speciality Tea - English breakfast - 1.60",4.8,CARD,6390136376480666
18/12/2024 10:50,Newcastle upon Tyne,Mary Harper,"Regular Speciality Tea - Camomile - 1.30, Regular Americano - 1.95, Large Speciality Tea - English breakfast - 1.60, Large Iced latte - 2.85, Large Iced latte - 2.85",10.55,CASH,
18/12/2024 10:52,Newcastle upon Tyne,Anne Jiles,Regular Speciality Tea - Camomile - 1.30,1.3,CARD,1391792751565748
18/12/2024 10:54,Newcastle upon Tyne,Ruth Winston,"Regular Speciality Tea - English breakfast - 1.30, Large Speciality Tea - Camomile - 1.60, Regular Americano - 1.95",4.85,CASH,
18/12/2024 10:55,Newcastle upon Tyne,Walter Ruiz,Large Smoothies - Glowing Greens - 2.50,2.5,CASH,
18/12/2024 10:57,Newcastle upon Tyne,Victor Narcisse,"Regular Iced latte - 2.35, Large Americano - 2.25",4.6,CARD,1457942018588210
18/12/2024 10:59,Newcastle upon Tyne,Eboni Roundtree,"Regular Speciality Tea - English breakfast - 1.30, Regular Speciality Tea - English breakfast - 1.30",2.6,CASH,
18/12/2024 11:00,Newcastle upon Tyne,Marilyn Stover,"Large Speciality Tea - English breakfast - 1.60, Large Iced latte - 2.85, Large Iced latte - 2.85",7.3,CASH,
18/12/2024 11:05,Newcastle upon Tyne,Christina Nichols,"Large Iced latte - 2.85, Large Smoothies - Glowing Greens - 2.50, Regular Iced latte - 2.35, Regular Americano - 1.95, Large Speciality Tea - English breakfast - 1.60",11.25,CARD,4094335597929058
18/12/2024 11:10,Newcastle upon Tyne,Edward Delp,"Large Speciality Tea - Camomile - 1.60, Regular Americano - 1.95",3.55,CASH,
18/12/2024 11:15,Newcastle upon Tyne,Sandra Lemay,Large Speciality Tea - Camomile - 1.60,1.6,CASH,
18/12/2024 11:20,Newcastle upon Tyne,John Mills,"Large Smoothies - Glowing Greens - 2.50, Large Americano - 2.25, Large Speciality Tea - Camomile - 1.60",6.35,CARD,5827936727528933
18/12/2024 11:25,Newcastle upon Tyne,Pamela Perez,Regular Speciality Tea - English breakfast - 1.30,1.3,CASH,
18/12/2024 11:30,Newcastle upon Tyne,Christopher Murillo,Regular Speciality Tea - Camomile - 1.30,1.3,CARD,1725940736829766
18/12/2024 11:35,Newcastle upon Tyne,Carmen Polk,Regular Iced latte - 2.35,2.35,CARD,4736362033859109
18/12/2024 11:40,Newcastle upon Tyne,Shirley Kerr,"Regular Smoothies - Glowing Greens - 2.00, Large Smoothies - Glowing Greens - 2.50",4.5,CARD,7947343222366204
18/12/2024 11:45,Newcastle upon Tyne,Sylvia Cooper,Regular Iced latte - 2.35,2.35,CASH,
18/12/2024 11:50,Newcastle upon Tyne,Forest Coleman,Regular Iced latte - 2.35,2.35,CARD,1958451379591646
18/12/2024 11:55,Newcastle upon Tyne,Richard Vasquez,Regular Iced latte - 2.35,2.35,CARD,8649525303329478
18/12/2024 12:00,Newcastle upon Tyne,Christopher Sou,"Large Speciality Tea - English breakfast - 1.60, Regular Americano - 1.95, Large Smoothies - Glowing Greens - 2.50, Regular Speciality Tea - Camomile - 1.30",7.35,CASH,
18/12/2024 12:04,Newcastle upon Tyne,Samantha Boyd,"Large Americano - 2.25, Regular Speciality Tea - Camomile - 1.30",3.55,CARD,2817427812091596
18/12/2024 12:08,Newcastle upon Tyne,Thelma Cunningham,"Regular Speciality Tea - Camomile - 1.30, Large Iced latte - 2.85",4.15,CASH,
18/12/2024 12:12,Newcastle upon Tyne,Wanita Gokey,"Large Iced latte - 2.85, Regular Americano - 1.95, Regular Speciality Tea - Camomile - 1.30",6.1,CARD,5694646863258717
18/12/2024 12:16,Newcastle upon Tyne,Patricia Bates,"Large Americano - 2.25, Regular Smoothies - Glowing Greens - 2.00, Regular Speciality Tea - English breakfast - 1.30",5.55,CASH,
18/12/2024 12:20,Newcastle upon Tyne,Kenneth Black,Large Speciality Tea - English breakfast - 1.60,1.6,CARD,8071723201806755
18/12/2024 12:24,Newcastle upon Tyne,David Spiller,"Large Iced latte - 2.85, Large Speciality Tea - Camomile - 1.60",4.45,CARD,4750253389607465
18/12/2024 12:28,Newcastle upon Tyne,Lorena Austerberry,Regular Smoothies - Glowing Greens - 2.00,2.0,CARD,5159786545461208
18/12/2024 12:32,Newcastle upon Tyne,Sandra Ayers,Regular Smoothies - Glowing Greens - 2.00,2.0,CARD,3782651613223146
18/12/2024 12:36,Newcastle upon Tyne,Mary Roberge,"Large Smoothies - Glowing Greens - 2.50, Large Speciality Tea - Camomile - 1.60, Large Iced latte - 2.85, Large Speciality Tea - Camomile - 1.60",8.55,CARD,9799887252550693
18/12/2024 12:40,Newcastle upon Tyne,Marvin Weaver,"Regular Iced latte - 2.35, Large Speciality Tea - Camomile - 1.60, Large Speciality Tea - Camomile - 1.60, Large Speciality Tea - Camomile - 1.60, Large Smoothies - Glowing Greens - 2.50, Large Speciality Tea - English breakfast - 1.60",11.25,CARD,6047192390720956
18/12/2024 12:44,Newcastle upon Tyne,Taylor Hazard,"Regular Americano - 1.95, Regular Speciality Tea - English breakfast - 1.30, Large Americano - 2.25, Large Speciality Tea - Camomile - 1.60",7.1,CASH,
18/12/2024 12:48,Newcastle upon Tyne,Willard Hansbrough,"Regular Speciality Tea - English breakfast - 1.30, Regular Americano - 1.95, Large Smoothies - Glowing Greens - 2.50, Regular Speciality Tea - English breakfast - 1.30, Large Speciality Tea - English breakfast - 1.60, Large Smoothies - Glowing Greens - 2.50",11.15,CARD,1930442140484302
18/12/2024 12:52,Newcastle upon Tyne,Brenda Swain,"Regular Speciality Tea - English breakfast - 1.30, Regular Speciality Tea - Camomile - 1.30",2.6,CASH,
18/12/2024 12:56,Newcastle upon Tyne,Ronnie Mccollough,"Regular Speciality Tea - English breakfast - 1.30, Regular Iced latte - 2.35, Large Speciality Tea - English breakfast - 1.60",5.25,CASH,
18/12/2024 13:00,Newcastle upon Tyne,Virginia Blevins,"Regular Speciality Tea - Camomile - 1.30, Regular Americano - 1.95, Large Smoothies - Glowing Greens - 2.50",5.75,CARD,4790980152472586
18/12/2024 13:02,Newcastle upon Tyne,Laurie Vildosola,"Large Speciality Tea - Camomile - 1.60, Large Speciality Tea - English breakfast - 1.60, Large Speciality Tea - Camomile - 1.60, Regular Iced latte - 2.35, Large Speciality Tea - Camomile - 1.60",8.75,CARD,6896853356755411
18/12/2024 13:04,Newcastle upon Tyne,Karen Auerswald,"Large Iced latte - 2.85, Regular Smoothies - Glowing Greens - 2.00",4.85,CASH,
18/12/2024 13:06,Newcastle upon Tyne,Carla Brookman,"Regular Speciality Tea - Camomile - 1.30, Regular Iced latte - 2.35, Regular Americano - 1.95, Regular Smoothies - Glowing Greens - 2.00, Regular Speciality Tea - Camomile - 1.30",8.9,CARD,7801968569219171
18/12/2024 13:07,Newcastle upon Tyne,Matthew Derouen,"Large Smoothies - Glowing Greens - 2.50, Regular Speciality Tea - Camomile - 1.30, Large Speciality Tea - English breakfast - 1.60",5.4,CASH,
18/12/2024 13:09,Newcastle upon Tyne,Marcela Ramirez,"Large Smoothies - Glowing Greens - 2.50, Regular Smoothies - Glowing Greens - 2.00",4.5,CASH,
18/12/2024 13:11,Newcastle upon Tyne,Scott Viteri,"Large Americano - 2.25, Regular Smoothies - Glowing Greens - 2.00",4.25,CARD,9244454656877046
18/12/2024 13:13,Newcastle upon Tyne,Piper Kriner,"Large Speciality Tea - Camomile - 1.60, Large Speciality Tea - Camomile - 1.60",3.2,CARD,5646667499189778
18/12/2024 13:14,Newcastle upon Tyne,Isabelle Zamudio,"Regular Smoothies - Glowing Greens - 2.00, Regular Speciality Tea - Camomile - 1.30, Regular Speciality Tea - Camomile - 1.30, Regular Smoothies - Glowing Greens - 2.00",6.6,CARD,8787075931559543
18/12/2024 13:16,Newcastle upon Tyne,Chris Sherwood,Regular Americano - 1.95,1.95,CARD,2954714870576760
18/12/2024 13:18,Newcastle upon Tyne,Nadia Spaulding,"Regular Iced latte - 2.35, Regular Americano - 1.95",4.3,CASH,
18/12/2024 13:20,Newcastle upon Tyne,Johnny Hepworth,"Regular Smoothies - Glowing Greens - 2.00, Large Americano - 2.25, Large Speciality Tea - Camomile - 1.60, Large Speciality Tea - Camomile - 1.60",7.45,CARD,3788847422641685
18/12/2024 13:21,Newcastle upon Tyne,Matthew Wynne,"Regular Iced latte - 2.35, Regular Iced latte - 2.35, Regular Speciality Tea - English breakfast - 1.30, Large Smoothies - Glowing Greens - 2.50",8.5,CARD,8371531139563546
18/12/2024 13:23,Newcastle upon Tyne,Leslie Amador,Large Americano - 2.25,2.25,CASH,
18/12/2024 13:25,Newcastle upon Tyne,Travis Garrett,"Regular Americano - 1.95, Regular Speciality Tea - English breakfast - 1.30, Regular Speciality Tea - English breakfast - 1.30, Regular Speciality Tea - English breakfast - 1.30, Regular Smoothies - Glowing Greens - 2.00",7.85,CARD,2498484456539656
18/12/2024 13:27,Newcastle upon Tyne,Raymond Baklund,"Regular Speciality Tea - English breakfast - 1.30, Regular Smoothies - Glowing Greens - 2.00",3.3,CASH,
18/12/2024 13:28,Newcastle upon Tyne,Jerome Adcock,Regular Smoothies - Glowing Greens - 2.00,2.0,CARD,4622776983696386
18/12/2024 13:30,Newcastle upon Tyne,Mary Burnett,Regular Americano - 1.95,1.95,CARD,6229405610787693
18/12/2024 13:32,Newcastle upon Tyne,Zachary Gilbert,Regular Speciality Tea - English breakfast - 1.30,1.3,CARD,8041137388102420
18/12/2024 13:34,Newcastle upon Tyne,Daniel Paris,"Regular Smoothies - Glowing Greens - 2.00, Large Speciality Tea - Camomile - 1.60, Regular Smoothies - Glowing Greens - 2.00",5.6,CARD,1343437058608035
18/12/2024 13:36,Newcastle upon Tyne,Rebecca Smith,"Regular Iced latte - 2.35, Large Speciality Tea - English breakfast - 1.60",3.95,CARD,4063851527558997
18/12/2024 13:37,Newcastle upon Tyne,Suzanne Sawyer,"Large Americano - 2.25, Large Iced latte - 2.85, Large Speciality Tea - Camomile - 1.60, Regular Speciality Tea - English breakfast - 1.30, Large Smoothies - Glowing Greens - 2.50",10.5,CARD,9219103705612569
18/12/2024 13:39,Newcastle upon Tyne,Elizabeth Meyer,"Regular Americano - 1.95, Large Smoothies - Glowing Greens - 2.50, Large Speciality Tea - English breakfast - 1.60, Regular Americano - 1.95",8.0,CARD,3674237240122266
18/12/2024 13:41,Newcastle upon Tyne,Danny Williams,"Regular Iced latte - 2.35, Regular Speciality Tea - English breakfast - 1.30",3.65,CASH,
18/12/2024 13:43,Newcastle upon Tyne,Amanda Mondor,Large Iced latte - 2.85,2.85,CARD,9656346828385180
18/12/2024 13:44,Newcastle upon Tyne,Albert Blakeney,"Regular Smoothies - Glowing Greens - 2.00, Regular Speciality Tea - English breakfast - 1.30, Large Smoothies - Glowing Greens - 2.50",5.8,CARD,2081511017860316
18/12/2024 13:46,Newcastle upon Tyne,Toby Davies,"Large Speciality Tea - English breakfast - 1.60, Large Smoothies - Glowing Greens - 2.50",4.1,CARD,6165196615657714
18/12/2024 13:48,Newcastle upon Tyne,Kenneth Bradford,"Regular Smoothies - Glowing Greens - 2.00, Large Smoothies - Glowing Greens - 2.50",4.5,CARD,8067806260996119
18/12/2024 13:50,Newcastle upon Tyne,Valerie Lattea,"Large Speciality Tea - English breakfast - 1.60, Regular Speciality Tea - English breakfast - 1.30",2.9,CARD,5024357860165983
18/12/2024 13:51,Newcastle upon Tyne,Marc Davenport,Large Smoothies - Glowing Greens - 2.50,2.5,CARD,1890023447441375
18/12/2024 13:53,Newcastle upon Tyne,Hilda Coleman,"Large Speciality Tea - English breakfast - 1.60, Large Smoothies - Glowing Greens - 2.50, Large Smoothies - Glowing Greens - 2.50, Large Speciality Tea - Camomile - 1.60, Regular Iced latte - 2.35, Large Americano - 2.25",12.8,CARD,9196884020210971
18/12/2024 13:55,Newcastle upon Tyne,Antionette Jones,"Regular Speciality Tea - English breakfast - 1.30, Regular Americano - 1.95",3.25,CASH,
18/12/2024 13:57,Newcastle upon Tyne,Eleanor Esperanza,Regular Smoothies - Glowing Greens - 2.00,2.0,CARD,7590057656812238
18/12/2024 13:58,Newcastle upon Tyne,Valarie Dixon,"Large Smoothies - Glowing Greens - 2.50, Regular Speciality Tea - Camomile - 1.30, Regular Iced latte - 2.35, Regular Iced latte - 2.35, Large Smoothies - Glowing Greens - 2.50",11.0,CARD,9045553634823368
18/12/2024 14:00,Newcastle upon Tyne,Jewel Pelland,"Regular Smoothies - Glowing Greens - 2.00, Large Smoothies - Glowing Greens - 2.50",4.5,CARD,7037267051413188
18/12/2024 14:02,Newcastle upon Tyne,Danny Goddard,Large Iced latte - 2.85,2.85,CASH,
18/12/2024 14:04,Newcastle upon Tyne,Robin Sechrist,Large Americano - 2.25,2.25,CARD,5529579392149583
18/12/2024 14:06,Newcastle upon Tyne,Javier Stewart,Regular Speciality Tea - English breakfast - 1.30,1.3,CARD,7439204867736142
18/12/2024 14:08,Newcastle upon Tyne,Oscar Calbert,"Large Smoothies - Glowing Greens - 2.50, Large Smoothies - Glowing Greens - 2.50",5.0,CARD,3225798083168101
18/12/2024 14:10,Newcastle upon Tyne,Jonathon Aldrich,"Regular Speciality Tea - English breakfast - 1.30, Regular Americano - 1.95, Regular Speciality Tea - Camomile - 1.30, Large Smoothies - Glowing Greens - 2.50, Large Iced latte - 2.85",9.9,CARD,1612471918538361
18/12/2024 14:12,Newcastle upon Tyne,Susan Hovey,"Regular Smoothies - Glowing Greens - 2.00, Regular Speciality Tea - Camomile - 1.30",3.3,CARD,2247083431690910
18/12/2024 14:14,Newcastle upon Tyne,Angelina Mendias,"Large Smoothies - Glowing Greens - 2.50, Regular Speciality Tea - English breakfast - 1.30, Large Iced latte - 2.85",6.65,CASH,
18/12/2024 14:16,Newcastle upon Tyne,Paul Andreasen,Regular Smoothies - Glowing Greens - 2.00,2.0,CARD,5549558187705027
18/12/2024 14:17,Newcastle upon Tyne,Michael Warburton,"Regular Speciality Tea - English breakfast - 1.30, Regular Smoothies - Glowing Greens - 2.00",3.3,CARD,5866422200360976
18/12/2024 14:19,Newcastle upon Tyne,Joseph Mcclure,"Large Speciality Tea - English breakfast - 1.60, Regular Smoothies - Glowing Greens - 2.00",3.6,CARD,2470470087901992
18/12/2024 14:21,Newcastle upon Tyne,Jane Mishou,"Large Smoothies - Glowing Greens - 2.50, Regular Smoothies - Glowing Greens - 2.00, Large Speciality Tea - English breakfast - 1.60",6.1,CARD,4049951478317436
18/12/2024 14:23,Newcastle upon Tyne,Robert Huffines,"Regular Speciality Tea - English breakfast - 1.30, Regular Americano - 1.95, Regular Speciality Tea - English breakfast - 1.30",4.55,CASH,
18/12/2024 14:25,Newcastle upon Tyne,Virginia Schwing,Regular Speciality Tea - Camomile - 1.30,1.3,CARD,2323064292253488
18/12/2024 14:27,Newcastle upon Tyne,Michael Anderson,"Large Smoothies - Glowing Greens - 2.50, Large Smoothies - Glowing Greens - 2.50",5.0,CARD,5474456893153195
18/12/2024 14:29,Newcastle upon Tyne,John Ezell,"Regular Smoothies - Glowing Greens - 2.00, Regular Speciality Tea - Camomile - 1.30, Large Speciality Tea - English breakfast - 1.60, Regular Smoothies - Glowing Greens - 2.00",6.9,CARD,8857270111481909
18/12/2024 14:31,Newcastle upon Tyne,Duane Mcclellan,"Regular Smoothies - Glowing Greens - 2.00, Regular Speciality Tea - English breakfast - 1.30, Large Speciality Tea - English breakfast - 1.60, Large Speciality Tea - Camomile - 1.60",6.5,CARD,9126926224434044
18/12/2024 14:33,Newcastle upon Tyne,Elizabeth Yates,"Regular Speciality Tea - Camomile - 1.30, Large Smoothies - Glowing Greens - 2.50, Large Speciality Tea - Camomile - 1.60, Large Speciality Tea - Camomile - 1.60, Large Americano - 2.25",9.25,CARD,8578016733198996
18/12/2024 14:35,Newcastle upon Tyne,Carol Slater,Regular Smoothies - Glowing Greens - 2.00,2.0,CARD,6743048921736980
18/12/2024 14:37,Newcastle upon Tyne,Paul Donnelly,Large Speciality Tea - English breakfast - 1.60,1.6,CARD,8920888885329407
18/12/2024 14:39,Newcastle upon Tyne,Tracie Hamilton,"Regular Speciality Tea - English breakfast - 1.30, Large Speciality Tea - English breakfast - 1.60",2.9,CASH,
18/12/2024 14:41,Newcastle upon Tyne,Joseph Ochs,"Large Smoothies - Glowing Greens - 2.50, Regular Speciality Tea - Camomile - 1.30, Large Speciality Tea - English breakfast - 1.60, Regular Iced latte - 2.35, Regular Iced latte - 2.35, Regular Smoothies - Glowing Greens - 2.00",12.1,CASH,
18/12/2024 14:43,Newcastle upon Tyne,Walter Thompson,Regular Speciality Tea - Camomile - 1.30,1.3,CASH,
18/12/2024 14:45,Newcastle upon Tyne,Joseph Lowrey,"Large Iced latte - 2.85, Regular Americano - 1.95, Regular Speciality Tea - Camomile - 1.30, Large Smoothies - Glowing Greens - 2.50, Regular Speciality Tea - English breakfast - 1.30",9.9,CARD,7444632272627847
18/12/2024 14:46,Newcastle upon Tyne,Matthew Tran,Large Speciality Tea - Camomile - 1.60,1.6,CARD,6843669647172677
18/12/2024 14:48,Newcastle upon Tyne,Viola Barnes,"Regular Americano - 1.95, Regular Americano - 1.95, Large Smoothies - Glowing Greens - 2.50, Large Iced latte - 2.85, Large Speciality Tea - English breakfast - 1.60",10.85,CASH,
18/12/2024 14:50,Newcastle upon Tyne,Allen Martin,"Large Speciality Tea - Camomile - 1.60, Regular Speciality Tea - Camomile - 1.30, Regular Iced latte - 2.35, Regular Smoothies - Glowing Greens - 2.00",7.25,CARD,1521274817053289
18/12/2024 14:52,Newcastle upon Tyne,Elizabeth Mcfadden,"Large Americano - 2.25, Regular Iced latte - 2.35, Large Smoothies - Glowing Greens - 2.50",7.1,CARD,5506137961770314
18/12/2024 14:54,Newcastle upon Tyne,Jamie Malizia,"Regular Smoothies - Glowing Greens - 2.00, Large Speciality Tea - Camomile - 1.60, Large Smoothies - Glowing Greens - 2.50, Large Americano - 2.25",8.35,CASH,
18/12/2024 14:56,Newcastle upon Tyne,Danilo Moore,"Large Smoothies - Glowing Greens - 2.50, Large Smoothies - Glowing Greens - 2.50, Regular Speciality Tea - English breakfast - 1.30, Large Americano - 2.25",8.55,CARD,9069527904091886
18/12/2024 14:58,Newcastle upon Tyne,Dorothy Ochoa,"Regular Speciality Tea - Camomile - 1.30, Large Americano - 2.25",3.55,CARD,2851575875016558
18/12/2024 15:00,Newcastle upon Tyne,Beulah Bump,"Regular Smoothies - Glowing Greens - 2.00, Regular Speciality Tea - Camomile - 1.30",3.3,CARD,2050126558664218
18/12/2024 15:02,Newcastle upon Tyne,Karen Polizio,"Regular Americano - 1.95, Large Iced latte - 2.85, Regular Iced latte - 2.35",7.15,CARD,7313312276768478
18/12/2024 15:03,Newcastle upon Tyne,Linda Venson,"Regular Speciality Tea - Camomile - 1.30, Regular Speciality Tea - Camomile - 1.30, Regular Iced latte - 2.35, Regular Smoothies - Glowing Greens - 2.00, Regular Speciality Tea - English breakfast - 1.30",8.25,CASH,
18/12/2024 15:05,Newcastle upon Tyne,Melissa Rhodes,"Large Iced latte - 2.85, Large Speciality Tea - English breakfast - 1.60, Large Speciality Tea - English breakfast - 1.60, Regular Speciality Tea - Camomile - 1.30, Large Smoothies - Glowing Greens - 2.50, Large Speciality Tea - English breakfast - 1.60",11.45,CASH,
18/12/2024 15:06,Newcastle upon Tyne,Bruce Ford,Regular Speciality Tea - Camomile - 1.30,1.3,CARD,5129318044271395
18/12/2024 15:08,Newcastle upon Tyne,Heather Sparano,"Regular Speciality Tea - Camomile - 1.30, Large Speciality Tea - Camomile - 1.60, Regular Iced latte - 2.35, Regular Smoothies - Glowing Greens - 2.00",7.25,CARD,7178140234421353
18/12/2024 15:09,Newcastle upon Tyne,Toni Barris,"Regular Speciality Tea - Camomile - 1.30, Large Smoothies - Glowing Greens - 2.50",3.8,CARD,9189349506457948
18/12/2024 15:11,Newcastle upon Tyne,Ursula Bidlack,Regular Speciality Tea - English breakfast - 1.30,1.3,CARD,6846887531879804
18/12/2024 15:13,Newcastle upon Tyne,Paul Marin,"Large Smoothies - Glowing Greens - 2.50, Regular Americano - 1.95, Regular Americano - 1.95, Large Smoothies - Glowing Greens - 2.50",8.9,CARD,8909162008606304
18/12/2024 15:14,Newcastle upon Tyne,Ana Mcwilliams,"Regular Americano - 1.95, Large Speciality Tea - English breakfast - 1.60",3.55,CARD,7156447639561649
18/12/2024 15:16,Newcastle upon Tyne,Shauna Reed,Regular Iced latte - 2.35,2.35,CARD,1685332896669798
18/12/2024 15:17,Newcastle upon Tyne,Richard Eldredge,"Regular Speciality Tea - Camomile - 1.30, Large Smoothies - Glowing Greens - 2.50, Regular Speciality Tea - English breakfast - 1.30",5.1,CASH,
18/12/2024 15:19,Newcastle upon Tyne,Wendy Fisher,"Regular Americano - 1.95, Large Americano - 2.25, Regular Iced latte - 2.35, Regular Speciality Tea - English breakfast - 1.30, Regular Americano - 1.95",9.8,CASH,
18/12/2024 15:20,Newcastle upon Tyne,Harvey Mcgeeney,"Large Smoothies - Glowing Greens - 2.50, Regular Smoothies - Glowing Greens - 2.00, Large Iced latte - 2.85",7.35,CARD,8639827437374121
18/12/2024 15:22,Newcastle upon Tyne,Tom Erickson,"Regular Smoothies - Glowing Greens - 2.00, Large Americano - 2.25",4.25,CARD,3805676384704876
18/12/2024 15:24,Newcastle upon Tyne,Kimberly Plymel,"Large Speciality Tea - Camomile - 1.60, Regular Iced latte - 2.35, Large Americano - 2.25, Large Iced latte - 2.85",9.05,CARD,6464112994337906
18/12/2024 15:25,Newcastle upon Tyne,Todd Orchard,"Regular Smoothies - Glowing Greens - 2.00, Large Iced latte - 2.85",4.85,CARD,2428284650218259
18/12/2024 15:27,Newcastle upon Tyne,Craig Berkey,Large Smoothies - Glowing Greens - 2.50,2.5,CARD,3610949380198350
18/12/2024 15:28,Newcastle upon Tyne,Thomas Gaudin,Regular Iced latte - 2.35,2.35,CASH,
18/12/2024 15:30,Newcastle upon Tyne,Trevor Fudge,"Large Americano - 2.25, Large Speciality Tea - Camomile - 1.60, Regular Iced latte - 2.35, Large Speciality Tea - English breakfast - 1.60",7.8,CARD,1802993604822099
18/12/2024 15:31,Newcastle upon Tyne,Andrea Kittle,Regular Smoothies - Glowing Greens - 2.00,2.0,CARD,5937228464871220
18/12/2024 15:33,Newcastle upon Tyne,Bobbie Bieniek,"Large Speciality Tea - Camomile - 1.60, Regular Americano - 1.95, Large Iced latte - 2.85, Regular Smoothies - Glowing Greens - 2.00",8.4,CARD,6436901617452026
18/12/2024 15:34,Newcastle upon Tyne,Stephanie Laporte,"Large Speciality Tea - Camomile - 1.60, Regular Speciality Tea - Camomile - 1.30, Large Americano - 2.25, Large Smoothies - Glowing Greens - 2.50",7.65,CARD,2826671787248763
18/12/2024 15:36,Newcastle upon Tyne,Ernest Nails,"Large Smoothies - Glowing Greens - 2.50, Large Speciality Tea - Camomile - 1.60",4.1,CARD,1605789000498534
18/12/2024 15:38,Newcastle upon Tyne,Salvador Kimbrell,"Regular Speciality Tea - English breakfast - 1.30, Large Smoothies - Glowing Greens - 2.50, Regular Iced latte - 2.35, Large Americano - 2.25",8.4,CARD,2835199613644583
18/12/2024 15:39,Newcastle upon Tyne,Eduardo Walz,Regular Americano - 1.95,1.95,CARD,8602012795055194
18/12/2024 15:41,Newcastle upon Tyne,Ashley Ramirez,"Regular Smoothies - Glowing Greens - 2.00, Regular Speciality Tea - English breakfast - 1.30, Large Speciality Tea - English breakfast - 1.60, Large Speciality Tea - English breakfast - 1.60",6.5,CARD,1057469910052481
18/12/2024 15:42,Newcastle upon Tyne,Lillian Sheppard,"Regular Americano - 1.95, Regular Smoothies - Glowing Greens - 2.00, Large Speciality Tea - English breakfast - 1.60, Large Speciality Tea - Camomile - 1.60",7.15,CARD,9394740361732951
18/12/2024 15:44,Newcastle upon Tyne,Isaac Hapke,"Regular Americano - 1.95, Large Speciality Tea - Camomile - 1.60, Regular Americano - 1.95, Large Iced latte - 2.85, Regular Smoothies - Glowing Greens - 2.00, Regular Speciality Tea - English breakfast - 1.30",11.65,CASH,
18/12/2024 15:45,Newcastle upon Tyne,Angela Tsan,"Large Smoothies - Glowing Greens - 2.50, Regular Smoothies - Glowing Greens - 2.00, Large Iced latte - 2.85, Regular Speciality Tea - English breakfast - 1.30",8.65,CARD,9446946711901662
18/12/2024 15:47,Newcastle upon Tyne,Robert Ferguson,"Large Smoothies - Glowing Greens - 2.50, Regular Speciality Tea - Camomile - 1.30, Regular Americano - 1.95",5.75,CARD,2569023061670265
18/12/2024 15:49,Newcastle upon Tyne,Anthony Stroupe,"Regular Americano - 1.95, Large Iced latte - 2.85, Large Speciality Tea - English breakfast - 1.60, Large Smoothies - Glowing Greens - 2.50",8.9,CARD,6832954966678118
18/12/2024 15:50,Newcastle upon Tyne,Julie Bell,Large Speciality Tea - Camomile - 1.60,1.6,CARD,3595310709297238
18/12/2024 15:52,Newcastle upon Tyne,Donna Ogden,"Large Americano - 2.25, Large Smoothies - Glowing Greens - 2.50",4.75,CASH,
18/12/2024 15:53,Newcastle upon Tyne,Duane Ramirez,"Regular Iced latte - 2.35, Regular Speciality Tea - Camomile - 1.30",3.65,CARD,9845386811295212
18/12/2024 15:55,Newcastle upon Tyne,Roman Erickson,Regular Speciality Tea - English breakfast - 1.30,1.3,CARD,4081941774618965
18/12/2024 15:56,Newcastle upon Tyne,Clinton Titus,"Large Smoothies - Glowing Greens - 2.50, Regular Speciality Tea - Camomile - 1.30",3.8,CARD,3946296159539022
18/12/2024 15:58,Newcastle upon Tyne,Anthony Melton,"Large Smoothies - Glowing Greens - 2.50, Large Smoothies - Glowing Greens - 2.50",5.0,CARD,5393865586727223
18/12/2024 16:00,Newcastle upon Tyne,Andy Cook,Large Speciality Tea - Camomile - 1.60,1.6,CARD,6657958435018431
18/12/2024 16:01,Newcastle upon Tyne,Isaac Ver,Large Americano - 2.25,2.25,CARD,9026542160278087
18/12/2024 16:03,Newcastle upon Tyne,Aileen Love,"Regular Smoothies - Glowing Greens - 2.00, Regular Speciality Tea - Camomile - 1.30, Regular Iced latte - 2.35, Large Smoothies - Glowing Greens - 2.50",8.15,CARD,1036657013407174
18/12/2024 16:05,Newcastle upon Tyne,Greg Jones,Large Americano - 2.25,2.25,CARD,1449482020014182
18/12/2024 16:07,Newcastle upon Tyne,Kelly Ayotte,Regular Americano - 1.95,1.95,CARD,2075236800474739
18/12/2024 16:09,Newcastle upon Tyne,David Oshey,Large Smoothies - Glowing Greens - 2.50,2.5,CARD,5664077832737935
18/12/2024 16:11,Newcastle upon Tyne,Susana Hines,Regular Smoothies - Glowing Greens - 2.00,2.0,CASH,
18/12/2024 16:13,Newcastle upon Tyne,Keith Williams,"Regular Americano - 1.95, Large Speciality Tea - Camomile - 1.60, Regular Americano - 1.95",5.5,CARD,9239741386418317
18/12/2024 16:14,Newcastle upon Tyne,Danielle Genova,"Regular Speciality Tea - Camomile - 1.30, Large Speciality Tea - Camomile - 1.60, Regular Speciality Tea - English breakfast - 1.30",4.2,CASH,
18/12/2024 16:16,Newcastle upon Tyne,Thomas Smith,"Regular Speciality Tea - English breakfast - 1.30, Large Speciality Tea - English breakfast - 1.60, Large Smoothies - Glowing Greens - 2.50, Regular Iced latte - 2.35, Regular Americano - 1.95, Large Speciality Tea - Camomile - 1.60",11.3,CARD,7319896635462587
18/12/2024 16:18,Newcastle upon Tyne,Jackie Ridley,"Large Smoothies - Glowing Greens - 2.50, Large Americano - 2.25, Regular Iced latte - 2.35, Regular Speciality Tea - Camomile - 1.30, Large Americano - 2.25",10.65,CARD,2033995184089276
18/12/2024 16:20,Newcastle upon Tyne,Kevin Toan,"Large Iced latte - 2.85, Large Iced latte - 2.85",5.7,CARD,9024199047326040
18/12/2024 16:22,Newcastle upon Tyne,Deborah Waitman,Large Iced latte - 2.85,2.85,CARD,9456113281114503
18/12/2024 16:24,Newcastle upon Tyne,Kevin Lilly,"Large Speciality Tea - English breakfast - 1.60, Regular Speciality Tea - English breakfast - 1.30",2.9,CARD,6205085459590493
18/12/2024 16:26,Newcastle upon Tyne,Sadie Sanchez,"Large Smoothies - Glowing Greens - 2.50, Regular Speciality Tea - Camomile - 1.30, Regular Speciality Tea - Camomile - 1.30, Large Speciality Tea - Camomile - 1.60",6.7,CASH,
18/12/2024 16:28,Newcastle upon Tyne,Lisa Quiroz,"Regular Speciality Tea - English breakfast - 1.30, Large Smoothies - Glowing Greens - 2.50, Large Speciality Tea - English breakfast - 1.60",5.4,CASH,
18/12/2024 16:29,Newcastle upon Tyne,Marian Manzione,Regular Americano - 1.95,1.95,CARD,2826885103370317
18/12/2024 16:31,Newcastle upon Tyne,Anne Schmitmeyer,"Regular Americano - 1.95, Large Speciality Tea - English breakfast - 1.60, Regular Iced latte - 2.35, Regular Smoothies - Glowing Greens - 2.00, Large Speciality Tea - Camomile - 1.60",9.5,CARD,3903677107702644
18/12/2024 16:33,Newcastle upon Tyne,Delores Thompson,"Regular Smoothies - Glowing Greens - 2.00, Large Speciality Tea - Camomile - 1.60",3.6,CASH,
18/12/2024 16:35,Newcastle upon Tyne,Wilbur Stribling,Regular Speciality Tea - Camomile - 1.30,1.3,CARD,7685943570514100
18/12/2024 16:37,Newcastle upon Tyne,Valerie Cortez,"Large Iced latte - 2.85, Large Americano - 2.25",5.1,CARD,7224720687784042
18/12/2024 16:39,Newcastle upon Tyne,Christopher Looney,Large Speciality Tea - Camomile - 1.60,1.6,CARD,6340928291938294
18/12/2024 16:41,Newcastle upon Tyne,Victoria Dale,"Regular Speciality Tea - Camomile - 1.30, Regular Iced latte - 2.35",3.65,CARD,8542939679103055
18/12/2024 16:42,Newcastle upon Tyne,Luis Wing,"Regular Speciality Tea - Camomile - 1.30, Regular Speciality Tea - English breakfast - 1.30, Regular Iced latte - 2.35, Large Speciality Tea - Camomile - 1.60",6.55,CASH,
18/12/2024 16:44,Newcastle upon Tyne,Cedric Dyer,"Regular Speciality Tea - Camomile - 1.30, Large Speciality Tea - English breakfast - 1.60, Regular Speciality Tea - Camomile - 1.30",4.2,CARD,7521939402859158
18/12/2024 16:46,Newcastle upon Tyne,Theresa Packard,Large Iced latte - 2.85,2.85,CARD,5730646001860866
18/12/2024 16:48,Newcastle upon Tyne,Patrick Woods,Regular Smoothies - Glowing Greens - 2.00,2.0,CASH,
18/12/2024 16:50,Newcastle upon Tyne,Keith Boudreau,"Regular Speciality Tea - Camomile - 1.30, Large Speciality Tea - English breakfast - 1.60",2.9,CARD,2842010122034691
18/12/2024 16:52,Newcastle upon Tyne,Herminia Hill,"Large Speciality Tea - English breakfast - 1.60, Large Iced latte - 2.85, Regular Speciality Tea - Camomile - 1.30",5.75,CARD,2498692854724201
18/12/2024 16:54,Newcastle upon Tyne,George Clark,"Large Speciality Tea - Camomile - 1.60, Regular Americano - 1.95",3.55,CARD,5536445264332979
18/12/2024 16:56,Newcastle upon Tyne,Shannon Olsen,"Regular Americano - 1.95, Large Smoothies - Glowing Greens - 2.50, Regular Americano - 1.95, Large Speciality Tea - Camomile - 1.60, Regular Speciality Tea - Camomile - 1.30, Regular Speciality Tea - Camomile - 1.30",10.6,CARD,6380341643620602
18/12/2024 16:57,Newcastle upon Tyne,Ronnie Richmond,"Regular Smoothies - Glowing Greens - 2.00, Regular Speciality Tea - English breakfast - 1.30, Regular Iced latte - 2.35",5.65,CARD,6474695323729956
18/12/2024 16:59,Newcastle upon Tyne,Anne Howard,"Large Speciality Tea - Camomile - 1.60, Regular Smoothies - Glowing Greens - 2.00, Regular Smoothies - Glowing Greens - 2.00",5.6,CARD,5680395424642696
18/12/2024 17:01,Newcastle upon Tyne,Christina Ethridge,Large Americano - 2.25,2.25,CASH,
18/12/2024 17:03,Newcastle upon Tyne,Michelle Costley,"Regular Speciality Tea - English breakfast - 1.30, Large Iced latte - 2.85, Large Iced latte - 2.85",7.0,CARD,2083431781266632
18/12/2024 17:05,Newcastle upon Tyne,Harry Church,Large Smoothies - Glowing Greens - 2.50,2.5,CASH,
18/12/2024 17:08,Newcastle upon Tyne,Fred Gum,"Regular Americano - 1.95, Regular Speciality Tea - English breakfast - 1.30",3.25,CARD,5169946974111402
18/12/2024 17:10,Newcastle upon Tyne,Dennis Simmons,"Regular Americano - 1.95, Large Iced latte - 2.85, Regular Speciality Tea - English breakfast - 1.30",6.1,CARD,4727451582090232
18/12/2024 17:12,Newcastle upon Tyne,Carie Haun,"Large Speciality Tea - Camomile - 1.60, Large Iced latte - 2.85, Regular Speciality Tea - English breakfast - 1.30",5.75,CARD,4288357707974923
18/12/2024 17:14,Newcastle upon Tyne,Woodrow Lewis,"Regular Iced latte - 2.35, Regular Speciality Tea - Camomile - 1.30, Regular Speciality Tea - Camomile - 1.30, Regular Speciality Tea - English breakfast - 1.30",6.25,CARD,9865907188995031
18/12/2024 17:16,Newcastle upon Tyne,Mark Boscio,Large Speciality Tea - English breakfast - 1.60,1.6,CARD,6292024161003973
18/12/2024 17:18,Newcastle upon Tyne,Ora Holmes,"Large Speciality Tea - English breakfast - 1.60, Regular Speciality Tea - Camomile - 1.30",2.9,CARD,1059651113279843
18/12/2024 17:20,Newcastle upon Tyne,Theresa Thomasson,"Large Americano - 2.25, Regular Speciality Tea - English breakfast - 1.30, Large Smoothies - Glowing Greens - 2.50",6.05,CARD,4013489841611991
18/12/2024 17:22,Newcastle upon Tyne,Leila Holmes,"Regular Americano - 1.95, Large Smoothies - Glowing Greens - 2.50, Regular Smoothies - Glowing Greens - 2.00, Large Smoothies - Glowing Greens - 2.50",8.95,CARD,9345203568070824
18/12/2024 17:25,Newcastle upon Tyne,Robert Labadie,Regular Americano - 1.95,1.95,CARD,6333169368946109
18/12/2024 17:27,Newcastle upon Tyne,Suk Campbell,Regular Iced latte - 2.35,2.35,CASH,
18/12/2024 17:29,Newcastle upon Tyne,Andrew Mathews,"Large Speciality Tea - English breakfast - 1.60, Large Americano - 2.25, Regular Speciality Tea - English breakfast - 1.30, Regular Speciality Tea - English breakfast - 1.30, Regular Speciality Tea - Camomile - 1.30",7.75,CARD,1642462386275115
18/12/2024 17:31,Newcastle upon Tyne,Margaret Smith,"Regular Iced latte - 2.35, Large Iced latte - 2.85",5.2,CASH,
18/12/2024 17:33,Newcastle upon Tyne,Kenneth Joy,Regular Speciality Tea - Camomile - 1.30,1.3,CARD,3469732615358260
18/12/2024 17:35,Newcastle upon Tyne,Samuel Stokes,Large Iced latte - 2.85,2.85,CARD,8560235198864116
18/12/2024 17:37,Newcastle upon Tyne,Mark Gonzales,"Regular Smoothies - Glowing Greens - 2.00, Large Americano - 2.25, Regular Smoothies - Glowing Greens - 2.00, Regular Speciality Tea - English breakfast - 1.30",7.55,CARD,9381029850375267
18/12/2024 17:40,Newcastle upon Tyne,Brooks Dage,"Regular Smoothies - Glowing Greens - 2.00, Regular Speciality Tea - Camomile - 1.30, Regular Speciality Tea - Camomile - 1.30",4.6,CARD,3337488983345297
18/12/2024 17:42,Newcastle upon Tyne,Ramona Parker,"Large Iced latte - 2.85, Large Americano - 2.25",5.1,CASH,
18/12/2024 17:44,Newcastle upon Tyne,Cynthia Caretto,Regular Speciality Tea - Camomile - 1.30,1.3,CASH,
18/12/2024 17:46,Newcastle upon Tyne,Byron Mckinney,"Regular Speciality Tea - Camomile - 1.30, Regular Speciality Tea - English breakfast - 1.30, Large Speciality Tea - Camomile - 1.60",4.2,CARD,9746387265214239
18/12/2024 17:48,Newcastle upon Tyne,Robert Longo,"Large Speciality Tea - Camomile - 1.60, Regular Smoothies - Glowing Greens - 2.00, Large Iced latte - 2.85, Regular Speciality Tea - Camomile - 1.30, Large Speciality Tea - English breakfast - 1.60",9.35,CARD,3107925548225135
18/12/2024 17:50,Newcastle upon Tyne,Betty Stanley,Regular Speciality Tea - Camomile - 1.30,1.3,CASH,
18/12/2024 17:52,Newcastle upon Tyne,George Antillon,"Regular Speciality Tea - English breakfast - 1.30, Large Iced latte - 2.85",4.15,CASH,
18/12/2024 17:54,Newcastle upon Tyne,Charles Setser,"Large Smoothies - Glowing Greens - 2.50, Large Americano - 2.25, Regular Iced latte - 2.35",7.1,CARD,2872036639257242
18/12/2024 17:57,Newcastle upon Tyne,Thomas Richardson,"Regular Iced latte - 2.35, Regular Smoothies - Glowing Greens - 2.00, Regular Americano - 1.95",6.3,CARD,9042751541993621
18/12/2024 17:59,Newcastle upon Tyne,John Kressler,Regular Speciality Tea - English breakfast - 1.30,1.3,CARD,4962452784053182
18/12/2024 18:01,Newcastle upon Tyne,Jessica Lehrke,"Regular Iced latte - 2.35, Regular Smoothies - Glowing Greens - 2.00",4.35,CASH,
18/12/2024 18:03,Newcastle upon Tyne,Jennifer Lawrence,"Large Iced latte - 2.85, Regular Smoothies - Glowing Greens - 2.00",4.85,CASH,
18/12/2024 18:06,Newcastle upon Tyne,Richard Lewis,"Large Smoothies - Glowing Greens - 2.50, Large Speciality Tea - English breakfast - 1.60, Regular Iced latte - 2.35, Regular Speciality Tea - English breakfast - 1.30",7.75,CARD,5366125162738417
18/12/2024 18:09,Newcastle upon Tyne,Linette House,Large Speciality Tea - English breakfast - 1.60,1.6,CARD,2141665209950359
18/12/2024 18:11,Newcastle upon Tyne,Caroline Dyer,"Large Speciality Tea - English breakfast - 1.60, Large Speciality Tea - Camomile - 1.60, Large Americano - 2.25",5.45,CARD,4385244575035214
18/12/2024 18:14,Newcastle upon Tyne,Kay Brantley,Large Iced latte - 2.85,2.85,CARD,8777069401674495
18/12/2024 18:16,Newcastle upon Tyne,Jennifer Byrge,"Large Iced latte - 2.85, Large Speciality Tea - English breakfast - 1.60",4.45,CARD,7402950404982578
18/12/2024 18:19,Newcastle upon Tyne,Rachel Hunt,Regular Americano - 1.95,1.95,CARD,1875290576684592
18/12/2024 18:22,Newcastle upon Tyne,Barbara Dobos,"Regular Speciality Tea - English breakfast - 1.30, Large Speciality Tea - Camomile - 1.60, Regular Iced latte - 2.35",5.25,CARD,8357202971332611
18/12/2024 18:24,Newcastle upon Tyne,Luis Banderas,"Large Americano - 2.25, Regular Speciality Tea - English breakfast - 1.30",3.55,CARD,1508279233118609
18/12/2024 18:27,Newcastle upon Tyne,Clara Vanvalkenbur,"Regular Speciality Tea - Camomile - 1.30, Regular Americano - 1.95, Regular Americano - 1.95, Large Speciality Tea - English breakfast - 1.60, Regular Smoothies - Glowing Greens - 2.00",8.8,CARD,8461456912957772
18/12/2024 18:29,Newcastle upon Tyne,John Smith,"Large Iced latte - 2.85, Large Americano - 2.25, Regular Iced latte - 2.35, Large Iced latte - 2.85, Regular Iced latte - 2.35",12.65,CARD,8893383567913361
18/12/2024 18:32,Newcastle upon Tyne,Irene Christensen,"Regular Smoothies - Glowing Greens - 2.00, Regular Speciality Tea - Camomile - 1.30, Regular Americano - 1.95, Regular Iced latte - 2.35",7.6,CARD,7756033794896403
18/12/2024 18:35,Newcastle upon Tyne,Laura Huggins,"Large Speciality Tea - English breakfast - 1.60, Large Speciality Tea - English breakfast - 1.60",3.2,CARD,7893550526188578
18/12/2024 18:37,Newcastle upon Tyne,Nancy Alpaugh,"Large Speciality Tea - Camomile - 1.60, Regular Smoothies - Glowing Greens - 2.00, Regular Smoothies - Glowing Greens - 2.00, Regular Speciality Tea - English breakfast - 1.30, Large Speciality Tea - English breakfast - 1.60",8.5,CASH,
18/12/2024 18:40,Newcastle upon Tyne,Anita Campbell,"Large Iced latte - 2.85, Regular Speciality Tea - Camomile - 1.30, Large Americano - 2.25, Large Speciality Tea - English breakfast - 1.60, Regular Iced latte - 2.35",10.35,CARD,9304948481378311
18/12/2024 18:42,Newcastle upon Tyne,Sarah Levitsky,"Large Iced latte - 2.85, Regular Americano - 1.95, Large Iced latte - 2.85, Regular Speciality Tea - English breakfast - 1.30, Large Americano - 2.25",11.2,CARD,1668734595469335
18/12/2024 18:45,Newcastle upon Tyne,Sherry Hackler,"Large Speciality Tea - English breakfast - 1.60, Regular Iced latte - 2.35, Regular Americano - 1.95",5.9,CARD,7651850979281262
18/12/2024 18:48,Newcastle upon Tyne,Zola Wilson,"Large Smoothies - Glowing Greens - 2.50, Regular Speciality Tea - Camomile - 1.30, Regular Speciality Tea - Camomile - 1.30, Regular Iced latte - 2.35",7.45,CARD,7150193073033683
18/12/2024 18:50,Newcastle upon Tyne,Edward Rikard,Large Americano - 2.25,2.25,CASH,
18/12/2024 18:53,Newcastle upon Tyne,Lionel Mason,"Large Iced latte - 2.85, Large Speciality Tea - Camomile - 1.60, Regular Iced latte - 2.35, Large Speciality Tea - Camomile - 1.60, Large Iced latte - 2.85",11.25,CARD,1806136223278168
18/12/2024 18:55,Newcastle upon Tyne,Anne Ledoux,Large Speciality Tea - Camomile - 1.60,1.6,CARD,4562542324444205
18/12/2024 18:58,Newcastle upon Tyne,Robert Terrell,"Regular Iced latte - 2.35, Regular Speciality Tea - English breakfast - 1.30, Regular Speciality Tea - Camomile - 1.30, Large Speciality Tea - Camomile - 1.60, Large Americano - 2.25",8.8,CARD,8349435578679789
18/12/2024 19:01,Newcastle upon Tyne,Ruth Henderson,"Regular Speciality Tea - Camomile - 1.30, Large Iced latte - 2.85, Regular Americano - 1.95, Regular Speciality Tea - Camomile - 1.30",7.4,CARD,8453343591159019
18/12/2024 19:05,Newcastle upon Tyne,Luke Mitchem,Regular Speciality Tea - Camomile - 1.30,1.3,CARD,2298887438765717
18/12/2024 19:10,Newcastle upon Tyne,Patricia Salinas,"Large Iced latte - 2.85, Regular Speciality Tea - English breakfast - 1.30, Regular Speciality Tea - Camomile - 1.30",5.45,CARD,3777894830116538
18/12/2024 19:15,Newcastle upon Tyne,Beatrice Dickerson,"Regular Speciality Tea - Camomile - 1.30, Large Smoothies - Glowing Greens - 2.50, Large Smoothies - Glowing Greens - 2.50, Regular Speciality Tea - English breakfast - 1.30",7.6,CARD,5736300622547510
18/12/2024 19:19,Newcastle upon Tyne,Kristine Owens,"Large Americano - 2.25, Regular Smoothies - Glowing Greens - 2.00, Large Americano - 2.25, Regular Smoothies - Glowing Greens - 2.00",8.5,CARD,8084209395847837
18/12/2024 19:24,Newcastle upon Tyne,Janice Nelson,Large Speciality Tea - English breakfast - 1.60,1.6,CARD,8654045887499462
18/12/2024 19:28,Newcastle upon Tyne,Clair Klinkhammer,"Large Speciality Tea - Camomile - 1.60, Regular Speciality Tea - English breakfast - 1.30",2.9,CARD,6456660161803182
18/12/2024 19:33,Newcastle upon Tyne,Tamara Montoya,Large Speciality Tea - English breakfast - 1.60,1.6,CARD,3117830987912807
18/12/2024 19:38,Newcastle upon Tyne,Trina Colombo,"Large Speciality Tea - Camomile - 1.60, Large Speciality Tea - English breakfast - 1.60, Regular Smoothies - Glowing Greens - 2.00",5.2,CASH,
18/12/2024 19:42,Newcastle upon Tyne,Michelle Hill,"Regular Speciality Tea - Camomile - 1.30, Large Smoothies - Glowing Greens - 2.50",3.8,CARD,6472394261727487
18/12/2024 19:47,Newcastle upon Tyne,Mildred Barela,Regular Smoothies - Glowing Greens - 2.00,2.0,CARD,9556164997357825
18/12/2024 19:51,Newcastle upon Tyne,Danna Shields,"Large Speciality Tea - English breakfast - 1.60, Regular Iced latte - 2.35",3.95,CASH,
18/12/2024 19:56,Newcastle upon Tyne,Dawn Hoyt,"Large Speciality Tea - Camomile - 1.60, Regular Smoothies - Glowing Greens - 2.00, Regular Iced latte - 2.35, Large Americano - 2.25",8.2,CARD,6121497991325255
18/12/2024 20:01,Newcastle upon Tyne,Margaret Hahn,"Large Smoothies - Glowing Greens - 2.50, Regular Smoothies - Glowing Greens - 2.00, Large Speciality Tea - Camomile - 1.60, Large Speciality Tea - English breakfast - 1.60",7.7,CARD,3148390130696264
18/12/2024 20:05,Newcastle upon Tyne,William Tucker,"Large Americano - 2.25, Regular Smoothies - Glowing Greens - 2.00, Large Speciality Tea - English breakfast - 1.60, Large Speciality Tea - Camomile - 1.60, Large Iced latte - 2.85",10.3,CARD,3737122773210142
18/12/2024 20:09,Newcastle upon Tyne,Stephanie Towle,Large Speciality Tea - Camomile - 1.60,1.6,CARD,4977196600456270
18/12/2024 20:14,Newcastle upon Tyne,George Hollan,"Large Americano - 2.25, Large Smoothies - Glowing Greens - 2.50, Large Speciality Tea - English breakfast - 1.60, Large Iced latte - 2.85",9.2,CARD,8943952880778349
18/12/2024 20:18,Newcastle upon Tyne,John Chall,Large Americano - 2.25,2.25,CARD,1213274459870927
18/12/2024 20:22,Newcastle upon Tyne,Kay Nowden,"Large Speciality Tea - English breakfast - 1.60, Regular Americano - 1.95, Large Speciality Tea - Camomile - 1.60",5.15,CARD,7459442073505407
18/12/2024 20:26,Newcastle upon Tyne,Angela Day,"Regular Smoothies - Glowing Greens - 2.00, Large Speciality Tea - English breakfast - 1.60",3.6,CARD,6840210598616501
18/12/2024 20:31,Newcastle upon Tyne,Pamela Carlow,"Regular Iced latte - 2.35, Regular Speciality Tea - English breakfast - 1.30",3.65,CASH,
18/12/2024 20:35,Newcastle upon Tyne,Randall Poage,"Large Speciality Tea - English breakfast - 1.60, Regular Smoothies - Glowing Greens - 2.00, Large Iced latte - 2.85, Regular Iced latte - 2.35, Large Americano - 2.25",11.05,CARD,1644353146247826
18/12/2024 20:39,Newcastle upon Tyne,Benjamin Williams,"Large Americano - 2.25, Regular Americano - 1.95",4.2,CASH,
18/12/2024 20:44,Newcastle upon Tyne,Sharon Burton,"Large Americano - 2.25, Large Smoothies - Glowing Greens - 2.50",4.75,CARD,6682647894172293
18/12/2024 20:48,Newcastle upon Tyne,Francis Smith,"Regular Americano - 1.95, Regular Speciality Tea - Camomile - 1.30, Large Speciality Tea - Camomile - 1.60, Large Speciality Tea - Camomile - 1.60",6.45,CASH,
18/12/2024 20:52,Newcastle upon Tyne,Arlene Brown,"Large Iced latte - 2.85, Large Smoothies - Glowing Greens - 2.50",5.35,CARD,2262478293831091
18/12/2024 20:56,Newcastle upon Tyne,Kenton Brown,"Regular Americano - 1.95, Large Speciality Tea - English breakfast - 1.60, Regular Speciality Tea - English breakfast - 1.30",4.85,CASH,
