18/12/2024 09:00,Nottingham,Cathy Richardson,"Regular Speciality Tea - Peppermint - 1.30, Large Espresso - 1.80, Large Espresso - 1.80, Regular Espresso - 1.50",6.4,CASH,
18/12/2024 09:03,Nottingham,Gregory Banks,"Large Speciality Tea - Peppermint - 1.60, Regular Speciality Tea - Peppermint - 1.30",2.9,CARD,3371777654215466
18/12/2024 09:07,Nottingham,Elizabeth Barrow,"Regular Speciality Tea - Peppermint - 1.30, Regular Flavoured iced latte - Caramel - 2.75",4.05,CARD,3664942639349647
18/12/2024 09:11,Nottingham,Dwight Ross,"Large Espresso - 1.80, Regular Speciality Tea - Peppermint - 1.30",3.1,CARD,2983477336470255
18/12/2024 09:15,Nottingham,Tina Williams,"Large Speciality Tea - Peppermint - 1.60, Regular Flavoured iced latte - Caramel - 2.75, Regular Espresso - 1.50, Regular Espresso - 1.50, Regular Flavoured iced latte - Caramel - 2.75, Regular Speciality Tea - Peppermint - 1.30",11.4,CARD,3977610026488493
18/12/2024 09:18,Nottingham,Philip Hadfield,"Large Espresso - 1.80, Regular Flavoured iced latte - Caramel - 2.75, Large Speciality Tea - Peppermint - 1.60",6.15,CASH,
18/12/2024 09:22,Nottingham,Patty Valentin,"Regular Speciality Tea - Peppermint - 1.30, Regular Speciality Tea - Peppermint - 1.30",2.6,CARD,3010881941103198
18/12/2024 09:26,Nottingham,Audrey Hansen,"Regular Espresso - 1.50, Regular Espresso - 1.50, Large Espresso - 1.80",4.8,CARD,4980208380458667
18/12/2024 09:30,Nottingham,Gregory Gillette,"Large Flavoured iced latte - Caramel - 3.25, Regular Espresso - 1.50",4.75,CARD,3792643251672265
18/12/2024 09:33,Nottingham,Ted Flory,"Large Speciality Tea - Peppermint - 1.60, Regular Flavoured iced latte - Caramel - 2.75, Regular Espresso - 1.50",5.85,CARD,9922206277537464
18/12/2024 09:37,Nottingham,David Carter,"Large Flavoured iced latte - Caramel - 3.25, Regular Speciality Tea - Peppermint - 1.30, Regular Flavoured iced latte - Caramel - 2.75",7.3,CASH,
18/12/2024 09:41,Nottingham,Kristen Adams,"Regular Flavoured iced latte - Caramel - 2.75, Regular Speciality Tea - Peppermint - 1.30, Large Espresso - 1.80",5.85,CASH,
18/12/2024 09:45,Nottingham,Jeffrey Gleaves,Regular Flavoured iced latte - Caramel - 2.75,2.75,CARD,9406690523894845
18/12/2024 09:48,Nottingham,Larry Bugg,"Large Flavoured iced latte - Caramel - 3.25, Large Speciality Tea - Peppermint - 1.60, Regular Speciality Tea - Peppermint - 1.30",6.15,CASH,
18/12/2024 09:52,Nottingham,Clarence Mcdonald,Regular Flavoured iced latte - Caramel - 2.75,2.75,CARD,5731670296710470
18/12/2024 09:56,Nottingham,Robert Estrada,"Regular Espresso - 1.50, Regular Flavoured iced latte - Caramel - 2.75, Regular Flavoured iced latte - Caramel - 2.75, Large Espresso - 1.80, Large Speciality Tea - Peppermint - 1.60",10.4,CARD,9108615134102704
18/12/2024 10:00,Nottingham,Allison Morris,"Regular Flavoured iced latte - Caramel - 2.75, Large Espresso - 1.80, Regular Flavoured iced latte - Caramel - 2.75, Large Speciality Tea - Peppermint - 1.60, Regular Flavoured iced latte - Caramel - 2.75",11.65,CASH,
18/12/2024 10:01,Nottingham,Connie Bryant,Regular Espresso - 1.50,1.5,CARD,9145970449723688
18/12/2024 10:03,Nottingham,Ryan Doherty,"Regular Speciality Tea - Peppermint - 1.30, Regular Speciality Tea - Peppermint - 1.30, Regular Speciality Tea - Peppermint - 1.30, Large Espresso - 1.80",5.7,CARD,2914224405990769
18/12/2024 10:05,Nottingham,Angela Altman,"Regular Flavoured iced latte - Caramel - 2.75, Regular Flavoured iced latte - Caramel - 2.75, Large Espresso - 1.80, Large Speciality Tea - Peppermint - 1.60, Regular Flavoured iced latte - Caramel - 2.75",11.65,CASH,
18/12/2024 10:07,Nottingham,Eric Rodriguez,"Regular Flavoured iced latte - Caramel - 2.75, Regular Flavoured iced latte - Caramel - 2.75, Regular Espresso - 1.50, Large Flavoured iced latte - Caramel - 3.25, Regular Espresso - 1.50",11.75,CARD,4359420659192948
18/12/2024 10:09,Nottingham,Amy Moser,"Large Speciality Tea - Peppermint - 1.60, Regular Speciality Tea - Peppermint - 1.30, Large Flavoured iced latte - Caramel - 3.25",6.15,CARD,7225422871168402
18/12/2024 10:11,Nottingham,Dawn Taylor,"Regular Flavoured iced latte - Caramel - 2.75, Regular Speciality Tea - Peppermint - 1.30",4.05,CASH,
18/12/2024 10:13,Nottingham,Marie Cuevas,"Regular Speciality Tea - Peppermint - 1.30, Large Espresso - 1.80, Regular Espresso - 1.50",4.6,CARD,1028363109012276
18/12/2024 10:14,Nottingham,Alaina Stansell,Regular Speciality Tea - Peppermint - 1.30,1.3,CASH,
18/12/2024 10:16,Nottingham,Eddie Wyatt,Regular Speciality Tea - Peppermint - 1.30,1.3,CARD,9306785830562732
18/12/2024 10:18,Nottingham,Michelle Robbins,"Large Speciality Tea - Peppermint - 1.60, Regular Speciality Tea - Peppermint - 1.30, Regular Espresso - 1.50, Large Speciality Tea - Peppermint - 1.60, Regular Flavoured iced latte - Caramel - 2.75",8.75,CASH,
18/12/2024 10:20,Nottingham,Sarah Carter,"Regular Flavoured iced latte - Caramel - 2.75, Large Speciality Tea - Peppermint - 1.60",4.35,CASH,
18/12/2024 10:22,Nottingham,Melissa Olsen,Large Flavoured iced latte - Caramel - 3.25,3.25,CASH,
18/12/2024 10:24,Nottingham,Eric Bouchard,Large Speciality Tea - Peppermint - 1.60,1.6,CASH,
18/12/2024 10:26,Nottingham,Joseph Flores,"Large Espresso - 1.80, Large Espresso - 1.80",3.6,CASH,
18/12/2024 10:28,Nottingham,Jim Williams,"Regular Espresso - 1.50, Large Speciality Tea - Peppermint - 1.60, Regular Espresso - 1.50, Large Flavoured iced latte - Caramel - 3.25",7.85,CASH,
18/12/2024 10:29,Nottingham,Richard Smith,"Large Flavoured iced latte - Caramel - 3.25, Large Flavoured iced latte - Caramel - 3.25, Regular Espresso - 1.50, Large Speciality Tea - Peppermint - 1.60, Large Espresso - 1.80, Regular Speciality Tea - Peppermint - 1.30",12.7,CARD,8005604303620519
18/12/2024 10:31,Nottingham,Karen Willingham,"Large Espresso - 1.80, Large Speciality Tea - Peppermint - 1.60, Regular Speciality Tea - Peppermint - 1.30",4.7,CARD,3747526795472410
18/12/2024 10:33,Nottingham,Pauline Vernon,Large Flavoured iced latte - Caramel - 3.25,3.25,CASH,
18/12/2024 10:35,Nottingham,James Balch,"Large Espresso - 1.80, Large Speciality Tea - Peppermint - 1.60",3.4,CARD,2758045153765914
18/12/2024 10:37,Nottingham,Maria Henrich,"Regular Speciality Tea - Peppermint - 1.30, Large Speciality Tea - Peppermint - 1.60, Large Flavoured iced latte - Caramel - 3.25",6.15,CARD,2686155413617399
18/12/2024 10:39,Nottingham,Lisa Jacobson,Regular Espresso - 1.50,1.5,CASH,
18/12/2024 10:41,Nottingham,William Brixey,"Large Flavoured iced latte - Caramel - 3.25, Large Speciality Tea - Peppermint - 1.60, Regular Espresso - 1.50, Large Speciality Tea - Peppermint - 1.60",7.95,CARD,1725016691744475
18/12/2024 10:42,Nottingham,Federico Walzier,"Large Espresso - 1.80, Regular Espresso - 1.50",3.3,CARD,8681147531705343
18/12/2024 10:44,Nottingham,Diane Reilly,"Regular Espresso - 1.50, Regular Speciality Tea - Peppermint - 1.30, Regular Speciality Tea - Peppermint - 1.30",4.1,CASH,
18/12/2024 10:46,Nottingham,Wanda Lewis,Regular Speciality Tea - Peppermint - 1.30,1.3,CARD,7775851707771489
18/12/2024 10:48,Nottingham,Ramona Hathaway,"Regular Speciality Tea - Peppermint - 1.30, Large Flavoured iced latte - Caramel - 3.25, Regular Speciality Tea - Peppermint - 1.30, Regular Flavoured iced latte - Caramel - 2.75, Large Flavoured iced latte - Caramel - 3.25",11.85,CASH,
18/12/2024 10:50,Nottingham,Denise Tuttle,"Large Espresso - 1.80, Large Espresso - 1.80, Large Speciality Tea - Peppermint - 1.60",5.2,CASH,
18/12/2024 10:52,Nottingham,Christine Ridder,Regular Espresso - 1.50,1.5,CARD,8568511474079838
18/12/2024 10:54,Nottingham,Carmen Anderson,"Regular Espresso - 1.50, Regular Flavoured iced latte - Caramel - 2.75, Large Espresso - 1.80, Regular Speciality Tea - Peppermint - 1.30, Regular Speciality Tea - Peppermint - 1.30",8.65,CARD,9338629491025426
18/12/2024 10:56,Nottingham,Gladys Heon,"Large Flavoured iced latte - Caramel - 3.25, Large Espresso - 1.80, Large Espresso - 1.80, Regular Flavoured iced latte - Caramel - 2.75, Regular Speciality Tea - Peppermint - 1.30",10.9,CARD,8688204541857836
18/12/2024 10:57,Nottingham,John Herbert,"Regular Flavoured iced latte - Caramel - 2.75, Large Speciality Tea - Peppermint - 1.60, Regular Speciality Tea - Peppermint - 1.30, Regular Espresso - 1.50, Regular Speciality Tea - Peppermint - 1.30, Large Speciality Tea - Peppermint - 1.60",10.05,CASH,
18/12/2024 10:59,Nottingham,David Cupp,Regular Espresso - 1.50,1.5,CARD,3916425094245070
18/12/2024 11:01,Nottingham,Lee Porter,Regular Speciality Tea - Peppermint - 1.30,1.3,CASH,
18/12/2024 11:03,Nottingham,Brian Munoz,"Regular Speciality Tea - Peppermint - 1.30, Large Flavoured iced latte - Caramel - 3.25",4.55,CARD,6662818357129956
18/12/2024 11:05,Nottingham,Neil Mcadams,"Regular Espresso - 1.50, Large Espresso - 1.80",3.3,CARD,5002862160586403
18/12/2024 11:08,Nottingham,Betty Franklin,Regular Flavoured iced latte - Caramel - 2.75,2.75,CARD,5040302764656257
18/12/2024 11:10,Nottingham,Madeline King,"Large Espresso - 1.80, Large Speciality Tea - Peppermint - 1.60",3.4,CARD,6480017045345152
18/12/2024 11:12,Nottingham,Charles Clemens,"Regular Speciality Tea - Peppermint - 1.30, Large Flavoured iced latte - Caramel - 3.25",4.55,CASH,
18/12/2024 11:14,Nottingham,Michael Lingelbach,"Large Espresso - 1.80, Regular Flavoured iced latte - Caramel - 2.75",4.55,CARD,7757358178760714
18/12/2024 11:16,Nottingham,Sandra Ray,"Regular Speciality Tea - Peppermint - 1.30, Large Flavoured iced latte - Caramel - 3.25, Regular Flavoured iced latte - Caramel - 2.75",7.3,CARD,6109568691560251
18/12/2024 11:18,Nottingham,Lee Carter,"Large Flavoured iced latte - Caramel - 3.25, Regular Espresso - 1.50",4.75,CARD,5901462201443691
18/12/2024 11:20,Nottingham,Charles Wood,"Regular Flavoured iced latte - Caramel - 2.75, Regular Flavoured iced latte - Caramel - 2.75, Large Espresso - 1.80, Large Espresso - 1.80, Regular Flavoured iced latte - Caramel - 2.75",11.85,CARD,5942068226275546
18/12/2024 11:22,Nottingham,Gregory Winslow,"Large Speciality Tea - Peppermint - 1.60, Large Flavoured iced latte - Caramel - 3.25, Large Flavoured iced latte - Caramel - 3.25",8.1,CARD,7283425165914853
18/12/2024 11:25,Nottingham,Bernice Field,"Large Flavoured iced latte - Caramel - 3.25, Large Speciality Tea - Peppermint - 1.60, Large Speciality Tea - Peppermint - 1.60",6.45,CARD,5629770531910323
18/12/2024 11:27,Nottingham,Florence Parsons,"Regular Espresso - 1.50, Large Espresso - 1.80, Large Speciality Tea - Peppermint - 1.60, Large Espresso - 1.80, Large Speciality Tea - Peppermint - 1.60",8.3,CARD,8704184600174734
18/12/2024 11:29,Nottingham,Sun Kirby,Regular Speciality Tea - Peppermint - 1.30,1.3,CARD,2401162087171906
18/12/2024 11:31,Nottingham,Neal Dumlao,"Large Espresso - 1.80, Large Flavoured iced latte - Caramel - 3.25, Large Speciality Tea - Peppermint - 1.60, Large Espresso - 1.80, Regular Flavoured iced latte - Caramel - 2.75, Regular Espresso - 1.50",12.7,CARD,7561559120261614
18/12/2024 11:33,Nottingham,Charles Begin,Large Espresso - 1.80,1.8,CASH,
18/12/2024 11:35,Nottingham,Robin Mullinax,"Large Speciality Tea - Peppermint - 1.60, Large Speciality Tea - Peppermint - 1.60",3.2,CARD,6652009542780402
18/12/2024 11:37,Nottingham,Dustin Arvelo,"Regular Speciality Tea - Peppermint - 1.30, Large Flavoured iced latte - Caramel - 3.25, Regular Speciality Tea - Peppermint - 1.30, Large Espresso - 1.80",7.65,CARD,2415478619807823
18/12/2024 11:40,Nottingham,Nichole Williams,"Large Speciality Tea - Peppermint - 1.60, Regular Espresso - 1.50",3.1,CARD,4216094630957903
18/12/2024 11:42,Nottingham,Ralph Myers,Large Espresso - 1.80,1.8,CARD,2208089984413025
18/12/2024 11:44,Nottingham,Terrence Lamey,"Large Flavoured iced latte - Caramel - 3.25, Regular Flavoured iced latte - Caramel - 2.75, Large Espresso - 1.80, Large Speciality Tea - Peppermint - 1.60",9.4,CARD,7122747047151980
18/12/2024 11:46,Nottingham,Jeffery Reyes,"Large Speciality Tea - Peppermint - 1.60, Regular Espresso - 1.50",3.1,CARD,1560922711098936
18/12/2024 11:48,Nottingham,Michael Lindenpitz,"Large Espresso - 1.80, Regular Flavoured iced latte - Caramel - 2.75, Regular Espresso - 1.50",6.05,CARD,8182557361461596
18/12/2024 11:50,Nottingham,Lawrence Sneed,"Regular Flavoured iced latte - Caramel - 2.75, Regular Espresso - 1.50, Large Espresso - 1.80, Large Flavoured iced latte - Caramel - 3.25",9.3,CASH,
18/12/2024 11:52,Nottingham,David Castlen,"Large Espresso - 1.80, Large Espresso - 1.80",3.6,CARD,3590857746477619
18/12/2024 11:54,Nottingham,Toni Spore,Regular Speciality Tea - Peppermint - 1.30,1.3,CARD,3894679645636078
18/12/2024 11:57,Nottingham,Jonathan Cecena,"Regular Flavoured iced latte - Caramel - 2.75, Regular Espresso - 1.50, Large Espresso - 1.80",6.05,CARD,6553417396179837
18/12/2024 11:59,Nottingham,Nelson Lake,"Regular Speciality Tea - Peppermint - 1.30, Large Speciality Tea - Peppermint - 1.60, Regular Flavoured iced latte - Caramel - 2.75",5.65,CARD,5859815785447108
18/12/2024 12:01,Nottingham,Wesley Mann,"Large Espresso - 1.80, Regular Speciality Tea - Peppermint - 1.30, Large Espresso - 1.80, Regular Flavoured iced latte - Caramel - 2.75, Large Espresso - 1.80, Large Speciality Tea - Peppermint - 1.60",11.05,CARD,2966372141942614
18/12/2024 12:03,Nottingham,Paula Martinez,"Regular Flavoured iced latte - Caramel - 2.75, Large Espresso - 1.80, Regular Flavoured iced latte - Caramel - 2.75, Large Flavoured iced latte - Caramel - 3.25",10.55,CARD,3136833505467327
18/12/2024 12:05,Nottingham,Michelle Woods,"Regular Flavoured iced latte - Caramel - 2.75, Large Espresso - 1.80",4.55,CARD,7135813407854182
18/12/2024 12:07,Nottingham,Mary Sullivan,"Regular Espresso - 1.50, Regular Espresso - 1.50",3.0,CARD,1626295076375272
18/12/2024 12:09,Nottingham,Rose Felix,"Regular Espresso - 1.50, Large Espresso - 1.80, Large Flavoured iced latte - Caramel - 3.25, Large Flavoured iced latte - Caramel - 3.25, Regular Espresso - 1.50",11.3,CARD,8943800881376069
18/12/2024 12:11,Nottingham,Robert Parker,"Large Speciality Tea - Peppermint - 1.60, Regular Espresso - 1.50, Large Speciality Tea - Peppermint - 1.60",4.7,CARD,5819445720412656
18/12/2024 12:13,Nottingham,Juanita Smith,"Large Flavoured iced latte - Caramel - 3.25, Regular Speciality Tea - Peppermint - 1.30, Regular Flavoured iced latte - Caramel - 2.75, Regular Espresso - 1.50, Regular Speciality Tea - Peppermint - 1.30",10.1,CARD,3054983921075230
18/12/2024 12:15,Nottingham,Sam White,Regular Speciality Tea - Peppermint - 1.30,1.3,CARD,7071087462153674
18/12/2024 12:17,Nottingham,Mae Bebee,"Large Espresso - 1.80, Regular Speciality Tea - Peppermint - 1.30",3.1,CASH,
18/12/2024 12:19,Nottingham,Edith May,"Regular Speciality Tea - Peppermint - 1.30, Large Espresso - 1.80, Large Speciality Tea - Peppermint - 1.60",4.7,CASH,
18/12/2024 12:22,Nottingham,Shawn Langlinais,"Regular Speciality Tea - Peppermint - 1.30, Regular Espresso - 1.50",2.8,CASH,
18/12/2024 12:24,Nottingham,Justin Buckhannon,Regular Espresso - 1.50,1.5,CASH,
18/12/2024 12:26,Nottingham,Richard Vanvliet,"Large Speciality Tea - Peppermint - 1.60, Regular Speciality Tea - Peppermint - 1.30, Large Espresso - 1.80, Large Espresso - 1.80",6.5,CASH,
18/12/2024 12:28,Nottingham,Ana Yoshizumi,"Large Speciality Tea - Peppermint - 1.60, Large Speciality Tea - Peppermint - 1.60, Regular Speciality Tea - Peppermint - 1.30, Regular Espresso - 1.50, Regular Speciality Tea - Peppermint - 1.30",7.3,CARD,3187173154948698
18/12/2024 12:30,Nottingham,Eduardo Gerardi,Large Speciality Tea - Peppermint - 1.60,1.6,CASH,
18/12/2024 12:32,Nottingham,Leslie Perkins,"Regular Flavoured iced latte - Caramel - 2.75, Regular Espresso - 1.50",4.25,CARD,2631688592969591
18/12/2024 12:34,Nottingham,Lorraine Solomon,"Large Speciality Tea - Peppermint - 1.60, Regular Flavoured iced latte - Caramel - 2.75, Large Speciality Tea - Peppermint - 1.60, Large Speciality Tea - Peppermint - 1.60, Regular Speciality Tea - Peppermint - 1.30",8.85,CASH,
18/12/2024 12:36,Nottingham,Ryan Pfeffer,"Large Flavoured iced latte - Caramel - 3.25, Regular Espresso - 1.50, Large Flavoured iced latte - Caramel - 3.25",8.0,CARD,1592807485804315
18/12/2024 12:38,Nottingham,Reinaldo Godwin,"Regular Espresso - 1.50, Regular Espresso - 1.50, Regular Speciality Tea - Peppermint - 1.30, Large Speciality Tea - Peppermint - 1.60",5.9,CARD,9000660153675416
18/12/2024 12:40,Nottingham,Anthony Parker,"Large Flavoured iced latte - Caramel - 3.25, Regular Speciality Tea - Peppermint - 1.30",4.55,CASH,
18/12/2024 12:42,Nottingham,Michelle Gardner,"Regular Flavoured iced latte - Caramel - 2.75, Regular Espresso - 1.50, Regular Espresso - 1.50, Regular Flavoured iced latte - Caramel - 2.75, Large Speciality Tea - Peppermint - 1.60",10.1,CARD,3495593554520520
18/12/2024 12:44,Nottingham,Charles Lee,"Regular Speciality Tea - Peppermint - 1.30, Large Flavoured iced latte - Caramel - 3.25",4.55,CASH,
18/12/2024 12:46,Nottingham,Michael Lopez,"Large Espresso - 1.80, Large Flavoured iced latte - Caramel - 3.25, Regular Espresso - 1.50",6.55,CARD,5951472534589704
18/12/2024 12:48,Nottingham,Ruth Gilmore,"Regular Speciality Tea - Peppermint - 1.30, Regular Speciality Tea - Peppermint - 1.30, Large Espresso - 1.80, Regular Speciality Tea - Peppermint - 1.30",5.7,CARD,7345254888438472
18/12/2024 12:50,Nottingham,Meghan Childress,"Regular Flavoured iced latte - Caramel - 2.75, Regular Espresso - 1.50",4.25,CARD,5117681529242885
18/12/2024 12:53,Nottingham,Holly Breheny,Regular Flavoured iced latte - Caramel - 2.75,2.75,CASH,
18/12/2024 12:55,Nottingham,Mirian Chang,"Regular Speciality Tea - Peppermint - 1.30, Large Espresso - 1.80, Regular Flavoured iced latte - Caramel - 2.75, Large Espresso - 1.80",7.65,CARD,6227161462508058
18/12/2024 12:57,Nottingham,Dane Henson,Large Flavoured iced latte - Caramel - 3.25,3.25,CARD,1016063608527099
18/12/2024 12:59,Nottingham,Mabel Barhorst,Large Speciality Tea - Peppermint - 1.60,1.6,CASH,
18/12/2024 13:01,Nottingham,Dion Deal,"Large Flavoured iced latte - Caramel - 3.25, Large Speciality Tea - Peppermint - 1.60, Regular Speciality Tea - Peppermint - 1.30, Regular Speciality Tea - Peppermint - 1.30",7.45,CARD,3671950750510044
18/12/2024 13:02,Nottingham,Lora Skrine,Regular Espresso - 1.50,1.5,CASH,
18/12/2024 13:03,Nottingham,Brenda Eccles,"Large Speciality Tea - Peppermint - 1.60, Regular Flavoured iced latte - Caramel - 2.75",4.35,CARD,5240202895145080
18/12/2024 13:04,Nottingham,Bobbie Rosko,Regular Speciality Tea - Peppermint - 1.30,1.3,CASH,
18/12/2024 13:05,Nottingham,Ernest Clemans,"Large Espresso - 1.80, Regular Speciality Tea - Peppermint - 1.30",3.1,CARD,8153249053573503
18/12/2024 13:06,Nottingham,Leonel Smith,Large Flavoured iced latte - Caramel - 3.25,3.25,CARD,8149199849567937
18/12/2024 13:07,Nottingham,Ethel Wheaton,"Regular Flavoured iced latte - Caramel - 2.75, Large Flavoured iced latte - Caramel - 3.25",6.0,CARD,9074205268518700
18/12/2024 13:08,Nottingham,Christine Shelton,"Large Speciality Tea - Peppermint - 1.60, Regular Espresso - 1.50",3.1,CARD,7865918404037223
18/12/2024 13:10,Nottingham,Kathryn Martin,"Large Espresso - 1.80, Large Flavoured iced latte - Caramel - 3.25, Large Espresso - 1.80, Regular Flavoured iced latte - Caramel - 2.75",9.6,CARD,4235098511259369
18/12/2024 13:11,Nottingham,Mary Cope,"Regular Speciality Tea - Peppermint - 1.30, Large Espresso - 1.80, Large Espresso - 1.80, Regular Flavoured iced latte - Caramel - 2.75",7.65,CASH,
18/12/2024 13:12,Nottingham,Kevin Elio,Large Speciality Tea - Peppermint - 1.60,1.6,CARD,5977043565703105
18/12/2024 13:13,Nottingham,Anna Mcgee,Large Flavoured iced latte - Caramel - 3.25,3.25,CASH,
18/12/2024 13:14,Nottingham,Wanda Rice,"Regular Flavoured iced latte - Caramel - 2.75, Large Speciality Tea - Peppermint - 1.60, Large Espresso - 1.80, Large Flavoured iced latte - Caramel - 3.25, Regular Speciality Tea - Peppermint - 1.30",10.7,CARD,4280384938482804
18/12/2024 13:15,Nottingham,Sally Chennault,"Large Speciality Tea - Peppermint - 1.60, Regular Speciality Tea - Peppermint - 1.30, Regular Espresso - 1.50, Regular Espresso - 1.50",5.9,CARD,4967284822434533
18/12/2024 13:16,Nottingham,Martha Mcgonagle,Regular Espresso - 1.50,1.5,CASH,
18/12/2024 13:17,Nottingham,Alison Cagle,"Large Flavoured iced latte - Caramel - 3.25, Large Espresso - 1.80",5.05,CARD,5378647520173424
18/12/2024 13:18,Nottingham,Bertie Chevalier,"Regular Espresso - 1.50, Regular Espresso - 1.50, Regular Espresso - 1.50",4.5,CARD,7186267321048194
18/12/2024 13:19,Nottingham,Mamie Reed,Large Speciality Tea - Peppermint - 1.60,1.6,CASH,
18/12/2024 13:21,Nottingham,Layla Lindsey,"Regular Speciality Tea - Peppermint - 1.30, Large Flavoured iced latte - Caramel - 3.25",4.55,CASH,
18/12/2024 13:22,Nottingham,Lauren Silver,"Regular Flavoured iced latte - Caramel - 2.75, Regular Speciality Tea - Peppermint - 1.30, Regular Speciality Tea - Peppermint - 1.30",5.35,CARD,1122352358593444
18/12/2024 13:23,Nottingham,Tod Sloan,"Large Flavoured iced latte - Caramel - 3.25, Regular Speciality Tea - Peppermint - 1.30, Large Speciality Tea - Peppermint - 1.60, Large Speciality Tea - Peppermint - 1.60",7.75,CARD,3746039550154124
18/12/2024 13:24,Nottingham,Beulah Mahan,Large Speciality Tea - Peppermint - 1.60,1.6,CASH,
18/12/2024 13:25,Nottingham,Suzanne Veshedsky,"Large Espresso - 1.80, Large Espresso - 1.80",3.6,CASH,
18/12/2024 13:26,Nottingham,Cyrus Waldecker,Large Espresso - 1.80,1.8,CASH,
18/12/2024 13:27,Nottingham,Doris Brook,"Regular Speciality Tea - Peppermint - 1.30, Regular Speciality Tea - Peppermint - 1.30",2.6,CARD,6550651942849312
18/12/2024 13:28,Nottingham,Joseph Gentry,"Large Flavoured iced latte - Caramel - 3.25, Large Speciality Tea - Peppermint - 1.60",4.85,CARD,6873794034132068
18/12/2024 13:29,Nottingham,Rose Gervasio,"Regular Espresso - 1.50, Large Espresso - 1.80, Regular Espresso - 1.50",4.8,CARD,9523830085835042
18/12/2024 13:30,Nottingham,Harriet Aponte,"Large Espresso - 1.80, Large Flavoured iced latte - Caramel - 3.25, Large Flavoured iced latte - Caramel - 3.25, Large Speciality Tea - Peppermint - 1.60, Large Flavoured iced latte - Caramel - 3.25, Large Espresso - 1.80",14.95,CARD,5252293814935162
18/12/2024 13:32,Nottingham,Gladys Donahue,"Large Speciality Tea - Peppermint - 1.60, Large Flavoured iced latte - Caramel - 3.25, Large Espresso - 1.80, Large Flavoured iced latte - Caramel - 3.25, Large Speciality Tea - Peppermint - 1.60",11.5,CARD,9770893263028526
18/12/2024 13:33,Nottingham,Trina Dillon,"Regular Speciality Tea - Peppermint - 1.30, Large Espresso - 1.80, Regular Speciality Tea - Peppermint - 1.30, Large Flavoured iced latte - Caramel - 3.25, Regular Speciality Tea - Peppermint - 1.30",8.95,CASH,
18/12/2024 13:34,Nottingham,Pamela Singer,"Large Espresso - 1.80, Large Espresso - 1.80",3.6,CARD,3286660878691301
18/12/2024 13:35,Nottingham,Charlene Schall,"Regular Espresso - 1.50, Large Flavoured iced latte - Caramel - 3.25, Large Flavoured iced latte - Caramel - 3.25",8.0,CARD,8870686175169159
18/12/2024 13:36,Nottingham,Dianna Kaufman,"Large Espresso - 1.80, Large Speciality Tea - Peppermint - 1.60, Regular Espresso - 1.50",4.9,CARD,4182817097281931
18/12/2024 13:37,Nottingham,Amanda Bullock,"Regular Flavoured iced latte - Caramel - 2.75, Regular Flavoured iced latte - Caramel - 2.75",5.5,CARD,3407061513320124
18/12/2024 13:38,Nottingham,Anita Hickey,"Regular Espresso - 1.50, Large Speciality Tea - Peppermint - 1.60, Regular Speciality Tea - Peppermint - 1.30, Large Espresso - 1.80",6.2,CARD,2230760086248462
18/12/2024 13:39,Nottingham,John Cortes,"Regular Speciality Tea - Peppermint - 1.30, Large Speciality Tea - Peppermint - 1.60",2.9,CARD,5922715021599796
18/12/2024 13:40,Nottingham,Richard Wilson,"Large Flavoured iced latte - Caramel - 3.25, Large Espresso - 1.80",5.05,CASH,
18/12/2024 13:41,Nottingham,Monte Friedle,"Large Speciality Tea - Peppermint - 1.60, Regular Espresso - 1.50",3.1,CARD,7996764442530219
18/12/2024 13:43,Nottingham,Joseph Rojas,Large Espresso - 1.80,1.8,CASH,
18/12/2024 13:44,Nottingham,Tyler Tamburo,"Large Espresso - 1.80, Large Espresso - 1.80, Large Flavoured iced latte - Caramel - 3.25, Large Speciality Tea - Peppermint - 1.60",8.45,CASH,
18/12/2024 13:45,Nottingham,Steven Kenney,"Regular Espresso - 1.50, Large Espresso - 1.80, Regular Speciality Tea - Peppermint - 1.30, Regular Speciality Tea - Peppermint - 1.30, Regular Speciality Tea - Peppermint - 1.30",7.2,CARD,1604317157175727
18/12/2024 13:46,Nottingham,Martha Lundeen,Regular Espresso - 1.50,1.5,CARD,6172191641513117
18/12/2024 13:47,Nottingham,Patrick Stlouis,Regular Speciality Tea - Peppermint - 1.30,1.3,CARD,1608756387851018
18/12/2024 13:48,Nottingham,Araceli Langner,"Large Speciality Tea - Peppermint - 1.60, Large Espresso - 1.80, Regular Flavoured iced latte - Caramel - 2.75",6.15,CARD,9269343837513242
18/12/2024 13:49,Nottingham,Patricia Gelb,Large Espresso - 1.80,1.8,CASH,
18/12/2024 13:50,Nottingham,Joshua Taylor,"Regular Espresso - 1.50, Large Flavoured iced latte - Caramel - 3.25",4.75,CASH,
18/12/2024 13:51,Nottingham,Mattie Bowker,"Large Speciality Tea - Peppermint - 1.60, Large Espresso - 1.80",3.4,CARD,7388938502460577
18/12/2024 13:52,Nottingham,Deborah Piper,"Regular Espresso - 1.50, Large Flavoured iced latte - Caramel - 3.25, Large Espresso - 1.80, Regular Speciality Tea - Peppermint - 1.30, Large Espresso - 1.80",9.65,CARD,1467222333299913
18/12/2024 13:54,Nottingham,Katherine Smith,Large Flavoured iced latte - Caramel - 3.25,3.25,CARD,1748963986578831
18/12/2024 13:55,Nottingham,Patricia Powell,"Regular Espresso - 1.50, Regular Flavoured iced latte - Caramel - 2.75, Regular Speciality Tea - Peppermint - 1.30",5.55,CARD,1164772254824804
18/12/2024 13:56,Nottingham,Charles Buffington,"Regular Espresso - 1.50, Regular Speciality Tea - Peppermint - 1.30",2.8,CARD,3170892551044107
18/12/2024 13:57,Nottingham,Joseph Green,"Regular Flavoured iced latte - Caramel - 2.75, Regular Espresso - 1.50, Large Flavoured iced latte - Caramel - 3.25",7.5,CARD,7648270943916702
18/12/2024 13:58,Nottingham,Paul Loffelbein,"Large Speciality Tea - Peppermint - 1.60, Regular Flavoured iced latte - Caramel - 2.75",4.35,CARD,7563256978741296
18/12/2024 13:59,Nottingham,Susan Bookhardt,Regular Flavoured iced latte - Caramel - 2.75,2.75,CASH,
18/12/2024 14:00,Nottingham,Dolly Solano,"Large Espresso - 1.80, Large Speciality Tea - Peppermint - 1.60, Large Speciality Tea - Peppermint - 1.60, Large Flavoured iced latte - Caramel - 3.25, Large Espresso - 1.80",10.05,CARD,9338072412012948
18/12/2024 14:01,Nottingham,Dawn Howard,"Large Flavoured iced latte - Caramel - 3.25, Large Espresso - 1.80, Regular Speciality Tea - Peppermint - 1.30, Large Espresso - 1.80, Large Flavoured iced latte - Caramel - 3.25",11.4,CARD,8680908458367482
18/12/2024 14:02,Nottingham,Joanne White,"Large Flavoured iced latte - Caramel - 3.25, Regular Espresso - 1.50, Regular Speciality Tea - Peppermint - 1.30, Regular Speciality Tea - Peppermint - 1.30, Large Espresso - 1.80, Large Speciality Tea - Peppermint - 1.60",10.75,CARD,9713436692892792
18/12/2024 14:03,Nottingham,Suzanne Thornton,"Regular Espresso - 1.50, Large Speciality Tea - Peppermint - 1.60",3.1,CASH,
18/12/2024 14:04,Nottingham,Donnell Burke,"Regular Espresso - 1.50, Large Espresso - 1.80, Regular Flavoured iced latte - Caramel - 2.75",6.05,CARD,2837297592514016
18/12/2024 14:05,Nottingham,Carlos Recker,"Large Flavoured iced latte - Caramel - 3.25, Regular Speciality Tea - Peppermint - 1.30",4.55,CARD,5229624437515385
18/12/2024 14:06,Nottingham,William Baird,"Large Espresso - 1.80, Regular Flavoured iced latte - Caramel - 2.75",4.55,CARD,6945472912063915
18/12/2024 14:06,Nottingham,Paul Spooner,Regular Speciality Tea - Peppermint - 1.30,1.3,CARD,8544865942759367
18/12/2024 14:07,Nottingham,Derek Nieves,"Regular Speciality Tea - Peppermint - 1.30, Large Flavoured iced latte - Caramel - 3.25",4.55,CASH,
18/12/2024 14:08,Nottingham,Lee Burgos,"Large Speciality Tea - Peppermint - 1.60, Regular Flavoured iced latte - Caramel - 2.75, Regular Flavoured iced latte - Caramel - 2.75, Regular Espresso - 1.50, Large Speciality Tea - Peppermint - 1.60, Large Espresso - 1.80",12.0,CARD,1911618997450176
18/12/2024 14:09,Nottingham,Leona Alley,Regular Flavoured iced latte - Caramel - 2.75,2.75,CARD,7372947297900433
18/12/2024 14:10,Nottingham,Lakisha Ewing,"Large Speciality Tea - Peppermint - 1.60, Regular Flavoured iced latte - Caramel - 2.75",4.35,CARD,5837895778368433
18/12/2024 14:11,Nottingham,Debra Whipple,"Regular Espresso - 1.50, Large Speciality Tea - Peppermint - 1.60, Large Speciality Tea - Peppermint - 1.60",4.7,CARD,7355650137311929
18/12/2024 14:12,Nottingham,Johnetta Torres,"Large Speciality Tea - Peppermint - 1.60, Regular Espresso - 1.50",3.1,CASH,
18/12/2024 14:13,Nottingham,Matthew Schoderbek,Large Speciality Tea - Peppermint - 1.60,1.6,CARD,6656266574175945
18/12/2024 14:14,Nottingham,Katherine Bivens,"Large Flavoured iced latte - Caramel - 3.25, Large Espresso - 1.80",5.05,CASH,
18/12/2024 14:15,Nottingham,Kathleen Hancock,"Large Espresso - 1.80, Large Flavoured iced latte - Caramel - 3.25",5.05,CARD,6368384504826629
18/12/2024 14:15,Nottingham,Jean Qualls,"Large Speciality Tea - Peppermint - 1.60, Regular Espresso - 1.50, Regular Espresso - 1.50, Regular Espresso - 1.50",6.1,CARD,6510031445682185
18/12/2024 14:16,Nottingham,Ora Neely,Large Espresso - 1.80,1.8,CARD,3081081263526097
18/12/2024 14:17,Nottingham,Ana Young,"Large Speciality Tea - Peppermint - 1.60, Regular Speciality Tea - Peppermint - 1.30",2.9,CARD,1991332482745366
18/12/2024 14:18,Nottingham,Robert Rothman,Regular Flavoured iced latte - Caramel - 2.75,2.75,CARD,1598819992419214
18/12/2024 14:19,Nottingham,Marvin Green,"Regular Espresso - 1.50, Regular Espresso - 1.50, Large Speciality Tea - Peppermint - 1.60, Large Flavoured iced latte - Caramel - 3.25, Large Speciality Tea - Peppermint - 1.60, Large Speciality Tea - Peppermint - 1.60",11.05,CARD,1119223087004733
18/12/2024 14:20,Nottingham,Amelia Lain,Regular Espresso - 1.50,1.5,CARD,9711940289464143
18/12/2024 14:21,Nottingham,Kelley Lindsay,Large Flavoured iced latte - Caramel - 3.25,3.25,CARD,1321194973589897
18/12/2024 14:22,Nottingham,Nicholas Arendt,"Large Flavoured iced latte - Caramel - 3.25, Regular Espresso - 1.50",4.75,CASH,
18/12/2024 14:23,Nottingham,Audrey Walters,Large Espresso - 1.80,1.8,CARD,8983849910063263
18/12/2024 14:24,Nottingham,Nestor Larkin,"Large Speciality Tea - Peppermint - 1.60, Large Flavoured iced latte - Caramel - 3.25, Regular Espresso - 1.50",6.35,CARD,7780095940534809
18/12/2024 14:24,Nottingham,Robert Clark,"Large Speciality Tea - Peppermint - 1.60, Large Espresso - 1.80",3.4,CASH,
18/12/2024 14:25,Nottingham,Joan Kellerman,"Regular Speciality Tea - Peppermint - 1.30, Regular Espresso - 1.50",2.8,CARD,2788718859090837
18/12/2024 14:26,Nottingham,Margaret Logiudice,"Large Speciality Tea - Peppermint - 1.60, Regular Espresso - 1.50",3.1,CARD,9388875440383249
18/12/2024 14:27,Nottingham,Jeanie Renteria,"Large Speciality Tea - Peppermint - 1.60, Large Speciality Tea - Peppermint - 1.60",3.2,CASH,
18/12/2024 14:28,Nottingham,Richard Payne,"Regular Espresso - 1.50, Large Espresso - 1.80, Large Speciality Tea - Peppermint - 1.60, Regular Flavoured iced latte - Caramel - 2.75, Large Flavoured iced latte - Caramel - 3.25",10.9,CARD,7669613953211321
18/12/2024 14:29,Nottingham,Chelsea Hamilton,Large Speciality Tea - Peppermint - 1.60,1.6,CARD,4839998165922686
18/12/2024 14:30,Nottingham,Daniel Gourd,"Regular Speciality Tea - Peppermint - 1.30, Regular Flavoured iced latte - Caramel - 2.75",4.05,CARD,3602789993238536
18/12/2024 14:31,Nottingham,Susanna Titsworth,"Large Espresso - 1.80, Regular Flavoured iced latte - Caramel - 2.75, Regular Speciality Tea - Peppermint - 1.30",5.85,CARD,9484724706439195
18/12/2024 14:32,Nottingham,Heather Longstreet,"Large Flavoured iced latte - Caramel - 3.25, Large Speciality Tea - Peppermint - 1.60, Regular Flavoured iced latte - Caramel - 2.75, Regular Speciality Tea - Peppermint - 1.30",8.9,CASH,
18/12/2024 14:33,Nottingham,Nancy Aguirre,"Large Speciality Tea - Peppermint - 1.60, Large Speciality Tea - Peppermint - 1.60, Large Flavoured iced latte - Caramel - 3.25",6.45,CARD,2239788232951307
18/12/2024 14:33,Nottingham,Lisa Stoner,"Regular Espresso - 1.50, Large Speciality Tea - Peppermint - 1.60, Regular Flavoured iced latte - Caramel - 2.75",5.85,CARD,3466973705270598
18/12/2024 14:34,Nottingham,Lindsay Ha,"Large Espresso - 1.80, Regular Flavoured iced latte - Caramel - 2.75",4.55,CARD,1317705144773836
18/12/2024 14:35,Nottingham,Beverly Ober,"Large Espresso - 1.80, Regular Speciality Tea - Peppermint - 1.30",3.1,CASH,
18/12/2024 14:36,Nottingham,James Wilkinson,"Large Speciality Tea - Peppermint - 1.60, Regular Flavoured iced latte - Caramel - 2.75, Regular Espresso - 1.50, Large Speciality Tea - Peppermint - 1.60",7.45,CARD,8579433154551218
18/12/2024 14:37,Nottingham,Natasha Marsh,"Regular Flavoured iced latte - Caramel - 2.75, Large Espresso - 1.80",4.55,CASH,
18/12/2024 14:38,Nottingham,Olga Kodadek,Regular Espresso - 1.50,1.5,CARD,5920666279422330
18/12/2024 14:39,Nottingham,Larry Lopez,"Large Speciality Tea - Peppermint - 1.60, Large Flavoured iced latte - Caramel - 3.25",4.85,CARD,4458696368216286
18/12/2024 14:40,Nottingham,Karen Williams,"Regular Speciality Tea - Peppermint - 1.30, Regular Speciality Tea - Peppermint - 1.30, Large Speciality Tea - Peppermint - 1.60",4.2,CARD,9548418922495145
18/12/2024 14:41,Nottingham,Sandra Collins,"Large Speciality Tea - Peppermint - 1.60, Regular Espresso - 1.50",3.1,CARD,8241747776982124
18/12/2024 14:42,Nottingham,Robyn Almond,"Large Speciality Tea - Peppermint - 1.60, Regular Speciality Tea - Peppermint - 1.30, Large Speciality Tea - Peppermint - 1.60, Large Flavoured iced latte - Caramel - 3.25",7.75,CARD,6215589608241527
18/12/2024 14:42,Nottingham,Nancy Johnson,Large Espresso - 1.80,1.8,CASH,
18/12/2024 14:43,Nottingham,Long Parr,"Large Flavoured iced latte - Caramel - 3.25, Regular Espresso - 1.50, Large Speciality Tea - Peppermint - 1.60, Regular Espresso - 1.50, Regular Speciality Tea - Peppermint - 1.30",9.15,CARD,1549879729039781
18/12/2024 14:44,Nottingham,Cynthia Perez,"Regular Speciality Tea - Peppermint - 1.30, Regular Flavoured iced latte - Caramel - 2.75, Regular Flavoured iced latte - Caramel - 2.75",6.8,CARD,6859934883827904
18/12/2024 14:45,Nottingham,Johnny Bowers,"Regular Espresso - 1.50, Large Flavoured iced latte - Caramel - 3.25, Large Espresso - 1.80",6.55,CARD,9373859256674429
18/12/2024 14:46,Nottingham,Marshall Jackson,"Regular Speciality Tea - Peppermint - 1.30, Regular Espresso - 1.50, Regular Speciality Tea - Peppermint - 1.30, Large Speciality Tea - Peppermint - 1.60, Regular Speciality Tea - Peppermint - 1.30, Large Speciality Tea - Peppermint - 1.60",8.6,CASH,
18/12/2024 14:47,Nottingham,Sharon Pressly,"Large Espresso - 1.80, Regular Flavoured iced latte - Caramel - 2.75",4.55,CASH,
18/12/2024 14:48,Nottingham,Ronald Stanely,"Large Speciality Tea - Peppermint - 1.60, Large Espresso - 1.80",3.4,CASH,
18/12/2024 14:49,Nottingham,Jodi Cameron,"Regular Flavoured iced latte - Caramel - 2.75, Large Espresso - 1.80, Large Espresso - 1.80",6.35,CARD,1901650782522028
18/12/2024 14:50,Nottingham,Todd Elhard,"Regular Flavoured iced latte - Caramel - 2.75, Large Espresso - 1.80, Regular Speciality Tea - Peppermint - 1.30, Large Espresso - 1.80, Regular Espresso - 1.50, Regular Espresso - 1.50",10.65,CARD,5181059779887086
18/12/2024 14:51,Nottingham,Nancy Loe,"Regular Flavoured iced latte - Caramel - 2.75, Large Flavoured iced latte - Caramel - 3.25, Regular Flavoured iced latte - Caramel - 2.75",8.75,CARD,8317723036707302
18/12/2024 14:51,Nottingham,Robin Coggin,"Regular Espresso - 1.50, Regular Flavoured iced latte - Caramel - 2.75",4.25,CASH,
18/12/2024 14:52,Nottingham,Michael Barnes,Large Speciality Tea - Peppermint - 1.60,1.6,CARD,7688271192393104
18/12/2024 14:53,Nottingham,Alan Garcia,Large Speciality Tea - Peppermint - 1.60,1.6,CARD,3105149558229902
18/12/2024 14:54,Nottingham,Georgia Washington,"Large Flavoured iced latte - Caramel - 3.25, Large Speciality Tea - Peppermint - 1.60",4.85,CARD,1468760686032023
18/12/2024 14:55,Nottingham,Apolonia Trinklein,"Large Flavoured iced latte - Caramel - 3.25, Regular Flavoured iced latte - Caramel - 2.75, Regular Espresso - 1.50, Regular Speciality Tea - Peppermint - 1.30",8.8,CARD,2799271158260995
18/12/2024 14:56,Nottingham,Janice Storey,Regular Speciality Tea - Peppermint - 1.30,1.3,CARD,5881087841487405
18/12/2024 14:57,Nottingham,Bettie Durkee,"Large Flavoured iced latte - Caramel - 3.25, Large Flavoured iced latte - Caramel - 3.25, Large Espresso - 1.80, Large Flavoured iced latte - Caramel - 3.25",11.55,CARD,9818223609118781
18/12/2024 14:58,Nottingham,Lawrence Curtsinger,"Large Flavoured iced latte - Caramel - 3.25, Regular Flavoured iced latte - Caramel - 2.75, Large Speciality Tea - Peppermint - 1.60, Large Speciality Tea - Peppermint - 1.60, Regular Espresso - 1.50",10.7,CARD,3323095219447445
18/12/2024 14:59,Nottingham,Patricia Kubota,"Large Espresso - 1.80, Large Espresso - 1.80",3.6,CARD,3651966006247421
18/12/2024 15:00,Nottingham,Robert Souza,"Large Flavoured iced latte - Caramel - 3.25, Large Flavoured iced latte - Caramel - 3.25, Large Flavoured iced latte - Caramel - 3.25, Regular Flavoured iced latte - Caramel - 2.75",12.5,CARD,1113416278105278
18/12/2024 15:01,Nottingham,Genevieve Hogan,"Large Flavoured iced latte - Caramel - 3.25, Regular Flavoured iced latte - Caramel - 2.75, Large Speciality Tea - Peppermint - 1.60",7.6,CARD,4573562423913887
18/12/2024 15:02,Nottingham,Eduardo Dacosta,Large Speciality Tea - Peppermint - 1.60,1.6,CARD,9427656958849550
18/12/2024 15:03,Nottingham,Teresa Dye,"Regular Speciality Tea - Peppermint - 1.30, Regular Speciality Tea - Peppermint - 1.30",2.6,CARD,1618572152021055
18/12/2024 15:04,Nottingham,Ezequiel Speight,Large Flavoured iced latte - Caramel - 3.25,3.25,CARD,9205218022956873
18/12/2024 15:05,Nottingham,Andre Pash,"Regular Speciality Tea - Peppermint - 1.30, Regular Flavoured iced latte - Caramel - 2.75, Regular Speciality Tea - Peppermint - 1.30, Regular Espresso - 1.50",6.85,CARD,5239127790436574
18/12/2024 15:06,Nottingham,Brian Avery,"Large Flavoured iced latte - Caramel - 3.25, Large Espresso - 1.80, Regular Espresso - 1.50",6.55,CASH,
18/12/2024 15:07,Nottingham,Lula Miller,"Large Speciality Tea - Peppermint - 1.60, Large Flavoured iced latte - Caramel - 3.25, Large Flavoured iced latte - Caramel - 3.25",8.1,CASH,
18/12/2024 15:08,Nottingham,Kathy Booker,"Regular Espresso - 1.50, Regular Flavoured iced latte - Caramel - 2.75, Regular Espresso - 1.50, Regular Flavoured iced latte - Caramel - 2.75",8.5,CARD,2196537152977223
18/12/2024 15:09,Nottingham,Anthony Powers,Large Flavoured iced latte - Caramel - 3.25,3.25,CARD,5762000647893937
18/12/2024 15:10,Nottingham,Mary Golden,Regular Speciality Tea - Peppermint - 1.30,1.3,CARD,1060905981546685
18/12/2024 15:11,Nottingham,Benjamin Breau,"Regular Flavoured iced latte - Caramel - 2.75, Large Speciality Tea - Peppermint - 1.60, Large Speciality Tea - Peppermint - 1.60",5.95,CARD,9702040032374500
18/12/2024 15:12,Nottingham,Karen Lowry,"Regular Flavoured iced latte - Caramel - 2.75, Regular Flavoured iced latte - Caramel - 2.75, Regular Speciality Tea - Peppermint - 1.30, Large Speciality Tea - Peppermint - 1.60, Large Espresso - 1.80, Regular Speciality Tea - Peppermint - 1.30",11.5,CASH,
18/12/2024 15:13,Nottingham,Eloise Letendre,"Large Speciality Tea - Peppermint - 1.60, Large Espresso - 1.80, Regular Espresso - 1.50, Regular Flavoured iced latte - Caramel - 2.75",7.65,CARD,1482585442305074
18/12/2024 15:14,Nottingham,Wallace Austin,Large Speciality Tea - Peppermint - 1.60,1.6,CARD,2976868667191150
18/12/2024 15:15,Nottingham,Dorothy Gregg,"Large Flavoured iced latte - Caramel - 3.25, Large Flavoured iced latte - Caramel - 3.25",6.5,CARD,6437276869079547
18/12/2024 15:16,Nottingham,Terrie Pryor,"Regular Speciality Tea - Peppermint - 1.30, Regular Espresso - 1.50, Large Flavoured iced latte - Caramel - 3.25, Regular Speciality Tea - Peppermint - 1.30",7.35,CARD,3387144617032365
18/12/2024 15:17,Nottingham,Margaret Swain,"Large Espresso - 1.80, Regular Speciality Tea - Peppermint - 1.30, Regular Flavoured iced latte - Caramel - 2.75",5.85,CARD,2071909153312984
18/12/2024 15:18,Nottingham,Michael Lowenstein,Large Speciality Tea - Peppermint - 1.60,1.6,CARD,8347270399453262
18/12/2024 15:19,Nottingham,Alex Estrada,"Large Speciality Tea - Peppermint - 1.60, Large Espresso - 1.80, Large Speciality Tea - Peppermint - 1.60",5.0,CARD,7477108323216236
18/12/2024 15:20,Nottingham,Lisa Hanley,"Regular Espresso - 1.50, Regular Espresso - 1.50",3.0,CARD,8854829764614454
18/12/2024 15:21,Nottingham,Anthony Talavera,"Large Speciality Tea - Peppermint - 1.60, Large Espresso - 1.80, Regular Speciality Tea - Peppermint - 1.30, Regular Flavoured iced latte - Caramel - 2.75",7.45,CARD,2444940768373036
18/12/2024 15:22,Nottingham,Peter Hodge,"Regular Espresso - 1.50, Large Speciality Tea - Peppermint - 1.60, Regular Espresso - 1.50, Large Speciality Tea - Peppermint - 1.60",6.2,CASH,
18/12/2024 15:23,Nottingham,Billie Massey,Large Flavoured iced latte - Caramel - 3.25,3.25,CASH,
18/12/2024 15:24,Nottingham,Mary Thomas,"Large Speciality Tea - Peppermint - 1.60, Large Flavoured iced latte - Caramel - 3.25",4.85,CASH,
18/12/2024 15:25,Nottingham,Cheryl Chiodo,"Regular Espresso - 1.50, Large Espresso - 1.80, Large Espresso - 1.80, Large Speciality Tea - Peppermint - 1.60",6.7,CASH,
18/12/2024 15:26,Nottingham,Marty Hite,"Regular Speciality Tea - Peppermint - 1.30, Large Espresso - 1.80, Large Flavoured iced latte - Caramel - 3.25, Large Speciality Tea - Peppermint - 1.60",7.95,CASH,
18/12/2024 15:27,Nottingham,Michael Palmer,Large Espresso - 1.80,1.8,CARD,4588375406856671
18/12/2024 15:28,Nottingham,Loretta Sanfilippo,"Regular Espresso - 1.50, Large Speciality Tea - Peppermint - 1.60, Large Espresso - 1.80",4.9,CASH,
18/12/2024 15:29,Nottingham,Edgar Swigart,"Regular Flavoured iced latte - Caramel - 2.75, Regular Flavoured iced latte - Caramel - 2.75, Large Flavoured iced latte - Caramel - 3.25, Large Flavoured iced latte - Caramel - 3.25",12.0,CARD,5170933796243194
18/12/2024 15:30,Nottingham,Anne Eller,Large Flavoured iced latte - Caramel - 3.25,3.25,CASH,
18/12/2024 15:31,Nottingham,Hazel Thorton,Regular Speciality Tea - Peppermint - 1.30,1.3,CARD,7870156657574270
18/12/2024 15:32,Nottingham,Edward Gutierrez,"Large Espresso - 1.80, Large Speciality Tea - Peppermint - 1.60, Regular Flavoured iced latte - Caramel - 2.75, Regular Espresso - 1.50",7.65,CARD,5844590208605661
18/12/2024 15:33,Nottingham,Trudy Mcdowell,Regular Espresso - 1.50,1.5,CARD,5784564386732901
18/12/2024 15:34,Nottingham,Michael Smith,"Regular Espresso - 1.50, Large Espresso - 1.80, Regular Espresso - 1.50, Large Speciality Tea - Peppermint - 1.60",6.4,CARD,2356762716566670
18/12/2024 15:35,Nottingham,John Su,"Regular Espresso - 1.50, Large Speciality Tea - Peppermint - 1.60, Regular Speciality Tea - Peppermint - 1.30, Large Espresso - 1.80",6.2,CASH,
18/12/2024 15:36,Nottingham,Mary Cooks,"Regular Espresso - 1.50, Regular Speciality Tea - Peppermint - 1.30",2.8,CARD,7229328069508198
18/12/2024 15:37,Nottingham,Dori Thomlinson,Large Speciality Tea - Peppermint - 1.60,1.6,CARD,5385036220982703
18/12/2024 15:38,Nottingham,Keith Hague,"Regular Speciality Tea - Peppermint - 1.30, Regular Flavoured iced latte - Caramel - 2.75, Large Speciality Tea - Peppermint - 1.60",5.65,CASH,
18/12/2024 15:39,Nottingham,Denise Wadsworth,"Large Speciality Tea - Peppermint - 1.60, Large Espresso - 1.80, Large Espresso - 1.80",5.2,CARD,2151731936953074
18/12/2024 15:40,Nottingham,Marian Chitwood,"Regular Flavoured iced latte - Caramel - 2.75, Regular Flavoured iced latte - Caramel - 2.75, Large Espresso - 1.80, Large Flavoured iced latte - Caramel - 3.25, Regular Speciality Tea - Peppermint - 1.30, Large Espresso - 1.80",13.65,CARD,9368669405713495
18/12/2024 15:41,Nottingham,Inez Slade,"Regular Espresso - 1.50, Regular Speciality Tea - Peppermint - 1.30, Large Espresso - 1.80, Regular Espresso - 1.50, Large Flavoured iced latte - Caramel - 3.25",9.35,CARD,9026331798395736
18/12/2024 15:42,Nottingham,Dwayne Terry,"Regular Flavoured iced latte - Caramel - 2.75, Regular Speciality Tea - Peppermint - 1.30, Large Espresso - 1.80",5.85,CARD,1654504888915660
18/12/2024 15:43,Nottingham,Joseph Rowley,"Regular Speciality Tea - Peppermint - 1.30, Large Speciality Tea - Peppermint - 1.60, Regular Espresso - 1.50, Large Espresso - 1.80, Regular Espresso - 1.50",7.7,CARD,4808364691500353
18/12/2024 15:44,Nottingham,James Doran,"Large Speciality Tea - Peppermint - 1.60, Regular Espresso - 1.50, Regular Flavoured iced latte - Caramel - 2.75, Regular Flavoured iced latte - Caramel - 2.75, Large Espresso - 1.80",10.4,CARD,4919345754893759
18/12/2024 15:45,Nottingham,Debra Cantell,"Large Flavoured iced latte - Caramel - 3.25, Large Flavoured iced latte - Caramel - 3.25, Large Speciality Tea - Peppermint - 1.60, Large Speciality Tea - Peppermint - 1.60",9.7,CASH,
18/12/2024 15:46,Nottingham,Anthony Hopkins,"Large Speciality Tea - Peppermint - 1.60, Regular Espresso - 1.50, Regular Espresso - 1.50, Regular Espresso - 1.50, Large Speciality Tea - Peppermint - 1.60",7.7,CARD,4055421463121533
18/12/2024 15:47,Nottingham,Michael Hunt,"Regular Speciality Tea - Peppermint - 1.30, Regular Speciality Tea - Peppermint - 1.30, Large Espresso - 1.80, Regular Speciality Tea - Peppermint - 1.30, Large Espresso - 1.80",7.5,CARD,9115192335006210
18/12/2024 15:48,Nottingham,Robert Svobodny,"Regular Speciality Tea - Peppermint - 1.30, Large Espresso - 1.80, Large Flavoured iced latte - Caramel - 3.25, Large Speciality Tea - Peppermint - 1.60",7.95,CARD,5794587808359529
18/12/2024 15:49,Nottingham,Marie Johnson,"Large Flavoured iced latte - Caramel - 3.25, Large Espresso - 1.80, Large Speciality Tea - Peppermint - 1.60, Large Flavoured iced latte - Caramel - 3.25",9.9,CARD,5137438196130011
18/12/2024 15:50,Nottingham,Robyn Klein,"Regular Espresso - 1.50, Large Flavoured iced latte - Caramel - 3.25, Regular Speciality Tea - Peppermint - 1.30",6.05,CASH,
18/12/2024 15:51,Nottingham,Christopher Neuman,"Large Flavoured iced latte - Caramel - 3.25, Regular Speciality Tea - Peppermint - 1.30, Regular Flavoured iced latte - Caramel - 2.75",7.3,CARD,8011838747958432
18/12/2024 15:52,Nottingham,Brandon Lindell,Regular Speciality Tea - Peppermint - 1.30,1.3,CARD,2307417047852998
18/12/2024 15:53,Nottingham,Rita Dingle,Regular Flavoured iced latte - Caramel - 2.75,2.75,CARD,8761452962068846
18/12/2024 15:54,Nottingham,Lanell Robinson,"Large Flavoured iced latte - Caramel - 3.25, Regular Speciality Tea - Peppermint - 1.30, Regular Speciality Tea - Peppermint - 1.30",5.85,CARD,9341703072275142
18/12/2024 15:55,Nottingham,Mark Field,"Regular Espresso - 1.50, Large Speciality Tea - Peppermint - 1.60",3.1,CARD,2856830934470216
18/12/2024 15:57,Nottingham,John Page,"Regular Espresso - 1.50, Large Flavoured iced latte - Caramel - 3.25, Large Espresso - 1.80, Regular Flavoured iced latte - Caramel - 2.75",9.3,CARD,6214118929768732
18/12/2024 15:58,Nottingham,Alma Davis,Regular Speciality Tea - Peppermint - 1.30,1.3,CASH,
18/12/2024 15:59,Nottingham,Mollie Fountain,"Regular Speciality Tea - Peppermint - 1.30, Large Speciality Tea - Peppermint - 1.60, Regular Espresso - 1.50, Regular Speciality Tea - Peppermint - 1.30, Regular Speciality Tea - Peppermint - 1.30",7.0,CASH,
18/12/2024 16:00,Nottingham,Monica Whitten,"Regular Flavoured iced latte - Caramel - 2.75, Regular Speciality Tea - Peppermint - 1.30, Large Speciality Tea - Peppermint - 1.60",5.65,CASH,
18/12/2024 16:03,Nottingham,Marlene Burger,"Regular Speciality Tea - Peppermint - 1.30, Regular Speciality Tea - Peppermint - 1.30, Large Speciality Tea - Peppermint - 1.60, Regular Espresso - 1.50",5.7,CARD,6341128363283480
18/12/2024 16:06,Nottingham,Ione Keen,"Regular Espresso - 1.50, Regular Speciality Tea - Peppermint - 1.30",2.8,CASH,
18/12/2024 16:09,Nottingham,Barry Shavers,"Regular Espresso - 1.50, Large Speciality Tea - Peppermint - 1.60",3.1,CASH,
18/12/2024 16:12,Nottingham,Francisco Stagg,"Regular Espresso - 1.50, Regular Flavoured iced latte - Caramel - 2.75, Regular Speciality Tea - Peppermint - 1.30, Regular Espresso - 1.50, Large Speciality Tea - Peppermint - 1.60",8.65,CASH,
18/12/2024 16:15,Nottingham,David Francisco,Large Speciality Tea - Peppermint - 1.60,1.6,CASH,
18/12/2024 16:18,Nottingham,Johanna Martines,"Regular Flavoured iced latte - Caramel - 2.75, Regular Flavoured iced latte - Caramel - 2.75",5.5,CASH,
18/12/2024 16:22,Nottingham,Steven Madison,"Regular Speciality Tea - Peppermint - 1.30, Large Flavoured iced latte - Caramel - 3.25, Large Espresso - 1.80",6.35,CARD,6849866060409644
18/12/2024 16:25,Nottingham,Scott Schneider,"Large Espresso - 1.80, Large Espresso - 1.80, Large Speciality Tea - Peppermint - 1.60, Regular Speciality Tea - Peppermint - 1.30, Large Speciality Tea - Peppermint - 1.60",8.1,CARD,4872653192012796
18/12/2024 16:28,Nottingham,Ella Kohler,"Regular Espresso - 1.50, Large Espresso - 1.80",3.3,CASH,
18/12/2024 16:31,Nottingham,Anthony Timberlake,Large Flavoured iced latte - Caramel - 3.25,3.25,CASH,
18/12/2024 16:34,Nottingham,Arnold Banks,"Regular Espresso - 1.50, Large Flavoured iced latte - Caramel - 3.25, Large Espresso - 1.80, Large Flavoured iced latte - Caramel - 3.25, Regular Flavoured iced latte - Caramel - 2.75",12.55,CARD,7008775201195204
18/12/2024 16:37,Nottingham,Kenneth Cross,"Regular Espresso - 1.50, Regular Speciality Tea - Peppermint - 1.30",2.8,CARD,9893118413814424
18/12/2024 16:41,Nottingham,Kathleen Simon,"Regular Espresso - 1.50, Regular Flavoured iced latte - Caramel - 2.75, Large Flavoured iced latte - Caramel - 3.25",7.5,CARD,7286384628001715
18/12/2024 16:44,Nottingham,Patricia Roman,"Regular Flavoured iced latte - Caramel - 2.75, Regular Flavoured iced latte - Caramel - 2.75, Large Speciality Tea - Peppermint - 1.60, Large Speciality Tea - Peppermint - 1.60",8.7,CARD,4650741433063140
18/12/2024 16:47,Nottingham,Derick Griggs,"Regular Speciality Tea - Peppermint - 1.30, Large Flavoured iced latte - Caramel - 3.25, Regular Speciality Tea - Peppermint - 1.30, Regular Flavoured iced latte - Caramel - 2.75",8.6,CARD,4937680530569756
18/12/2024 16:50,Nottingham,Robert Earl,"Large Flavoured iced latte - Caramel - 3.25, Regular Flavoured iced latte - Caramel - 2.75, Regular Espresso - 1.50, Regular Espresso - 1.50",9.0,CARD,8646168710450757
18/12/2024 16:53,Nottingham,Kyle Jones,Regular Flavoured iced latte - Caramel - 2.75,2.75,CARD,2029126090538742
18/12/2024 16:56,Nottingham,James Crosby,"Regular Espresso - 1.50, Large Speciality Tea - Peppermint - 1.60, Large Speciality Tea - Peppermint - 1.60, Regular Flavoured iced latte - Caramel - 2.75",7.45,CARD,8280269690041026
18/12/2024 16:59,Nottingham,Nicole Williams,"Large Speciality Tea - Peppermint - 1.60, Large Speciality Tea - Peppermint - 1.60",3.2,CARD,3702340077212422
