18/12/2024 09:00,Southend-on-Sea,Denis Doss,Regular Hot Chocolate - 1.40,1.4,CARD,3565084957890087
18/12/2024 09:01,Southend-on-Sea,Helen Weeks,"Large Speciality Tea - Peppermint - 1.60, Large Flavoured iced latte - Caramel - 3.25, Regular Flavoured iced latte - Caramel - 2.75",7.6,CARD,8039236971227763
18/12/2024 09:03,Southend-on-Sea,Ryan Mcpeake,"Large Speciality Tea - Darjeeling - 1.60, Regular Luxury hot chocolate - 2.40",4.0,CARD,2601976193280960
18/12/2024 09:04,Southend-on-Sea,Maria Horrocks,Large Speciality Tea - Darjeeling - 1.60,1.6,CARD,2796040487366688
18/12/2024 09:06,Southend-on-Sea,Charles Bruce,Regular Flavoured iced latte - Caramel - 2.75,2.75,CARD,6466638796869469
18/12/2024 09:07,Southend-on-Sea,Edwin Brown,"Large Flavoured iced latte - Caramel - 3.25, Regular Luxury hot chocolate - 2.40, Regular Speciality Tea - Darjeeling - 1.30",6.95,CARD,1695251327317504
18/12/2024 09:09,Southend-on-Sea,Stacey Merkl,"Regular Americano - 1.95, Regular Flavoured iced latte - Caramel - 2.75, Large Luxury hot chocolate - 2.70, Large Americano - 2.25, Regular Red Label tea - 1.20",10.85,CARD,3239660347188000
18/12/2024 09:10,Southend-on-Sea,Robin Warren,"Large Red Label tea - 1.80, Regular Luxury hot chocolate - 2.40",4.2,CARD,5543349809816527
18/12/2024 09:12,Southend-on-Sea,Richard Aguilar,"Large Americano - 2.25, Regular Flavoured iced latte - Caramel - 2.75, Large Americano - 2.25",7.25,CASH,
18/12/2024 09:13,Southend-on-Sea,Robert Maxwell,"Large Americano - 2.25, Large Speciality Tea - Peppermint - 1.60, Regular Flavoured iced latte - Caramel - 2.75",6.6,CARD,6981470426062370
18/12/2024 09:15,Southend-on-Sea,Edward Nguyen,Large Red Label tea - 1.80,1.8,CARD,7033250835181774
18/12/2024 09:16,Southend-on-Sea,Ida Ortiz,"Regular Flavoured iced latte - Caramel - 2.75, Regular Luxury hot chocolate - 2.40, Regular Hot Chocolate - 1.40",6.55,CARD,7521101223820913
18/12/2024 09:18,Southend-on-Sea,Melissa Kohn,"Regular Red Label tea - 1.20, Regular Red Label tea - 1.20",2.4,CARD,1625530758317945
18/12/2024 09:19,Southend-on-Sea,Ruben Paschall,Large Red Label tea - 1.80,1.8,CARD,2511411819446432
18/12/2024 09:21,Southend-on-Sea,Brendan Pappas,"Regular Red Label tea - 1.20, Large Speciality Tea - Peppermint - 1.60",2.8,CARD,4331504622665862
18/12/2024 09:22,Southend-on-Sea,Leroy Miller,"Large Americano - 2.25, Large Speciality Tea - Darjeeling - 1.60",3.85,CARD,4828588582481209
18/12/2024 09:24,Southend-on-Sea,Deborah Dove,"Large Flavoured iced latte - Caramel - 3.25, Large Hot Chocolate - 1.70",4.95,CASH,
18/12/2024 09:25,Southend-on-Sea,Jerry Bocci,"Regular Americano - 1.95, Large Flavoured iced latte - Caramel - 3.25",5.2,CARD,5776478495520273
18/12/2024 09:27,Southend-on-Sea,Eric Hopper,"Regular Red Label tea - 1.20, Large Hot Chocolate - 1.70, Large Red Label tea - 1.80",4.7,CASH,
18/12/2024 09:28,Southend-on-Sea,Douglas Cahill,"Large Flavoured iced latte - Caramel - 3.25, Large Speciality Tea - Darjeeling - 1.60",4.85,CASH,
18/12/2024 09:30,Southend-on-Sea,Sabrina Baker,Large Speciality Tea - Peppermint - 1.60,1.6,CARD,1767773587227494
18/12/2024 09:31,Southend-on-Sea,Sara Kadis,Large Americano - 2.25,2.25,CARD,9458838702822846
18/12/2024 09:33,Southend-on-Sea,Henry Vildosola,"Regular Red Label tea - 1.20, Large Speciality Tea - Peppermint - 1.60, Regular Americano - 1.95, Regular Speciality Tea - Darjeeling - 1.30",6.05,CARD,9859927678821469
18/12/2024 09:34,Southend-on-Sea,Catherine Christian,"Regular Speciality Tea - Peppermint - 1.30, Large Speciality Tea - Darjeeling - 1.60, Large Americano - 2.25, Regular Americano - 1.95",7.1,CASH,
18/12/2024 09:36,Southend-on-Sea,Barbara Brown,"Regular Speciality Tea - Peppermint - 1.30, Regular Hot Chocolate - 1.40, Regular Luxury hot chocolate - 2.40",5.1,CARD,7047620085796293
18/12/2024 09:37,Southend-on-Sea,Devin Hyland,"Large Speciality Tea - Darjeeling - 1.60, Large Red Label tea - 1.80, Large Luxury hot chocolate - 2.70, Regular Flavoured iced latte - Caramel - 2.75, Regular Speciality Tea - Peppermint - 1.30",10.15,CARD,9952526624712286
18/12/2024 09:39,Southend-on-Sea,Raymond Paull,"Regular Americano - 1.95, Regular Speciality Tea - Peppermint - 1.30",3.25,CARD,7131864780922729
18/12/2024 09:40,Southend-on-Sea,Jerry Jolly,"Regular Americano - 1.95, Large Speciality Tea - Peppermint - 1.60, Regular Speciality Tea - Darjeeling - 1.30",4.85,CARD,8171149882548250
18/12/2024 09:42,Southend-on-Sea,Ricky Everett,Regular Hot Chocolate - 1.40,1.4,CARD,4188409263760525
18/12/2024 09:43,Southend-on-Sea,Audrey Hobden,"Regular Speciality Tea - Peppermint - 1.30, Regular Hot Chocolate - 1.40, Regular Hot Chocolate - 1.40",4.1,CARD,2623345306506851
18/12/2024 09:45,Southend-on-Sea,Theresa Radice,"Large Speciality Tea - Darjeeling - 1.60, Large Americano - 2.25",3.85,CARD,1928182242010395
18/12/2024 09:46,Southend-on-Sea,Eric Long,"Regular Luxury hot chocolate - 2.40, Large Speciality Tea - Darjeeling - 1.60, Regular Speciality Tea - Peppermint - 1.30, Large Red Label tea - 1.80",7.1,CARD,7606747873644366
18/12/2024 09:48,Southend-on-Sea,Emily Butler,"Large Speciality Tea - Darjeeling - 1.60, Large Flavoured iced latte - Caramel - 3.25, Regular Red Label tea - 1.20, Large Speciality Tea - Darjeeling - 1.60",7.65,CARD,4328276943730056
18/12/2024 09:49,Southend-on-Sea,Margaret Padberg,"Regular Red Label tea - 1.20, Large Hot Chocolate - 1.70",2.9,CASH,
18/12/2024 09:51,Southend-on-Sea,Leon Ryan,Regular Luxury hot chocolate - 2.40,2.4,CARD,1630887256150437
18/12/2024 09:52,Southend-on-Sea,June Creason,Regular Luxury hot chocolate - 2.40,2.4,CARD,3426068620627425
18/12/2024 09:54,Southend-on-Sea,Bernice Davis,"Regular Hot Chocolate - 1.40, Regular Hot Chocolate - 1.40, Large Americano - 2.25",5.05,CARD,9560382471986879
18/12/2024 09:55,Southend-on-Sea,Audrey Gandolfi,"Regular Red Label tea - 1.20, Large Americano - 2.25, Regular Speciality Tea - Peppermint - 1.30, Large Luxury hot chocolate - 2.70, Regular Speciality Tea - Darjeeling - 1.30",8.75,CARD,7717462705698718
18/12/2024 09:57,Southend-on-Sea,David Buchanan,"Large Luxury hot chocolate - 2.70, Large Hot Chocolate - 1.70",4.4,CASH,
18/12/2024 09:58,Southend-on-Sea,Ricardo Bice,Large Hot Chocolate - 1.70,1.7,CARD,7076072132135504
18/12/2024 10:00,Southend-on-Sea,Emily Bates,"Regular Hot Chocolate - 1.40, Regular Hot Chocolate - 1.40, Large Luxury hot chocolate - 2.70, Regular Speciality Tea - Peppermint - 1.30",6.8,CARD,9968412981076275
18/12/2024 10:02,Southend-on-Sea,Kim Hale,"Large Americano - 2.25, Regular Flavoured iced latte - Caramel - 2.75",5.0,CARD,1733070593997159
18/12/2024 10:04,Southend-on-Sea,Richard Anderson,"Large Flavoured iced latte - Caramel - 3.25, Large Speciality Tea - Darjeeling - 1.60, Regular Speciality Tea - Peppermint - 1.30, Regular Luxury hot chocolate - 2.40",8.55,CASH,
18/12/2024 10:06,Southend-on-Sea,Henry Ritz,Regular Flavoured iced latte - Caramel - 2.75,2.75,CARD,3464055972506378
18/12/2024 10:08,Southend-on-Sea,Mathew Tincher,"Large Americano - 2.25, Regular Speciality Tea - Peppermint - 1.30, Large Hot Chocolate - 1.70, Large Hot Chocolate - 1.70, Large Flavoured iced latte - Caramel - 3.25, Large Luxury hot chocolate - 2.70",12.9,CARD,5524779995007733
18/12/2024 10:11,Southend-on-Sea,Henry Farlow,Regular Speciality Tea - Peppermint - 1.30,1.3,CARD,9944770928965053
18/12/2024 10:13,Southend-on-Sea,Bonnie Sparano,Large Flavoured iced latte - Caramel - 3.25,3.25,CARD,4446370602297759
18/12/2024 10:15,Southend-on-Sea,Tawana Hernandez,"Regular Americano - 1.95, Regular Hot Chocolate - 1.40, Large Hot Chocolate - 1.70, Regular Luxury hot chocolate - 2.40",7.45,CARD,2386382435208660
18/12/2024 10:17,Southend-on-Sea,James Barrios,"Large Luxury hot chocolate - 2.70, Regular Flavoured iced latte - Caramel - 2.75",5.45,CARD,7223583907591941
18/12/2024 10:19,Southend-on-Sea,Natalie Lundy,"Regular Americano - 1.95, Large Speciality Tea - Peppermint - 1.60",3.55,CARD,4226254807978889
18/12/2024 10:22,Southend-on-Sea,Mitzi Sloan,Large Luxury hot chocolate - 2.70,2.7,CASH,
18/12/2024 10:24,Southend-on-Sea,Christina Terry,"Regular Speciality Tea - Darjeeling - 1.30, Regular Flavoured iced latte - Caramel - 2.75, Large Hot Chocolate - 1.70",5.75,CASH,
18/12/2024 10:26,Southend-on-Sea,Susan Taylor,Large Americano - 2.25,2.25,CARD,9128365798801103
18/12/2024 10:28,Southend-on-Sea,Brian Woods,"Large Luxury hot chocolate - 2.70, Regular Speciality Tea - Darjeeling - 1.30",4.0,CASH,
18/12/2024 10:31,Southend-on-Sea,Janice Brown,"Regular Americano - 1.95, Regular Americano - 1.95, Regular Flavoured iced latte - Caramel - 2.75, Large Hot Chocolate - 1.70",8.35,CASH,
18/12/2024 10:33,Southend-on-Sea,Pauline Smith,Large Red Label tea - 1.80,1.8,CASH,
18/12/2024 10:35,Southend-on-Sea,Robin Diederich,"Large Luxury hot chocolate - 2.70, Regular Speciality Tea - Peppermint - 1.30, Large Speciality Tea - Peppermint - 1.60, Large Speciality Tea - Peppermint - 1.60",7.2,CARD,1681855724065938
18/12/2024 10:37,Southend-on-Sea,Virginia Courtney,"Large Luxury hot chocolate - 2.70, Large Speciality Tea - Darjeeling - 1.60",4.3,CARD,5856791890171138
18/12/2024 10:39,Southend-on-Sea,John Morgan,"Regular Flavoured iced latte - Caramel - 2.75, Large Americano - 2.25, Large Luxury hot chocolate - 2.70",7.7,CARD,3291325033689631
18/12/2024 10:42,Southend-on-Sea,Joan Duer,"Regular Hot Chocolate - 1.40, Regular Speciality Tea - Peppermint - 1.30, Regular Flavoured iced latte - Caramel - 2.75",5.45,CARD,6349377808278831
18/12/2024 10:44,Southend-on-Sea,Israel Coe,Regular Speciality Tea - Peppermint - 1.30,1.3,CASH,
18/12/2024 10:46,Southend-on-Sea,Kathleen Dick,"Regular Speciality Tea - Darjeeling - 1.30, Regular Luxury hot chocolate - 2.40, Large Speciality Tea - Darjeeling - 1.60",5.3,CARD,5601712850931077
18/12/2024 10:48,Southend-on-Sea,Katherine Daggett,Large Hot Chocolate - 1.70,1.7,CARD,3601991751871806
18/12/2024 10:50,Southend-on-Sea,Teresa Wagner,"Regular Americano - 1.95, Large Hot Chocolate - 1.70, Regular Speciality Tea - Peppermint - 1.30, Regular Flavoured iced latte - Caramel - 2.75, Regular Red Label tea - 1.20, Regular Luxury hot chocolate - 2.40",11.3,CARD,6666773291626326
18/12/2024 10:53,Southend-on-Sea,Man Jimison,"Regular Red Label tea - 1.20, Large Luxury hot chocolate - 2.70, Regular Hot Chocolate - 1.40, Large Flavoured iced latte - Caramel - 3.25, Large Red Label tea - 1.80",10.35,CARD,7349146400460225
18/12/2024 10:55,Southend-on-Sea,Mona Fernandez,Large Speciality Tea - Peppermint - 1.60,1.6,CARD,9464494391364218
18/12/2024 10:57,Southend-on-Sea,Jose Thomas,"Large Luxury hot chocolate - 2.70, Large Red Label tea - 1.80",4.5,CARD,8755997121032520
18/12/2024 10:59,Southend-on-Sea,Leticia Raymond,Large Speciality Tea - Peppermint - 1.60,1.6,CARD,2392329683261753
18/12/2024 11:02,Southend-on-Sea,Janet Mellen,"Regular Speciality Tea - Darjeeling - 1.30, Regular Americano - 1.95, Regular Luxury hot chocolate - 2.40, Regular Hot Chocolate - 1.40",7.05,CARD,2759340872651112
18/12/2024 11:04,Southend-on-Sea,Sara Cardona,Regular Americano - 1.95,1.95,CARD,6510573414477384
18/12/2024 11:06,Southend-on-Sea,Alfonso Hardy,"Regular Flavoured iced latte - Caramel - 2.75, Regular Speciality Tea - Darjeeling - 1.30, Regular Speciality Tea - Darjeeling - 1.30, Large Speciality Tea - Peppermint - 1.60",6.95,CARD,9095689540639647
18/12/2024 11:08,Southend-on-Sea,Paul Fox,"Large Americano - 2.25, Large Luxury hot chocolate - 2.70",4.95,CARD,5185425508993166
18/12/2024 11:10,Southend-on-Sea,Vernon Whitted,"Large Flavoured iced latte - Caramel - 3.25, Regular Flavoured iced latte - Caramel - 2.75, Regular Hot Chocolate - 1.40",7.4,CARD,1532525896407652
18/12/2024 11:13,Southend-on-Sea,Earl Maxwell,"Regular Speciality Tea - Darjeeling - 1.30, Regular Red Label tea - 1.20, Large Red Label tea - 1.80, Large Americano - 2.25, Large Luxury hot chocolate - 2.70",9.25,CARD,6705923613693492
18/12/2024 11:15,Southend-on-Sea,Ricardo Thompson,"Large Speciality Tea - Darjeeling - 1.60, Large Hot Chocolate - 1.70",3.3,CARD,8119462374191035
18/12/2024 11:17,Southend-on-Sea,Steven Seith,"Regular Speciality Tea - Darjeeling - 1.30, Regular Flavoured iced latte - Caramel - 2.75, Regular Red Label tea - 1.20, Large Flavoured iced latte - Caramel - 3.25, Large Red Label tea - 1.80, Regular Americano - 1.95",12.25,CASH,
18/12/2024 11:19,Southend-on-Sea,Bridget Drumheller,"Large Speciality Tea - Darjeeling - 1.60, Regular Americano - 1.95, Regular Flavoured iced latte - Caramel - 2.75",6.3,CASH,
18/12/2024 11:22,Southend-on-Sea,Shirley Eason,"Large Americano - 2.25, Large Luxury hot chocolate - 2.70, Regular Flavoured iced latte - Caramel - 2.75",7.7,CARD,4333132599143718
18/12/2024 11:24,Southend-on-Sea,Carl Wright,"Large Luxury hot chocolate - 2.70, Regular Speciality Tea - Darjeeling - 1.30, Regular Speciality Tea - Darjeeling - 1.30",5.3,CARD,6412013771873454
18/12/2024 11:26,Southend-on-Sea,Walter Turner,"Regular Hot Chocolate - 1.40, Regular Luxury hot chocolate - 2.40, Large Americano - 2.25",6.05,CARD,1671000067642022
18/12/2024 11:28,Southend-on-Sea,Peter Wright,"Regular Hot Chocolate - 1.40, Large Red Label tea - 1.80, Regular Speciality Tea - Peppermint - 1.30, Large Flavoured iced latte - Caramel - 3.25, Regular Speciality Tea - Peppermint - 1.30",9.05,CASH,
18/12/2024 11:30,Southend-on-Sea,Virginia Russell,Regular Flavoured iced latte - Caramel - 2.75,2.75,CARD,2379311464274885
18/12/2024 11:33,Southend-on-Sea,Paul Garcia,"Large Red Label tea - 1.80, Large Flavoured iced latte - Caramel - 3.25, Large Speciality Tea - Peppermint - 1.60",6.65,CASH,
18/12/2024 11:35,Southend-on-Sea,Judy Mccombs,"Regular Hot Chocolate - 1.40, Large Luxury hot chocolate - 2.70, Large Speciality Tea - Darjeeling - 1.60, Large Americano - 2.25, Regular Americano - 1.95",9.9,CASH,
18/12/2024 11:37,Southend-on-Sea,Mary Steiger,"Large Speciality Tea - Peppermint - 1.60, Large Americano - 2.25, Regular Speciality Tea - Peppermint - 1.30",5.15,CARD,4719846704054004
18/12/2024 11:39,Southend-on-Sea,William Clark,"Large Speciality Tea - Peppermint - 1.60, Regular Speciality Tea - Darjeeling - 1.30",2.9,CARD,6512904686558275
18/12/2024 11:41,Southend-on-Sea,John Smith,"Regular Speciality Tea - Darjeeling - 1.30, Large Speciality Tea - Darjeeling - 1.60, Large Flavoured iced latte - Caramel - 3.25",6.15,CARD,6742210508924527
18/12/2024 11:44,Southend-on-Sea,George Mitchiner,"Regular Speciality Tea - Darjeeling - 1.30, Large Hot Chocolate - 1.70",3.0,CASH,
18/12/2024 11:46,Southend-on-Sea,Roberta Simpson,Large Red Label tea - 1.80,1.8,CARD,2511188219435370
18/12/2024 11:48,Southend-on-Sea,Ray Lyvers,"Regular Flavoured iced latte - Caramel - 2.75, Large Americano - 2.25, Regular Luxury hot chocolate - 2.40",7.4,CASH,
18/12/2024 11:50,Southend-on-Sea,Thomas Falls,"Large Speciality Tea - Darjeeling - 1.60, Regular Hot Chocolate - 1.40",3.0,CARD,6036794497938477
18/12/2024 11:53,Southend-on-Sea,Anthony Orr,"Regular Speciality Tea - Darjeeling - 1.30, Large Red Label tea - 1.80",3.1,CARD,2255628055641884
18/12/2024 11:55,Southend-on-Sea,Carolyn Speers,"Regular Luxury hot chocolate - 2.40, Large Speciality Tea - Peppermint - 1.60, Regular Americano - 1.95, Regular Luxury hot chocolate - 2.40, Regular Speciality Tea - Darjeeling - 1.30, Regular Speciality Tea - Peppermint - 1.30",10.95,CARD,7011923022042781
18/12/2024 11:57,Southend-on-Sea,Javier Pendleton,"Large Luxury hot chocolate - 2.70, Regular Hot Chocolate - 1.40, Regular Flavoured iced latte - Caramel - 2.75, Regular Americano - 1.95",8.8,CARD,6700956276860599
18/12/2024 11:59,Southend-on-Sea,Marcy Hochmuth,"Large Flavoured iced latte - Caramel - 3.25, Large Flavoured iced latte - Caramel - 3.25, Large Americano - 2.25",8.75,CASH,
18/12/2024 12:01,Southend-on-Sea,Barry Crist,Large Americano - 2.25,2.25,CARD,2698881186638985
18/12/2024 12:04,Southend-on-Sea,Tamika Johnson,"Large Luxury hot chocolate - 2.70, Regular Hot Chocolate - 1.40, Large Hot Chocolate - 1.70",5.8,CARD,9396730112312627
18/12/2024 12:06,Southend-on-Sea,Herbert Evans,"Regular Flavoured iced latte - Caramel - 2.75, Regular Hot Chocolate - 1.40, Regular Speciality Tea - Darjeeling - 1.30, Regular Luxury hot chocolate - 2.40",7.85,CARD,4563016577425704
18/12/2024 12:09,Southend-on-Sea,Eugene Black,"Regular Luxury hot chocolate - 2.40, Large Luxury hot chocolate - 2.70",5.1,CASH,
18/12/2024 12:11,Southend-on-Sea,Joshua Locke,Large Hot Chocolate - 1.70,1.7,CARD,7360722218123340
18/12/2024 12:14,Southend-on-Sea,Kenneth Cabaniss,Large Luxury hot chocolate - 2.70,2.7,CARD,1112713353376433
18/12/2024 12:16,Southend-on-Sea,Ruth Lopez,"Regular Speciality Tea - Darjeeling - 1.30, Large Flavoured iced latte - Caramel - 3.25",4.55,CASH,
18/12/2024 12:19,Southend-on-Sea,Ruth Mendez,"Large Flavoured iced latte - Caramel - 3.25, Large Hot Chocolate - 1.70",4.95,CARD,5364647856479641
18/12/2024 12:21,Southend-on-Sea,Jerome Harvey,"Regular Flavoured iced latte - Caramel - 2.75, Large Speciality Tea - Darjeeling - 1.60, Regular Luxury hot chocolate - 2.40",6.75,CARD,8690779845653831
18/12/2024 12:24,Southend-on-Sea,Tina Sinn,"Large Speciality Tea - Darjeeling - 1.60, Large Hot Chocolate - 1.70",3.3,CARD,4493018781778697
18/12/2024 12:26,Southend-on-Sea,Lori Stroud,"Regular Hot Chocolate - 1.40, Large Speciality Tea - Peppermint - 1.60, Large Hot Chocolate - 1.70, Regular Speciality Tea - Darjeeling - 1.30",6.0,CASH,
18/12/2024 12:29,Southend-on-Sea,Catherine Sevigny,"Regular Speciality Tea - Peppermint - 1.30, Regular Hot Chocolate - 1.40, Regular Red Label tea - 1.20, Large Hot Chocolate - 1.70",5.6,CARD,9110248836682165
18/12/2024 12:31,Southend-on-Sea,William Starkes,"Large Luxury hot chocolate - 2.70, Large Flavoured iced latte - Caramel - 3.25",5.95,CARD,3009295345690949
18/12/2024 12:34,Southend-on-Sea,Patrick Varney,"Large Luxury hot chocolate - 2.70, Large Hot Chocolate - 1.70",4.4,CARD,6361135074557753
18/12/2024 12:36,Southend-on-Sea,Sandy Aguilera,"Large Hot Chocolate - 1.70, Large Hot Chocolate - 1.70, Large Speciality Tea - Peppermint - 1.60, Large Hot Chocolate - 1.70",6.7,CARD,9963338420347887
18/12/2024 12:39,Southend-on-Sea,Peter Whatoname,"Large Luxury hot chocolate - 2.70, Regular Americano - 1.95, Regular Luxury hot chocolate - 2.40, Regular Flavoured iced latte - Caramel - 2.75",9.8,CARD,2073501756032723
18/12/2024 12:41,Southend-on-Sea,Angela Norman,"Large Hot Chocolate - 1.70, Regular Flavoured iced latte - Caramel - 2.75, Large Hot Chocolate - 1.70",6.15,CARD,7519201506072196
18/12/2024 12:44,Southend-on-Sea,Irene Marcano,Large Luxury hot chocolate - 2.70,2.7,CARD,7603304132924139
18/12/2024 12:46,Southend-on-Sea,Bill Evans,"Regular Red Label tea - 1.20, Regular Red Label tea - 1.20, Large Luxury hot chocolate - 2.70",5.1,CARD,9388717456813442
18/12/2024 12:49,Southend-on-Sea,Marquis Dillehay,"Regular Americano - 1.95, Large Speciality Tea - Darjeeling - 1.60, Regular Hot Chocolate - 1.40, Regular Americano - 1.95",6.9,CARD,6074952930916547
18/12/2024 12:51,Southend-on-Sea,Joe Whelan,"Regular Speciality Tea - Peppermint - 1.30, Regular Speciality Tea - Darjeeling - 1.30",2.6,CARD,4680885056800953
18/12/2024 12:54,Southend-on-Sea,Brenda Hatton,"Large Luxury hot chocolate - 2.70, Regular Americano - 1.95, Large Hot Chocolate - 1.70",6.35,CARD,1852635506190453
18/12/2024 12:56,Southend-on-Sea,Tanya Franco,"Regular Flavoured iced latte - Caramel - 2.75, Regular Americano - 1.95",4.7,CARD,6036934765135551
18/12/2024 12:59,Southend-on-Sea,Drew Hall,"Regular Luxury hot chocolate - 2.40, Large Flavoured iced latte - Caramel - 3.25, Large Hot Chocolate - 1.70",7.35,CASH,
18/12/2024 13:01,Southend-on-Sea,Hayley Staton,"Regular Americano - 1.95, Large Hot Chocolate - 1.70, Large Americano - 2.25",5.9,CASH,
18/12/2024 13:04,Southend-on-Sea,John Frilling,Regular Red Label tea - 1.20,1.2,CARD,9491017602468571
18/12/2024 13:06,Southend-on-Sea,Robert Hensley,"Large Flavoured iced latte - Caramel - 3.25, Regular Luxury hot chocolate - 2.40",5.65,CASH,
18/12/2024 13:08,Southend-on-Sea,Melinda Perreira,"Large Flavoured iced latte - Caramel - 3.25, Regular Flavoured iced latte - Caramel - 2.75",6.0,CARD,5829058073237913
18/12/2024 13:10,Southend-on-Sea,Troy Ginsberg,Large Speciality Tea - Peppermint - 1.60,1.6,CASH,
18/12/2024 13:13,Southend-on-Sea,Alejandro Morales,"Large Speciality Tea - Peppermint - 1.60, Regular Luxury hot chocolate - 2.40, Regular Luxury hot chocolate - 2.40, Large Luxury hot chocolate - 2.70",9.1,CARD,1350863073388967
18/12/2024 13:15,Southend-on-Sea,Denise Mastin,Large Flavoured iced latte - Caramel - 3.25,3.25,CASH,
18/12/2024 13:17,Southend-on-Sea,Louisa Braddock,"Regular Speciality Tea - Peppermint - 1.30, Regular Americano - 1.95",3.25,CARD,2996245673877083
18/12/2024 13:19,Southend-on-Sea,Edmond Commodore,"Large Americano - 2.25, Large Red Label tea - 1.80, Regular Americano - 1.95",6.0,CASH,
18/12/2024 13:21,Southend-on-Sea,Linda Mcqueen,"Regular Hot Chocolate - 1.40, Regular Flavoured iced latte - Caramel - 2.75, Large Speciality Tea - Darjeeling - 1.60, Large Americano - 2.25, Regular Americano - 1.95",9.95,CARD,1803948927708818
18/12/2024 13:24,Southend-on-Sea,Susan Hinesley,"Large Hot Chocolate - 1.70, Large Flavoured iced latte - Caramel - 3.25",4.95,CARD,2508876541103962
18/12/2024 13:26,Southend-on-Sea,Diana Palmer,"Regular Hot Chocolate - 1.40, Regular Speciality Tea - Peppermint - 1.30, Regular Flavoured iced latte - Caramel - 2.75, Regular Americano - 1.95, Regular Speciality Tea - Darjeeling - 1.30",8.7,CASH,
18/12/2024 13:28,Southend-on-Sea,Santiago Hurt,"Large Americano - 2.25, Regular Flavoured iced latte - Caramel - 2.75",5.0,CASH,
18/12/2024 13:30,Southend-on-Sea,Tammy Lowell,Regular Hot Chocolate - 1.40,1.4,CASH,
18/12/2024 13:32,Southend-on-Sea,Inez Benning,"Regular Red Label tea - 1.20, Large Speciality Tea - Peppermint - 1.60, Regular Hot Chocolate - 1.40, Regular Americano - 1.95",6.15,CARD,9526179070028432
18/12/2024 13:35,Southend-on-Sea,Christina Hewitt,"Regular Hot Chocolate - 1.40, Large Americano - 2.25",3.65,CARD,4856899021991498
18/12/2024 13:37,Southend-on-Sea,Patrick Suarez,"Large Hot Chocolate - 1.70, Large Flavoured iced latte - Caramel - 3.25, Large Americano - 2.25",7.2,CASH,
18/12/2024 13:39,Southend-on-Sea,Janice Lopez,"Regular Red Label tea - 1.20, Large Speciality Tea - Peppermint - 1.60",2.8,CASH,
18/12/2024 13:41,Southend-on-Sea,Fernando Allis,Large Americano - 2.25,2.25,CASH,
18/12/2024 13:44,Southend-on-Sea,Roger Monteros,"Large Speciality Tea - Peppermint - 1.60, Large Hot Chocolate - 1.70",3.3,CARD,9146868447132456
18/12/2024 13:46,Southend-on-Sea,Jack Richardson,Regular Hot Chocolate - 1.40,1.4,CARD,4337164514876964
18/12/2024 13:48,Southend-on-Sea,Evelyn Young,Large Americano - 2.25,2.25,CARD,8788024660417789
18/12/2024 13:50,Southend-on-Sea,Daniel Gillette,"Large Hot Chocolate - 1.70, Regular Flavoured iced latte - Caramel - 2.75, Regular Luxury hot chocolate - 2.40",6.85,CARD,1387523639696675
18/12/2024 13:52,Southend-on-Sea,Christina Noble,Large Luxury hot chocolate - 2.70,2.7,CASH,
18/12/2024 13:55,Southend-on-Sea,Ben Gray,Regular Luxury hot chocolate - 2.40,2.4,CARD,7100330581221240
18/12/2024 13:57,Southend-on-Sea,Sherri Latham,"Regular Americano - 1.95, Regular Luxury hot chocolate - 2.40",4.35,CARD,9105216738213150
18/12/2024 13:59,Southend-on-Sea,Jeannine Myer,"Regular Flavoured iced latte - Caramel - 2.75, Regular Speciality Tea - Darjeeling - 1.30, Large Americano - 2.25",6.3,CARD,4237180548234305
18/12/2024 14:01,Southend-on-Sea,Kathleen Davila,"Regular Hot Chocolate - 1.40, Regular Red Label tea - 1.20, Regular Speciality Tea - Darjeeling - 1.30, Regular Speciality Tea - Darjeeling - 1.30, Regular Americano - 1.95",7.15,CARD,3933997823332333
18/12/2024 14:02,Southend-on-Sea,James Lenoir,Regular Red Label tea - 1.20,1.2,CARD,3390711495309691
18/12/2024 14:03,Southend-on-Sea,Aurelia Armstrong,"Regular Americano - 1.95, Large Speciality Tea - Peppermint - 1.60, Regular Flavoured iced latte - Caramel - 2.75, Regular Speciality Tea - Darjeeling - 1.30",7.6,CASH,
18/12/2024 14:04,Southend-on-Sea,Stephen Leal,"Large Hot Chocolate - 1.70, Regular Hot Chocolate - 1.40, Large Hot Chocolate - 1.70",4.8,CARD,9248246698688634
18/12/2024 14:06,Southend-on-Sea,Carol Rothenberg,Large Speciality Tea - Peppermint - 1.60,1.6,CARD,6135999537716696
18/12/2024 14:07,Southend-on-Sea,Crystal Mesa,"Large Luxury hot chocolate - 2.70, Large Luxury hot chocolate - 2.70",5.4,CARD,1022936326034957
18/12/2024 14:08,Southend-on-Sea,Christopher Roberts,Large Speciality Tea - Darjeeling - 1.60,1.6,CASH,
18/12/2024 14:09,Southend-on-Sea,Brian Lawson,"Regular Americano - 1.95, Regular Flavoured iced latte - Caramel - 2.75",4.7,CARD,2539308618532677
18/12/2024 14:10,Southend-on-Sea,Robin Lintz,"Large Red Label tea - 1.80, Large Luxury hot chocolate - 2.70, Regular Americano - 1.95",6.45,CARD,2089407183011953
18/12/2024 14:11,Southend-on-Sea,Lawerence Moore,"Large Flavoured iced latte - Caramel - 3.25, Regular Flavoured iced latte - Caramel - 2.75, Regular Speciality Tea - Darjeeling - 1.30",7.3,CARD,5463702473159835
18/12/2024 14:12,Southend-on-Sea,Regina Clark,"Large Hot Chocolate - 1.70, Regular Luxury hot chocolate - 2.40, Regular Americano - 1.95, Regular Americano - 1.95",8.0,CARD,7923865675635548
18/12/2024 14:13,Southend-on-Sea,Jacqueline Manlangit,"Large Speciality Tea - Darjeeling - 1.60, Large Flavoured iced latte - Caramel - 3.25, Large Luxury hot chocolate - 2.70, Large Americano - 2.25, Regular Luxury hot chocolate - 2.40",12.2,CARD,2446112800480846
18/12/2024 14:14,Southend-on-Sea,Catrina Penson,"Large Luxury hot chocolate - 2.70, Large Hot Chocolate - 1.70, Regular Luxury hot chocolate - 2.40, Regular Hot Chocolate - 1.40",8.2,CASH,
18/12/2024 14:15,Southend-on-Sea,James Speedy,"Large Hot Chocolate - 1.70, Large Hot Chocolate - 1.70, Regular Flavoured iced latte - Caramel - 2.75",6.15,CARD,1311851010629039
18/12/2024 14:16,Southend-on-Sea,Joann Braden,"Regular Speciality Tea - Darjeeling - 1.30, Large Americano - 2.25, Large Hot Chocolate - 1.70",5.25,CASH,
18/12/2024 14:17,Southend-on-Sea,Henry Miller,"Regular Hot Chocolate - 1.40, Large Americano - 2.25, Regular Hot Chocolate - 1.40",5.05,CARD,2809232146908876
18/12/2024 14:18,Southend-on-Sea,Lydia Denney,"Regular Flavoured iced latte - Caramel - 2.75, Regular Red Label tea - 1.20",3.95,CASH,
18/12/2024 14:19,Southend-on-Sea,Carolyn Jackson,"Regular Red Label tea - 1.20, Large Luxury hot chocolate - 2.70, Large Flavoured iced latte - Caramel - 3.25",7.15,CARD,9098787437936855
18/12/2024 14:20,Southend-on-Sea,Janet Cole,"Regular Americano - 1.95, Large Red Label tea - 1.80, Regular Speciality Tea - Peppermint - 1.30, Regular Hot Chocolate - 1.40, Regular Speciality Tea - Peppermint - 1.30",7.75,CARD,6366970064289648
18/12/2024 14:22,Southend-on-Sea,Lori Trombley,Large Americano - 2.25,2.25,CARD,5872918513237089
18/12/2024 14:23,Southend-on-Sea,Michael Ross,Large Speciality Tea - Peppermint - 1.60,1.6,CASH,
18/12/2024 14:24,Southend-on-Sea,Timothy Kelly,"Regular Luxury hot chocolate - 2.40, Large Speciality Tea - Peppermint - 1.60, Regular Hot Chocolate - 1.40, Large Luxury hot chocolate - 2.70",8.1,CARD,3807690138808273
18/12/2024 14:25,Southend-on-Sea,Dennis Blumenthal,"Large Americano - 2.25, Large Americano - 2.25, Large Americano - 2.25, Large Americano - 2.25, Regular Luxury hot chocolate - 2.40, Large Hot Chocolate - 1.70",13.1,CARD,7222744533766042
18/12/2024 14:26,Southend-on-Sea,Marilyn Dashnaw,"Regular Luxury hot chocolate - 2.40, Large Hot Chocolate - 1.70",4.1,CARD,4191940163890653
18/12/2024 14:27,Southend-on-Sea,Ronald Smith,"Regular Americano - 1.95, Large Speciality Tea - Peppermint - 1.60, Regular Speciality Tea - Peppermint - 1.30, Large Speciality Tea - Peppermint - 1.60",6.45,CASH,
18/12/2024 14:28,Southend-on-Sea,Michelle Bueno,"Regular Speciality Tea - Darjeeling - 1.30, Regular Speciality Tea - Peppermint - 1.30",2.6,CARD,6594477860218892
18/12/2024 14:29,Southend-on-Sea,Candace Hefty,Large Americano - 2.25,2.25,CARD,5930571170648531
18/12/2024 14:30,Southend-on-Sea,Estella Navarro,"Regular Americano - 1.95, Large Luxury hot chocolate - 2.70, Large Luxury hot chocolate - 2.70, Large Speciality Tea - Darjeeling - 1.60",8.95,CASH,
18/12/2024 14:31,Southend-on-Sea,Robert Steward,"Regular Hot Chocolate - 1.40, Regular Speciality Tea - Darjeeling - 1.30",2.7,CARD,3993247988917968
18/12/2024 14:32,Southend-on-Sea,Carl Smith,"Large Americano - 2.25, Regular Speciality Tea - Darjeeling - 1.30, Regular Hot Chocolate - 1.40",4.95,CARD,6605941102257497
18/12/2024 14:33,Southend-on-Sea,Nicole Thurston,"Large Red Label tea - 1.80, Regular Speciality Tea - Peppermint - 1.30, Regular Red Label tea - 1.20",4.3,CARD,1666986056085630
18/12/2024 14:34,Southend-on-Sea,Viola Schober,"Regular Luxury hot chocolate - 2.40, Large Speciality Tea - Peppermint - 1.60",4.0,CARD,8906088249898821
18/12/2024 14:35,Southend-on-Sea,Tabatha Smith,"Regular Red Label tea - 1.20, Regular Speciality Tea - Darjeeling - 1.30, Regular Americano - 1.95, Large Americano - 2.25, Regular Hot Chocolate - 1.40, Regular Red Label tea - 1.20",9.3,CARD,3934958462882860
18/12/2024 14:36,Southend-on-Sea,Terrance Wright,"Regular Speciality Tea - Peppermint - 1.30, Regular Speciality Tea - Darjeeling - 1.30, Large Speciality Tea - Peppermint - 1.60, Large Luxury hot chocolate - 2.70",6.9,CARD,9020504154709206
18/12/2024 14:38,Southend-on-Sea,James Mcdowell,Large Hot Chocolate - 1.70,1.7,CARD,1894353041856310
18/12/2024 14:39,Southend-on-Sea,Drew Herb,"Large Red Label tea - 1.80, Regular Speciality Tea - Peppermint - 1.30, Regular Flavoured iced latte - Caramel - 2.75",5.85,CARD,3007567658295318
18/12/2024 14:40,Southend-on-Sea,Gene Kibbe,Regular Red Label tea - 1.20,1.2,CARD,4982219260791133
18/12/2024 14:41,Southend-on-Sea,Aaron Moskal,"Large Flavoured iced latte - Caramel - 3.25, Regular Hot Chocolate - 1.40",4.65,CARD,4745973490505150
18/12/2024 14:42,Southend-on-Sea,John Stephens,"Regular Flavoured iced latte - Caramel - 2.75, Large Speciality Tea - Peppermint - 1.60",4.35,CARD,3580474885859061
18/12/2024 14:43,Southend-on-Sea,Johnny Brown,Large Flavoured iced latte - Caramel - 3.25,3.25,CASH,
18/12/2024 14:44,Southend-on-Sea,Corazon Ryan,Large Americano - 2.25,2.25,CARD,7381749646012197
18/12/2024 14:45,Southend-on-Sea,Sheila Gilbert,"Large Hot Chocolate - 1.70, Large Hot Chocolate - 1.70, Large Red Label tea - 1.80",5.2,CARD,9350458276681564
18/12/2024 14:46,Southend-on-Sea,Chris Gilmore,"Large Red Label tea - 1.80, Large Flavoured iced latte - Caramel - 3.25, Regular Hot Chocolate - 1.40",6.45,CARD,9528510650831490
18/12/2024 14:47,Southend-on-Sea,Arnold Krapp,"Regular Flavoured iced latte - Caramel - 2.75, Regular Hot Chocolate - 1.40",4.15,CARD,5330343143791561
18/12/2024 14:48,Southend-on-Sea,Michael Preston,Large Hot Chocolate - 1.70,1.7,CARD,4701755711878465
18/12/2024 14:49,Southend-on-Sea,Loan Mcknight,"Regular Speciality Tea - Darjeeling - 1.30, Regular Hot Chocolate - 1.40, Large Luxury hot chocolate - 2.70",5.4,CARD,7054485413740048
18/12/2024 14:50,Southend-on-Sea,Michael Kerfoot,"Regular Luxury hot chocolate - 2.40, Large Hot Chocolate - 1.70, Large Red Label tea - 1.80",5.9,CASH,
18/12/2024 14:51,Southend-on-Sea,Martin Guthrie,"Regular Americano - 1.95, Large Hot Chocolate - 1.70, Regular Red Label tea - 1.20",4.85,CARD,6551914098039860
18/12/2024 14:52,Southend-on-Sea,Michael Cotton,Large Speciality Tea - Darjeeling - 1.60,1.6,CARD,2458896983901931
18/12/2024 14:54,Southend-on-Sea,Robert Merced,Large Speciality Tea - Darjeeling - 1.60,1.6,CARD,1404444562838658
18/12/2024 14:55,Southend-on-Sea,David Everson,"Large Flavoured iced latte - Caramel - 3.25, Regular Americano - 1.95, Regular Flavoured iced latte - Caramel - 2.75, Large Luxury hot chocolate - 2.70",10.65,CARD,3593301604829456
18/12/2024 14:56,Southend-on-Sea,John Vann,"Large Flavoured iced latte - Caramel - 3.25, Large Flavoured iced latte - Caramel - 3.25",6.5,CARD,4804703797407301
18/12/2024 14:57,Southend-on-Sea,Alex Gibbons,"Large Speciality Tea - Darjeeling - 1.60, Regular Luxury hot chocolate - 2.40, Large Red Label tea - 1.80",5.8,CARD,5025982227071168
18/12/2024 14:58,Southend-on-Sea,Alice Mccubbin,"Large Hot Chocolate - 1.70, Large Flavoured iced latte - Caramel - 3.25, Large Luxury hot chocolate - 2.70, Regular Americano - 1.95, Regular Luxury hot chocolate - 2.40",12.0,CARD,9652404807299640
18/12/2024 14:59,Southend-on-Sea,Elinor Felton,"Regular Luxury hot chocolate - 2.40, Large Hot Chocolate - 1.70",4.1,CASH,
18/12/2024 15:00,Southend-on-Sea,Maxine Borucki,Large Hot Chocolate - 1.70,1.7,CARD,4593693248567500
18/12/2024 15:01,Southend-on-Sea,Sean Griffin,Large Speciality Tea - Darjeeling - 1.60,1.6,CASH,
18/12/2024 15:02,Southend-on-Sea,Nicholas Johnson,Regular Red Label tea - 1.20,1.2,CASH,
18/12/2024 15:02,Southend-on-Sea,Juanita Widell,"Regular Speciality Tea - Darjeeling - 1.30, Large Flavoured iced latte - Caramel - 3.25, Regular Luxury hot chocolate - 2.40",6.95,CARD,6477229538500065
18/12/2024 15:03,Southend-on-Sea,Robert Rice,"Large Speciality Tea - Darjeeling - 1.60, Large Americano - 2.25",3.85,CASH,
18/12/2024 15:04,Southend-on-Sea,Monique Majors,"Large Hot Chocolate - 1.70, Large Speciality Tea - Peppermint - 1.60",3.3,CARD,1880843948710572
18/12/2024 15:05,Southend-on-Sea,Princess Moore,"Large Flavoured iced latte - Caramel - 3.25, Regular Flavoured iced latte - Caramel - 2.75, Large Speciality Tea - Peppermint - 1.60",7.6,CARD,8791166890060394
18/12/2024 15:06,Southend-on-Sea,Robert Phillips,"Regular Hot Chocolate - 1.40, Large Americano - 2.25",3.65,CASH,
18/12/2024 15:06,Southend-on-Sea,Maria Lantz,Large Red Label tea - 1.80,1.8,CARD,5696489112757081
18/12/2024 15:07,Southend-on-Sea,John Mitchell,"Regular Red Label tea - 1.20, Large Luxury hot chocolate - 2.70",3.9,CASH,
18/12/2024 15:08,Southend-on-Sea,David Harrison,"Regular Luxury hot chocolate - 2.40, Large Americano - 2.25",4.65,CARD,6620368749389626
18/12/2024 15:09,Southend-on-Sea,Nancy Hoover,"Large Flavoured iced latte - Caramel - 3.25, Large Luxury hot chocolate - 2.70, Large Americano - 2.25",8.2,CASH,
18/12/2024 15:10,Southend-on-Sea,Alice Zawacki,"Regular Hot Chocolate - 1.40, Regular Hot Chocolate - 1.40",2.8,CARD,5961819433503446
18/12/2024 15:10,Southend-on-Sea,Sam Clagon,"Large Hot Chocolate - 1.70, Large Hot Chocolate - 1.70, Large Luxury hot chocolate - 2.70, Large Red Label tea - 1.80",7.9,CARD,5738425435997848
18/12/2024 15:11,Southend-on-Sea,Carrie Phillips,"Large Flavoured iced latte - Caramel - 3.25, Large Hot Chocolate - 1.70, Large Red Label tea - 1.80, Regular Americano - 1.95, Large Speciality Tea - Darjeeling - 1.60",10.3,CARD,4696650530125309
18/12/2024 15:12,Southend-on-Sea,Dorothy Campbell,Large Hot Chocolate - 1.70,1.7,CASH,
18/12/2024 15:13,Southend-on-Sea,Richard Ostrov,"Large Red Label tea - 1.80, Large Flavoured iced latte - Caramel - 3.25, Regular Speciality Tea - Darjeeling - 1.30",6.35,CARD,9030850288769304
18/12/2024 15:14,Southend-on-Sea,Carl Nichols,"Large Speciality Tea - Peppermint - 1.60, Large Luxury hot chocolate - 2.70, Regular Hot Chocolate - 1.40, Regular Hot Chocolate - 1.40",7.1,CARD,7019384950039443
18/12/2024 15:14,Southend-on-Sea,Natasha Canez,"Large Flavoured iced latte - Caramel - 3.25, Large Hot Chocolate - 1.70",4.95,CASH,
18/12/2024 15:15,Southend-on-Sea,Lisa Alcantara,"Regular Speciality Tea - Peppermint - 1.30, Large Luxury hot chocolate - 2.70, Large Flavoured iced latte - Caramel - 3.25, Large Hot Chocolate - 1.70, Large Americano - 2.25, Regular Red Label tea - 1.20",12.4,CARD,5854014886987691
18/12/2024 15:16,Southend-on-Sea,Jason Dew,"Regular Speciality Tea - Darjeeling - 1.30, Large Luxury hot chocolate - 2.70, Large Luxury hot chocolate - 2.70, Large Luxury hot chocolate - 2.70",9.4,CARD,4042940536958585
18/12/2024 15:17,Southend-on-Sea,Jamie White,"Regular Flavoured iced latte - Caramel - 2.75, Regular Red Label tea - 1.20, Large Americano - 2.25, Regular Luxury hot chocolate - 2.40, Regular Speciality Tea - Peppermint - 1.30",9.9,CASH,
18/12/2024 15:18,Southend-on-Sea,Elsie Fowler,"Large Hot Chocolate - 1.70, Regular Hot Chocolate - 1.40, Regular Hot Chocolate - 1.40",4.5,CARD,7989007900868188
18/12/2024 15:18,Southend-on-Sea,Dorotha Moll,"Large Speciality Tea - Peppermint - 1.60, Regular Hot Chocolate - 1.40, Large Speciality Tea - Peppermint - 1.60, Regular Hot Chocolate - 1.40",6.0,CASH,
18/12/2024 15:19,Southend-on-Sea,Robert Ceravolo,"Regular Luxury hot chocolate - 2.40, Regular Hot Chocolate - 1.40",3.8,CARD,7632625588466786
18/12/2024 15:20,Southend-on-Sea,Dexter Thompson,"Regular Luxury hot chocolate - 2.40, Large Flavoured iced latte - Caramel - 3.25",5.65,CASH,
18/12/2024 15:21,Southend-on-Sea,Lisa Fischer,"Regular Red Label tea - 1.20, Regular Flavoured iced latte - Caramel - 2.75, Regular Americano - 1.95",5.9,CARD,8577573773174024
18/12/2024 15:22,Southend-on-Sea,Martina Land,"Large Speciality Tea - Darjeeling - 1.60, Large Flavoured iced latte - Caramel - 3.25",4.85,CARD,2311694351399309
18/12/2024 15:22,Southend-on-Sea,Donald Jefferson,Large Flavoured iced latte - Caramel - 3.25,3.25,CASH,
18/12/2024 15:23,Southend-on-Sea,Teri Buchanan,"Large Speciality Tea - Darjeeling - 1.60, Large Flavoured iced latte - Caramel - 3.25",4.85,CARD,6306209522371666
18/12/2024 15:24,Southend-on-Sea,Jason Richards,"Large Red Label tea - 1.80, Large Hot Chocolate - 1.70, Large Hot Chocolate - 1.70, Large Speciality Tea - Peppermint - 1.60, Regular Luxury hot chocolate - 2.40, Large Hot Chocolate - 1.70",10.9,CARD,7576317778953375
18/12/2024 15:25,Southend-on-Sea,Thomas Ross,"Regular Flavoured iced latte - Caramel - 2.75, Large Hot Chocolate - 1.70, Regular Red Label tea - 1.20, Regular Speciality Tea - Darjeeling - 1.30",6.95,CARD,1077279099980909
18/12/2024 15:26,Southend-on-Sea,John Alexander,"Large Luxury hot chocolate - 2.70, Regular Americano - 1.95, Regular Hot Chocolate - 1.40",6.05,CARD,4971799678968263
18/12/2024 15:26,Southend-on-Sea,Ashley David,Regular Speciality Tea - Peppermint - 1.30,1.3,CARD,2393748069530742
18/12/2024 15:27,Southend-on-Sea,Hosea Pruitt,"Regular Flavoured iced latte - Caramel - 2.75, Regular Flavoured iced latte - Caramel - 2.75, Regular Speciality Tea - Peppermint - 1.30, Large Luxury hot chocolate - 2.70, Large Flavoured iced latte - Caramel - 3.25",12.75,CARD,2592484471586950
18/12/2024 15:28,Southend-on-Sea,Donald Sebastian,"Regular Hot Chocolate - 1.40, Regular Flavoured iced latte - Caramel - 2.75, Regular Hot Chocolate - 1.40, Regular Americano - 1.95",7.5,CARD,1162000544487560
18/12/2024 15:29,Southend-on-Sea,Jerald Stallsworth,"Regular Speciality Tea - Darjeeling - 1.30, Large Hot Chocolate - 1.70",3.0,CARD,8758969044340645
18/12/2024 15:30,Southend-on-Sea,Michael Mayer,"Large Americano - 2.25, Regular Luxury hot chocolate - 2.40, Regular Speciality Tea - Darjeeling - 1.30",5.95,CASH,
18/12/2024 15:30,Southend-on-Sea,Virginia Humphries,"Regular Speciality Tea - Peppermint - 1.30, Large Speciality Tea - Darjeeling - 1.60, Regular Americano - 1.95, Regular Speciality Tea - Darjeeling - 1.30",6.15,CARD,5171083273088042
18/12/2024 15:31,Southend-on-Sea,Deneen Street,"Regular Hot Chocolate - 1.40, Regular Speciality Tea - Darjeeling - 1.30, Regular Luxury hot chocolate - 2.40, Large Americano - 2.25",7.35,CARD,9572836573888296
18/12/2024 15:32,Southend-on-Sea,David Lopez,"Regular Luxury hot chocolate - 2.40, Large Hot Chocolate - 1.70, Regular Hot Chocolate - 1.40",5.5,CASH,
18/12/2024 15:33,Southend-on-Sea,Lizzie Bryant,"Large Flavoured iced latte - Caramel - 3.25, Large Flavoured iced latte - Caramel - 3.25, Large Flavoured iced latte - Caramel - 3.25, Regular Americano - 1.95",11.7,CASH,
18/12/2024 15:34,Southend-on-Sea,Linda Leggio,"Regular Speciality Tea - Darjeeling - 1.30, Large Speciality Tea - Darjeeling - 1.60, Large Red Label tea - 1.80, Large Hot Chocolate - 1.70",6.4,CARD,4766473397215555
18/12/2024 15:34,Southend-on-Sea,Mary Russo,"Regular Speciality Tea - Peppermint - 1.30, Large Speciality Tea - Peppermint - 1.60",2.9,CARD,8468124728187058
18/12/2024 15:35,Southend-on-Sea,Karla Cooley,"Large Flavoured iced latte - Caramel - 3.25, Large Speciality Tea - Peppermint - 1.60, Regular Flavoured iced latte - Caramel - 2.75, Large Luxury hot chocolate - 2.70, Large Luxury hot chocolate - 2.70, Large Americano - 2.25",15.25,CASH,
18/12/2024 15:36,Southend-on-Sea,Racquel Whitaker,"Regular Flavoured iced latte - Caramel - 2.75, Large Luxury hot chocolate - 2.70, Regular Speciality Tea - Peppermint - 1.30",6.75,CASH,
18/12/2024 15:37,Southend-on-Sea,Leslie Denis,"Regular Red Label tea - 1.20, Regular Speciality Tea - Darjeeling - 1.30, Large Red Label tea - 1.80",4.3,CARD,4707838222546054
18/12/2024 15:38,Southend-on-Sea,Mary Kimber,"Large Hot Chocolate - 1.70, Regular Red Label tea - 1.20, Large Speciality Tea - Darjeeling - 1.60",4.5,CASH,
18/12/2024 15:38,Southend-on-Sea,David Vanderlinde,"Regular Speciality Tea - Darjeeling - 1.30, Large Hot Chocolate - 1.70, Regular Flavoured iced latte - Caramel - 2.75",5.75,CASH,
18/12/2024 15:39,Southend-on-Sea,Jessica Wick,Large Americano - 2.25,2.25,CASH,
18/12/2024 15:40,Southend-on-Sea,Geri Henson,"Large Luxury hot chocolate - 2.70, Regular Speciality Tea - Darjeeling - 1.30, Large Flavoured iced latte - Caramel - 3.25",7.25,CASH,
18/12/2024 15:41,Southend-on-Sea,Steven Dear,Regular Hot Chocolate - 1.40,1.4,CARD,1818100203865977
18/12/2024 15:42,Southend-on-Sea,David Mccarthy,"Regular Red Label tea - 1.20, Large Americano - 2.25, Regular Speciality Tea - Darjeeling - 1.30, Regular Hot Chocolate - 1.40, Large Americano - 2.25",8.4,CARD,2133730706692065
18/12/2024 15:42,Southend-on-Sea,John Cunningham,"Large Americano - 2.25, Large Speciality Tea - Peppermint - 1.60, Regular Americano - 1.95, Regular Speciality Tea - Darjeeling - 1.30",7.1,CARD,8536787645864375
18/12/2024 15:43,Southend-on-Sea,Lauren George,"Regular Hot Chocolate - 1.40, Large Luxury hot chocolate - 2.70",4.1,CARD,1533964213423945
18/12/2024 15:44,Southend-on-Sea,James Eide,Regular Flavoured iced latte - Caramel - 2.75,2.75,CARD,3732142046584189
18/12/2024 15:45,Southend-on-Sea,Michael Nieto,"Large Luxury hot chocolate - 2.70, Large Speciality Tea - Darjeeling - 1.60, Regular Flavoured iced latte - Caramel - 2.75, Regular Hot Chocolate - 1.40, Regular Speciality Tea - Darjeeling - 1.30",9.75,CARD,6337519980743178
18/12/2024 15:46,Southend-on-Sea,Tammy Sloan,"Large Flavoured iced latte - Caramel - 3.25, Large Luxury hot chocolate - 2.70",5.95,CARD,7472698745056213
18/12/2024 15:46,Southend-on-Sea,Winifred Alcantara,"Regular Hot Chocolate - 1.40, Regular Hot Chocolate - 1.40",2.8,CARD,7722095227968965
18/12/2024 15:47,Southend-on-Sea,John Bridgett,"Regular Luxury hot chocolate - 2.40, Large Flavoured iced latte - Caramel - 3.25",5.65,CASH,
18/12/2024 15:48,Southend-on-Sea,Laura Ontiveros,Large Americano - 2.25,2.25,CARD,2702660337705085
18/12/2024 15:49,Southend-on-Sea,Roberta Cart,"Regular Speciality Tea - Peppermint - 1.30, Large Hot Chocolate - 1.70, Regular Speciality Tea - Darjeeling - 1.30, Regular Hot Chocolate - 1.40",5.7,CARD,4492464942011709
18/12/2024 15:50,Southend-on-Sea,Rhonda Longsworth,"Regular Hot Chocolate - 1.40, Large Hot Chocolate - 1.70, Regular Flavoured iced latte - Caramel - 2.75, Large Luxury hot chocolate - 2.70",8.55,CARD,9644263264015553
18/12/2024 15:50,Southend-on-Sea,Melissa Henderson,"Regular Speciality Tea - Darjeeling - 1.30, Large Speciality Tea - Peppermint - 1.60, Large Speciality Tea - Peppermint - 1.60",4.5,CARD,8766134735113633
18/12/2024 15:51,Southend-on-Sea,Norma Jahnke,"Large Speciality Tea - Darjeeling - 1.60, Large Speciality Tea - Darjeeling - 1.60",3.2,CASH,
18/12/2024 15:52,Southend-on-Sea,Joseph Trusty,Regular Speciality Tea - Peppermint - 1.30,1.3,CARD,8943882505870501
18/12/2024 15:53,Southend-on-Sea,Reinaldo Amerman,"Large Flavoured iced latte - Caramel - 3.25, Large Luxury hot chocolate - 2.70",5.95,CARD,4980304586791473
18/12/2024 15:54,Southend-on-Sea,Andrew Courtney,"Large Flavoured iced latte - Caramel - 3.25, Large Flavoured iced latte - Caramel - 3.25, Large Speciality Tea - Peppermint - 1.60",8.1,CASH,
18/12/2024 15:54,Southend-on-Sea,Raymond Trahan,"Regular Americano - 1.95, Large Luxury hot chocolate - 2.70, Regular Speciality Tea - Peppermint - 1.30, Regular Luxury hot chocolate - 2.40, Regular Speciality Tea - Peppermint - 1.30",9.65,CARD,4791487571432547
18/12/2024 15:55,Southend-on-Sea,Rex Walker,Regular Speciality Tea - Darjeeling - 1.30,1.3,CARD,3792027034978424
18/12/2024 15:56,Southend-on-Sea,Willie Calkins,"Regular Speciality Tea - Darjeeling - 1.30, Regular Americano - 1.95, Large Luxury hot chocolate - 2.70",5.95,CARD,9291041010411967
18/12/2024 15:57,Southend-on-Sea,Luz Winokur,"Large Luxury hot chocolate - 2.70, Large Americano - 2.25",4.95,CASH,
18/12/2024 15:58,Southend-on-Sea,Richard Carter,"Large Americano - 2.25, Large Hot Chocolate - 1.70",3.95,CARD,7877024247763759
18/12/2024 15:58,Southend-on-Sea,Michael Hamilton,"Large Luxury hot chocolate - 2.70, Regular Speciality Tea - Darjeeling - 1.30, Regular Speciality Tea - Darjeeling - 1.30, Regular Flavoured iced latte - Caramel - 2.75, Regular Speciality Tea - Peppermint - 1.30",9.35,CARD,7142964626467870
18/12/2024 15:59,Southend-on-Sea,Don Archie,"Large Americano - 2.25, Regular Americano - 1.95, Regular Speciality Tea - Darjeeling - 1.30, Regular Speciality Tea - Peppermint - 1.30, Large Speciality Tea - Darjeeling - 1.60",8.4,CARD,7178727455998904
18/12/2024 16:00,Southend-on-Sea,Gloria White,Large Americano - 2.25,2.25,CARD,9552782159929225
18/12/2024 16:02,Southend-on-Sea,Paul Tullis,"Regular Americano - 1.95, Large Flavoured iced latte - Caramel - 3.25, Large Hot Chocolate - 1.70, Large Red Label tea - 1.80, Regular Hot Chocolate - 1.40",10.1,CASH,
18/12/2024 16:04,Southend-on-Sea,Curtis Yee,"Large Flavoured iced latte - Caramel - 3.25, Regular Speciality Tea - Peppermint - 1.30, Regular Red Label tea - 1.20, Regular Speciality Tea - Peppermint - 1.30",7.05,CARD,7099723249525266
18/12/2024 16:06,Southend-on-Sea,Virginia Hudson,"Regular Red Label tea - 1.20, Regular Luxury hot chocolate - 2.40",3.6,CARD,3760311506833324
18/12/2024 16:08,Southend-on-Sea,Mary Wilson,Large Speciality Tea - Darjeeling - 1.60,1.6,CARD,6807907435798134
18/12/2024 16:10,Southend-on-Sea,Della Paparo,"Large Hot Chocolate - 1.70, Regular Luxury hot chocolate - 2.40, Regular Hot Chocolate - 1.40",5.5,CASH,
18/12/2024 16:12,Southend-on-Sea,Ann Mitchell,Large Red Label tea - 1.80,1.8,CARD,9509103154944754
18/12/2024 16:14,Southend-on-Sea,Victor Pope,"Regular Hot Chocolate - 1.40, Regular Luxury hot chocolate - 2.40",3.8,CARD,5986261302285157
18/12/2024 16:16,Southend-on-Sea,Karen Mancuso,"Regular Americano - 1.95, Regular Red Label tea - 1.20, Regular Speciality Tea - Darjeeling - 1.30, Large Americano - 2.25",6.7,CARD,8509497403751252
18/12/2024 16:19,Southend-on-Sea,Patricia Roos,"Large Red Label tea - 1.80, Regular Speciality Tea - Peppermint - 1.30, Large Hot Chocolate - 1.70, Large Speciality Tea - Darjeeling - 1.60, Large Hot Chocolate - 1.70",8.1,CARD,9132248289943973
18/12/2024 16:21,Southend-on-Sea,Lettie Hart,"Regular Flavoured iced latte - Caramel - 2.75, Regular Speciality Tea - Darjeeling - 1.30, Large Speciality Tea - Darjeeling - 1.60",5.65,CARD,5146916469032357
18/12/2024 16:23,Southend-on-Sea,Mildred Compton,"Regular Americano - 1.95, Large Speciality Tea - Darjeeling - 1.60",3.55,CARD,8830059324292243
18/12/2024 16:25,Southend-on-Sea,Jeanne Sircy,"Regular Flavoured iced latte - Caramel - 2.75, Regular Speciality Tea - Peppermint - 1.30",4.05,CARD,2606911599102152
18/12/2024 16:27,Southend-on-Sea,Ana Lewis,Regular Flavoured iced latte - Caramel - 2.75,2.75,CARD,3843235524998706
18/12/2024 16:29,Southend-on-Sea,Brian Booker,Regular Red Label tea - 1.20,1.2,CASH,
18/12/2024 16:31,Southend-on-Sea,Emma Morales,"Large Hot Chocolate - 1.70, Regular Flavoured iced latte - Caramel - 2.75",4.45,CARD,6438807820055835
18/12/2024 16:33,Southend-on-Sea,Terry Mckinley,"Large Speciality Tea - Darjeeling - 1.60, Regular Red Label tea - 1.20, Regular Speciality Tea - Darjeeling - 1.30",4.1,CARD,2241723019066981
18/12/2024 16:35,Southend-on-Sea,Rebecca Gholston,"Large Speciality Tea - Peppermint - 1.60, Regular Flavoured iced latte - Caramel - 2.75",4.35,CASH,
18/12/2024 16:37,Southend-on-Sea,Christine Veach,Regular Speciality Tea - Peppermint - 1.30,1.3,CARD,9841889746271248
18/12/2024 16:39,Southend-on-Sea,Asa Harrell,"Large Speciality Tea - Peppermint - 1.60, Large Hot Chocolate - 1.70, Large Hot Chocolate - 1.70, Large Hot Chocolate - 1.70, Large Red Label tea - 1.80, Regular Red Label tea - 1.20",9.7,CASH,
18/12/2024 16:41,Southend-on-Sea,Andrea Herrick,"Regular Red Label tea - 1.20, Large Flavoured iced latte - Caramel - 3.25, Regular Red Label tea - 1.20, Large Flavoured iced latte - Caramel - 3.25",8.9,CARD,3053306703440318
18/12/2024 16:43,Southend-on-Sea,William Mckinney,"Regular Flavoured iced latte - Caramel - 2.75, Large Flavoured iced latte - Caramel - 3.25, Large Speciality Tea - Peppermint - 1.60",7.6,CARD,6237377931156456
18/12/2024 16:45,Southend-on-Sea,Nicky White,Regular Speciality Tea - Peppermint - 1.30,1.3,CARD,7569194771279059
18/12/2024 16:47,Southend-on-Sea,Scott Pitts,"Regular Speciality Tea - Peppermint - 1.30, Regular Luxury hot chocolate - 2.40, Regular Hot Chocolate - 1.40, Large Hot Chocolate - 1.70, Large Red Label tea - 1.80, Regular Flavoured iced latte - Caramel - 2.75",11.35,CARD,8399518885060247
18/12/2024 16:50,Southend-on-Sea,Melvin Daily,"Large Speciality Tea - Darjeeling - 1.60, Regular Luxury hot chocolate - 2.40, Regular Speciality Tea - Peppermint - 1.30, Regular Americano - 1.95, Large Hot Chocolate - 1.70, Regular Hot Chocolate - 1.40",10.35,CASH,
18/12/2024 16:52,Southend-on-Sea,Jeremy Robinson,"Regular Americano - 1.95, Regular Luxury hot chocolate - 2.40, Large Speciality Tea - Darjeeling - 1.60",5.95,CARD,7319119914165155
18/12/2024 16:54,Southend-on-Sea,Amelia Farmer,"Regular Luxury hot chocolate - 2.40, Large Hot Chocolate - 1.70, Large Speciality Tea - Darjeeling - 1.60, Large Americano - 2.25",7.95,CASH,
18/12/2024 16:56,Southend-on-Sea,Selma Smittle,"Large Hot Chocolate - 1.70, Large Americano - 2.25, Large Speciality Tea - Peppermint - 1.60, Large Flavoured iced latte - Caramel - 3.25, Large Speciality Tea - Peppermint - 1.60",10.4,CARD,3050656970647723
18/12/2024 16:58,Southend-on-Sea,Sharon Galindo,Regular Flavoured iced latte - Caramel - 2.75,2.75,CASH,
