18/12/2024 08:00,Sunderland,Ellen Wallace,"Regular Speciality Tea - Fruit - 1.30, Large Speciality Tea - Fruit - 1.60, Large Flavoured iced latte - Hazelnut - 3.25",6.15,CARD,6127677297023359
18/12/2024 08:01,Sunderland,Rudy Brown,"Regular Hot chocolate - 2.20, Large Hot chocolate - 2.90, Regular Flavoured latte - Caramel - 2.55",7.65,CARD,8545494809751894
18/12/2024 08:03,Sunderland,Bridget Price,"Regular Speciality Tea - Green - 1.30, Large Flavoured iced latte - Hazelnut - 3.25",4.55,CARD,6671647938071323
18/12/2024 08:05,Sunderland,Paul Blakeslee,"Regular Speciality Tea - Green - 1.30, Large Hot chocolate - 2.90, Regular Speciality Tea - Fruit - 1.30, Large Speciality Tea - Fruit - 1.60, Large Flavoured latte - Caramel - 2.85",9.95,CARD,9963625324789102
18/12/2024 08:07,Sunderland,Luis Slone,"Large Hot chocolate - 2.90, Large Speciality Tea - Green - 1.60, Regular Speciality Tea - Fruit - 1.30, Large Flavoured latte - Caramel - 2.85",8.65,CARD,5296430736274769
18/12/2024 08:08,Sunderland,John Phillips,"Regular Flavoured latte - Caramel - 2.55, Regular Speciality Tea - Fruit - 1.30, Large Flavoured iced latte - Hazelnut - 3.25, Large Hot chocolate - 2.90, Regular Flavoured iced latte - Hazelnut - 2.75",12.75,CARD,4598534064219822
18/12/2024 08:10,Sunderland,Tracy Brown,"Large Speciality Tea - Fruit - 1.60, Large Flavoured latte - Caramel - 2.85, Large Flavoured latte - Caramel - 2.85",7.3,CASH,
18/12/2024 08:12,Sunderland,Joel Brown,"Large Speciality Tea - Fruit - 1.60, Regular Speciality Tea - Fruit - 1.30, Large Hot chocolate - 2.90, Large Flavoured latte - Caramel - 2.85, Regular Speciality Tea - Green - 1.30",9.95,CARD,8530669122161515
18/12/2024 08:14,Sunderland,Carla Knight,"Large Speciality Tea - Fruit - 1.60, Regular Flavoured iced latte - Hazelnut - 2.75, Large Flavoured latte - Caramel - 2.85, Regular Flavoured latte - Caramel - 2.55",9.75,CARD,7904668380216641
18/12/2024 08:15,Sunderland,Victor Rodriguez,"Large Flavoured latte - Caramel - 2.85, Regular Hot chocolate - 2.20",5.05,CASH,
18/12/2024 08:17,Sunderland,Madeline Floyd,"Regular Flavoured latte - Caramel - 2.55, Regular Flavoured latte - Caramel - 2.55, Large Flavoured iced latte - Hazelnut - 3.25, Large Flavoured iced latte - Hazelnut - 3.25",11.6,CASH,
18/12/2024 08:19,Sunderland,Cesar Wohlrab,"Large Flavoured iced latte - Hazelnut - 3.25, Large Speciality Tea - Green - 1.60, Large Speciality Tea - Fruit - 1.60, Regular Hot chocolate - 2.20, Large Hot chocolate - 2.90, Regular Hot chocolate - 2.20",13.75,CARD,5183995087646696
18/12/2024 08:21,Sunderland,William Lucas,Large Speciality Tea - Green - 1.60,1.6,CASH,
18/12/2024 08:22,Sunderland,Bridgette Field,Regular Flavoured iced latte - Hazelnut - 2.75,2.75,CARD,6524323703816045
18/12/2024 08:24,Sunderland,Vicki Sandstrom,"Large Speciality Tea - Green - 1.60, Large Hot chocolate - 2.90, Large Speciality Tea - Green - 1.60",6.1,CARD,7496978811877764
18/12/2024 08:26,Sunderland,Lance Lubinski,Regular Hot chocolate - 2.20,2.2,CARD,6020963697765535
18/12/2024 08:28,Sunderland,Fred Wiggins,Large Flavoured iced latte - Hazelnut - 3.25,3.25,CASH,
18/12/2024 08:29,Sunderland,Kenneth Abernathy,Regular Hot chocolate - 2.20,2.2,CASH,
18/12/2024 08:31,Sunderland,Franklin Heard,Large Flavoured latte - Caramel - 2.85,2.85,CARD,1473534561905838
18/12/2024 08:33,Sunderland,Juan Johnson,"Large Speciality Tea - Fruit - 1.60, Large Speciality Tea - Fruit - 1.60",3.2,CASH,
18/12/2024 08:35,Sunderland,Robert Lee,"Large Flavoured iced latte - Hazelnut - 3.25, Regular Speciality Tea - Fruit - 1.30, Regular Flavoured iced latte - Hazelnut - 2.75, Large Flavoured iced latte - Hazelnut - 3.25",10.55,CARD,5497945856631471
18/12/2024 08:36,Sunderland,Mark Petrus,"Large Flavoured latte - Caramel - 2.85, Regular Flavoured iced latte - Hazelnut - 2.75, Regular Speciality Tea - Green - 1.30",6.9,CARD,5727656611723923
18/12/2024 08:38,Sunderland,Matthew Jackson,"Regular Speciality Tea - Fruit - 1.30, Large Flavoured latte - Caramel - 2.85, Regular Speciality Tea - Fruit - 1.30",5.45,CARD,3529803060193509
18/12/2024 08:40,Sunderland,Andrew Baxter,"Regular Speciality Tea - Green - 1.30, Regular Speciality Tea - Fruit - 1.30, Large Speciality Tea - Fruit - 1.60, Large Flavoured latte - Caramel - 2.85, Regular Hot chocolate - 2.20, Regular Speciality Tea - Fruit - 1.30",10.55,CASH,
18/12/2024 08:42,Sunderland,Ana Madden,"Large Speciality Tea - Green - 1.60, Regular Hot chocolate - 2.20",3.8,CARD,9001050445894553
18/12/2024 08:43,Sunderland,Merry Fairbairn,"Regular Flavoured iced latte - Hazelnut - 2.75, Regular Hot chocolate - 2.20, Regular Hot chocolate - 2.20, Regular Speciality Tea - Fruit - 1.30, Regular Hot chocolate - 2.20, Regular Flavoured latte - Caramel - 2.55",13.2,CASH,
18/12/2024 08:45,Sunderland,Gene Brown,Regular Hot chocolate - 2.20,2.2,CARD,5330182812022394
18/12/2024 08:47,Sunderland,David Miller,"Large Speciality Tea - Fruit - 1.60, Large Speciality Tea - Green - 1.60, Regular Hot chocolate - 2.20, Large Hot chocolate - 2.90, Regular Speciality Tea - Green - 1.30, Regular Flavoured iced latte - Hazelnut - 2.75",12.35,CARD,6883959026859140
18/12/2024 08:49,Sunderland,Terry Davis,Regular Flavoured iced latte - Hazelnut - 2.75,2.75,CARD,5510499790578613
18/12/2024 08:50,Sunderland,Jimmy Bertolami,Large Speciality Tea - Fruit - 1.60,1.6,CARD,3560107444294251
18/12/2024 08:52,Sunderland,Raymond Roberson,"Large Flavoured iced latte - Hazelnut - 3.25, Large Flavoured iced latte - Hazelnut - 3.25, Large Flavoured iced latte - Hazelnut - 3.25, Large Flavoured iced latte - Hazelnut - 3.25, Regular Flavoured iced latte - Hazelnut - 2.75",15.75,CARD,4439203040763923
18/12/2024 08:54,Sunderland,Ingeborg Lott,"Regular Speciality Tea - Fruit - 1.30, Large Flavoured latte - Caramel - 2.85, Large Hot chocolate - 2.90, Large Flavoured latte - Caramel - 2.85, Regular Speciality Tea - Green - 1.30",11.2,CARD,8026961557437732
18/12/2024 08:56,Sunderland,Angela Briggs,"Large Flavoured latte - Caramel - 2.85, Large Speciality Tea - Green - 1.60, Regular Hot chocolate - 2.20",6.65,CARD,4604527417857866
18/12/2024 08:57,Sunderland,John Haynes,Large Hot chocolate - 2.90,2.9,CARD,3880723739560372
18/12/2024 08:59,Sunderland,Freda Maxie,"Large Hot chocolate - 2.90, Regular Flavoured iced latte - Hazelnut - 2.75, Regular Hot chocolate - 2.20, Regular Hot chocolate - 2.20, Regular Speciality Tea - Green - 1.30",11.35,CARD,3515553104357924
18/12/2024 09:01,Sunderland,Melissa Ramirez,"Regular Speciality Tea - Fruit - 1.30, Large Flavoured iced latte - Hazelnut - 3.25, Regular Flavoured latte - Caramel - 2.55, Regular Speciality Tea - Fruit - 1.30",8.4,CARD,3389707686498481
18/12/2024 09:03,Sunderland,Marjorie Davis,"Regular Flavoured latte - Caramel - 2.55, Large Flavoured iced latte - Hazelnut - 3.25, Large Speciality Tea - Green - 1.60",7.4,CARD,5035212108924956
18/12/2024 09:05,Sunderland,Ronald Teel,"Large Speciality Tea - Green - 1.60, Large Speciality Tea - Fruit - 1.60, Regular Flavoured latte - Caramel - 2.55, Regular Flavoured latte - Caramel - 2.55, Regular Speciality Tea - Fruit - 1.30",9.6,CARD,3320736934919855
18/12/2024 09:07,Sunderland,Arnold Lee,"Regular Flavoured latte - Caramel - 2.55, Regular Speciality Tea - Fruit - 1.30, Regular Hot chocolate - 2.20, Large Flavoured latte - Caramel - 2.85, Regular Flavoured iced latte - Hazelnut - 2.75, Regular Flavoured latte - Caramel - 2.55",14.2,CARD,4372764813688797
18/12/2024 09:10,Sunderland,Cole Blue,Large Speciality Tea - Green - 1.60,1.6,CASH,
18/12/2024 09:12,Sunderland,Dexter Byers,"Large Flavoured latte - Caramel - 2.85, Large Flavoured iced latte - Hazelnut - 3.25",6.1,CARD,8254444942515293
18/12/2024 09:14,Sunderland,Steven Brooks,"Large Hot chocolate - 2.90, Regular Flavoured iced latte - Hazelnut - 2.75, Regular Flavoured iced latte - Hazelnut - 2.75, Regular Speciality Tea - Green - 1.30, Regular Speciality Tea - Green - 1.30, Large Flavoured latte - Caramel - 2.85",13.85,CARD,7767414376891713
18/12/2024 09:16,Sunderland,Daniel Davis,"Large Speciality Tea - Fruit - 1.60, Regular Flavoured latte - Caramel - 2.55, Large Flavoured latte - Caramel - 2.85, Regular Flavoured iced latte - Hazelnut - 2.75",9.75,CARD,8081541030564609
18/12/2024 09:18,Sunderland,Virginia Gleaves,"Regular Speciality Tea - Green - 1.30, Large Flavoured iced latte - Hazelnut - 3.25",4.55,CASH,
18/12/2024 09:20,Sunderland,Dominic Shearin,"Large Hot chocolate - 2.90, Large Hot chocolate - 2.90",5.8,CARD,2359710669643452
18/12/2024 09:22,Sunderland,Jeffrey Pellot,"Large Speciality Tea - Fruit - 1.60, Regular Speciality Tea - Green - 1.30",2.9,CASH,
18/12/2024 09:24,Sunderland,Mark Barkley,"Large Speciality Tea - Fruit - 1.60, Regular Flavoured iced latte - Hazelnut - 2.75",4.35,CARD,3000616152587092
18/12/2024 09:27,Sunderland,Peter Hall,Large Speciality Tea - Green - 1.60,1.6,CARD,8533216537717700
18/12/2024 09:29,Sunderland,Cody Kaya,"Large Flavoured iced latte - Hazelnut - 3.25, Large Flavoured iced latte - Hazelnut - 3.25, Large Flavoured latte - Caramel - 2.85",9.35,CARD,9420052910786496
18/12/2024 09:31,Sunderland,Raymond Mcintyre,Regular Speciality Tea - Fruit - 1.30,1.3,CASH,
18/12/2024 09:33,Sunderland,Robert Wan,Large Speciality Tea - Fruit - 1.60,1.6,CASH,
18/12/2024 09:35,Sunderland,Mary Cooperman,"Regular Speciality Tea - Green - 1.30, Large Speciality Tea - Fruit - 1.60",2.9,CARD,4804120311844112
18/12/2024 09:37,Sunderland,Ronald Davis,"Regular Hot chocolate - 2.20, Regular Speciality Tea - Fruit - 1.30",3.5,CASH,
18/12/2024 09:39,Sunderland,Frances Taylor,"Large Speciality Tea - Fruit - 1.60, Regular Speciality Tea - Green - 1.30, Large Flavoured latte - Caramel - 2.85",5.75,CARD,5695629152627788
18/12/2024 09:42,Sunderland,Christina Zender,Large Speciality Tea - Fruit - 1.60,1.6,CASH,
18/12/2024 09:44,Sunderland,Antonio Martin,"Large Speciality Tea - Fruit - 1.60, Large Flavoured iced latte - Hazelnut - 3.25, Large Hot chocolate - 2.90",7.75,CARD,4458465417573827
18/12/2024 09:46,Sunderland,Sarita Esbenshade,"Large Speciality Tea - Fruit - 1.60, Large Flavoured latte - Caramel - 2.85, Regular Speciality Tea - Green - 1.30, Regular Flavoured iced latte - Hazelnut - 2.75",8.5,CARD,7507403477318634
18/12/2024 09:48,Sunderland,Eva Buran,Regular Speciality Tea - Green - 1.30,1.3,CARD,7681796621581113
18/12/2024 09:50,Sunderland,Rebecca Gardner,"Regular Hot chocolate - 2.20, Large Flavoured latte - Caramel - 2.85",5.05,CARD,8042926150652231
18/12/2024 09:52,Sunderland,Jacqueline Attridge,"Regular Flavoured latte - Caramel - 2.55, Large Speciality Tea - Green - 1.60",4.15,CARD,1077461004479202
18/12/2024 09:54,Sunderland,Elaine Henry,Large Speciality Tea - Green - 1.60,1.6,CARD,1905547417596546
18/12/2024 09:56,Sunderland,Kimberly Doyle,"Regular Speciality Tea - Green - 1.30, Regular Flavoured iced latte - Hazelnut - 2.75, Large Speciality Tea - Fruit - 1.60, Regular Flavoured latte - Caramel - 2.55",8.2,CARD,7756212057039874
18/12/2024 09:59,Sunderland,Margaret Shibley,"Large Speciality Tea - Green - 1.60, Regular Speciality Tea - Green - 1.30",2.9,CARD,4113928794976728
18/12/2024 10:01,Sunderland,Marilyn Doss,"Regular Hot chocolate - 2.20, Regular Flavoured iced latte - Hazelnut - 2.75, Regular Hot chocolate - 2.20",7.15,CASH,
18/12/2024 10:02,Sunderland,Brenda Mason,Regular Flavoured iced latte - Hazelnut - 2.75,2.75,CASH,
18/12/2024 10:04,Sunderland,Mary Sonnier,"Regular Speciality Tea - Fruit - 1.30, Regular Flavoured latte - Caramel - 2.55, Regular Hot chocolate - 2.20",6.05,CARD,7361666723549226
18/12/2024 10:06,Sunderland,Bruce Foster,Large Speciality Tea - Fruit - 1.60,1.6,CARD,5093746538946408
18/12/2024 10:08,Sunderland,Sandra Clark,"Large Flavoured iced latte - Hazelnut - 3.25, Regular Hot chocolate - 2.20",5.45,CARD,6230972603561666
18/12/2024 10:09,Sunderland,Joshua Weston,"Large Flavoured iced latte - Hazelnut - 3.25, Large Flavoured iced latte - Hazelnut - 3.25, Regular Flavoured iced latte - Hazelnut - 2.75",9.25,CARD,8155798392710684
18/12/2024 10:11,Sunderland,Alfred Terrell,"Large Speciality Tea - Green - 1.60, Large Flavoured latte - Caramel - 2.85, Regular Speciality Tea - Green - 1.30, Regular Speciality Tea - Green - 1.30, Large Speciality Tea - Fruit - 1.60",8.65,CASH,
18/12/2024 10:13,Sunderland,Nicholas Spangler,Regular Hot chocolate - 2.20,2.2,CASH,
18/12/2024 10:14,Sunderland,Jean Smith,"Large Flavoured latte - Caramel - 2.85, Large Speciality Tea - Fruit - 1.60, Regular Flavoured latte - Caramel - 2.55, Regular Flavoured latte - Caramel - 2.55, Regular Speciality Tea - Fruit - 1.30",10.85,CARD,1248617927183379
18/12/2024 10:16,Sunderland,Lance Riesner,"Large Flavoured latte - Caramel - 2.85, Large Speciality Tea - Green - 1.60, Large Flavoured iced latte - Hazelnut - 3.25",7.7,CARD,8267398834341791
18/12/2024 10:18,Sunderland,Viva Downey,"Regular Speciality Tea - Fruit - 1.30, Regular Speciality Tea - Green - 1.30, Large Flavoured latte - Caramel - 2.85, Regular Flavoured latte - Caramel - 2.55",8.0,CARD,9352579453990061
18/12/2024 10:19,Sunderland,Benjamin Panzarino,"Regular Flavoured latte - Caramel - 2.55, Large Speciality Tea - Fruit - 1.60, Large Flavoured latte - Caramel - 2.85, Regular Flavoured latte - Caramel - 2.55",9.55,CARD,1670143260332293
18/12/2024 10:21,Sunderland,Daniel Thompson,"Regular Speciality Tea - Green - 1.30, Large Speciality Tea - Green - 1.60, Regular Hot chocolate - 2.20, Large Hot chocolate - 2.90",8.0,CARD,9186737747067732
18/12/2024 10:23,Sunderland,James Scott,"Large Hot chocolate - 2.90, Large Flavoured latte - Caramel - 2.85, Large Speciality Tea - Green - 1.60",7.35,CARD,2921936965089474
18/12/2024 10:25,Sunderland,Jennifer Chang,"Large Speciality Tea - Green - 1.60, Regular Hot chocolate - 2.20, Regular Speciality Tea - Fruit - 1.30",5.1,CARD,1585188143584495
18/12/2024 10:26,Sunderland,Jami Haas,"Large Speciality Tea - Fruit - 1.60, Large Speciality Tea - Green - 1.60",3.2,CARD,8417585479007716
18/12/2024 10:28,Sunderland,Demetra Hatfield,Regular Speciality Tea - Green - 1.30,1.3,CARD,9610070618660283
18/12/2024 10:30,Sunderland,Mathew Bowen,"Regular Flavoured latte - Caramel - 2.55, Large Speciality Tea - Green - 1.60, Regular Flavoured iced latte - Hazelnut - 2.75, Large Speciality Tea - Fruit - 1.60, Regular Hot chocolate - 2.20, Regular Flavoured latte - Caramel - 2.55",13.25,CARD,8667160155805298
18/12/2024 10:31,Sunderland,Karen Conway,"Large Speciality Tea - Green - 1.60, Large Flavoured latte - Caramel - 2.85, Regular Speciality Tea - Green - 1.30, Large Speciality Tea - Fruit - 1.60",7.35,CARD,8759618233618316
18/12/2024 10:33,Sunderland,Seth Jones,Large Speciality Tea - Green - 1.60,1.6,CASH,
18/12/2024 10:35,Sunderland,John Haley,Regular Speciality Tea - Green - 1.30,1.3,CASH,
18/12/2024 10:36,Sunderland,Numbers Cucco,"Regular Flavoured latte - Caramel - 2.55, Regular Speciality Tea - Fruit - 1.30",3.85,CARD,6571243075783871
18/12/2024 10:38,Sunderland,Irene Mcnay,"Regular Flavoured latte - Caramel - 2.55, Large Speciality Tea - Fruit - 1.60, Regular Flavoured latte - Caramel - 2.55",6.7,CARD,3974730855282333
18/12/2024 10:40,Sunderland,Carla Abrams,"Large Flavoured latte - Caramel - 2.85, Regular Hot chocolate - 2.20",5.05,CARD,6340501638033561
18/12/2024 10:42,Sunderland,Cleveland Bonner,"Large Flavoured latte - Caramel - 2.85, Large Speciality Tea - Green - 1.60, Large Speciality Tea - Fruit - 1.60, Large Speciality Tea - Fruit - 1.60",7.65,CASH,
18/12/2024 10:43,Sunderland,Jeanette Pollard,"Regular Speciality Tea - Green - 1.30, Large Speciality Tea - Fruit - 1.60",2.9,CARD,7550252495443755
18/12/2024 10:45,Sunderland,Bobbie Herron,"Large Flavoured latte - Caramel - 2.85, Large Speciality Tea - Fruit - 1.60, Regular Speciality Tea - Green - 1.30, Large Speciality Tea - Green - 1.60",7.35,CARD,9825229731214660
18/12/2024 10:47,Sunderland,Kaye Machado,Large Speciality Tea - Green - 1.60,1.6,CARD,1684954190538154
18/12/2024 10:48,Sunderland,Dawn Dotson,"Regular Flavoured iced latte - Hazelnut - 2.75, Large Speciality Tea - Fruit - 1.60",4.35,CASH,
18/12/2024 10:50,Sunderland,Victoria Alli,"Regular Flavoured latte - Caramel - 2.55, Regular Speciality Tea - Green - 1.30, Regular Flavoured iced latte - Hazelnut - 2.75, Large Flavoured latte - Caramel - 2.85, Large Hot chocolate - 2.90",12.35,CARD,8020354709947649
18/12/2024 10:52,Sunderland,Paul Susana,"Large Flavoured iced latte - Hazelnut - 3.25, Regular Speciality Tea - Green - 1.30, Regular Speciality Tea - Fruit - 1.30, Large Hot chocolate - 2.90",8.75,CARD,2344398317749826
18/12/2024 10:53,Sunderland,Cornelius Lange,"Large Speciality Tea - Fruit - 1.60, Regular Flavoured iced latte - Hazelnut - 2.75, Regular Speciality Tea - Fruit - 1.30, Regular Flavoured latte - Caramel - 2.55",8.2,CARD,5571287161618024
18/12/2024 10:55,Sunderland,Philomena Mueller,Large Hot chocolate - 2.90,2.9,CARD,4248172489622983
18/12/2024 10:57,Sunderland,Julie Brooks,"Regular Hot chocolate - 2.20, Regular Speciality Tea - Fruit - 1.30, Large Flavoured latte - Caramel - 2.85, Large Flavoured iced latte - Hazelnut - 3.25",9.6,CARD,1897755331932219
18/12/2024 10:59,Sunderland,Bradley Baker,"Large Flavoured latte - Caramel - 2.85, Regular Speciality Tea - Fruit - 1.30",4.15,CARD,2841004967141426
18/12/2024 11:00,Sunderland,Angelina Krick,"Regular Hot chocolate - 2.20, Large Speciality Tea - Fruit - 1.60, Large Speciality Tea - Green - 1.60, Regular Hot chocolate - 2.20",7.6,CARD,2799618919645039
18/12/2024 11:07,Sunderland,Mathew Davis,"Large Hot chocolate - 2.90, Regular Flavoured latte - Caramel - 2.55, Large Speciality Tea - Fruit - 1.60, Large Flavoured iced latte - Hazelnut - 3.25",10.3,CASH,
18/12/2024 11:14,Sunderland,Eddie Brumback,"Regular Flavoured iced latte - Hazelnut - 2.75, Large Speciality Tea - Fruit - 1.60, Large Flavoured latte - Caramel - 2.85, Regular Speciality Tea - Green - 1.30",8.5,CARD,5611002485199641
18/12/2024 11:20,Sunderland,George Valle,"Large Speciality Tea - Fruit - 1.60, Regular Flavoured latte - Caramel - 2.55",4.15,CARD,6739713130204904
18/12/2024 11:27,Sunderland,John Delatrinidad,"Large Flavoured iced latte - Hazelnut - 3.25, Large Hot chocolate - 2.90",6.15,CARD,4960466280556354
18/12/2024 11:34,Sunderland,David Carter,"Regular Hot chocolate - 2.20, Large Flavoured latte - Caramel - 2.85, Regular Hot chocolate - 2.20",7.25,CARD,3541027528074522
18/12/2024 11:40,Sunderland,Lenore Rose,"Regular Speciality Tea - Green - 1.30, Regular Speciality Tea - Fruit - 1.30, Large Speciality Tea - Fruit - 1.60",4.2,CARD,5501211372691133
18/12/2024 11:47,Sunderland,Austin White,Large Hot chocolate - 2.90,2.9,CARD,4168720680199846
18/12/2024 11:54,Sunderland,Craig Carlson,Large Hot chocolate - 2.90,2.9,CASH,
18/12/2024 12:00,Sunderland,Daniel Cline,Regular Hot chocolate - 2.20,2.2,CARD,1755521655144685
18/12/2024 12:09,Sunderland,Chad Rideau,"Large Speciality Tea - Green - 1.60, Regular Hot chocolate - 2.20, Regular Hot chocolate - 2.20, Regular Hot chocolate - 2.20",8.2,CARD,4797603384405759
18/12/2024 12:17,Sunderland,Craig Sellers,"Regular Hot chocolate - 2.20, Regular Hot chocolate - 2.20",4.4,CASH,
18/12/2024 12:26,Sunderland,Brandie Ziola,"Regular Speciality Tea - Fruit - 1.30, Regular Flavoured iced latte - Hazelnut - 2.75, Regular Speciality Tea - Fruit - 1.30, Large Speciality Tea - Fruit - 1.60, Regular Speciality Tea - Fruit - 1.30, Regular Speciality Tea - Fruit - 1.30",9.55,CARD,4293651569188580
18/12/2024 12:35,Sunderland,Mark Dove,"Large Flavoured iced latte - Hazelnut - 3.25, Large Flavoured latte - Caramel - 2.85, Large Flavoured latte - Caramel - 2.85, Regular Speciality Tea - Green - 1.30",10.25,CARD,9510265214255007
18/12/2024 12:43,Sunderland,Charles Arnold,"Large Flavoured latte - Caramel - 2.85, Large Flavoured latte - Caramel - 2.85, Large Hot chocolate - 2.90",8.6,CARD,9938691075631769
18/12/2024 12:52,Sunderland,Gerald Crain,Regular Speciality Tea - Fruit - 1.30,1.3,CARD,5583487565343644
18/12/2024 13:00,Sunderland,Marie Earley,"Regular Flavoured iced latte - Hazelnut - 2.75, Regular Speciality Tea - Green - 1.30, Large Flavoured latte - Caramel - 2.85",6.9,CASH,
18/12/2024 13:01,Sunderland,Sabrina Little,Regular Hot chocolate - 2.20,2.2,CARD,7321372615064744
18/12/2024 13:02,Sunderland,Paul Philpot,"Regular Speciality Tea - Fruit - 1.30, Regular Flavoured iced latte - Hazelnut - 2.75, Regular Flavoured latte - Caramel - 2.55",6.6,CARD,8379107306912207
18/12/2024 13:03,Sunderland,Susan Ryder,"Regular Speciality Tea - Green - 1.30, Large Hot chocolate - 2.90, Regular Flavoured iced latte - Hazelnut - 2.75",6.95,CARD,8564054007146134
18/12/2024 13:04,Sunderland,Richard Lipford,"Large Hot chocolate - 2.90, Regular Flavoured iced latte - Hazelnut - 2.75, Large Flavoured latte - Caramel - 2.85, Large Hot chocolate - 2.90, Regular Hot chocolate - 2.20",13.6,CARD,4768120316654411
18/12/2024 13:05,Sunderland,Michael Hutchinson,"Large Speciality Tea - Fruit - 1.60, Regular Flavoured latte - Caramel - 2.55",4.15,CARD,1110672048812092
18/12/2024 13:05,Sunderland,Sandra Cribbs,"Large Hot chocolate - 2.90, Large Flavoured iced latte - Hazelnut - 3.25, Large Flavoured latte - Caramel - 2.85, Regular Hot chocolate - 2.20, Regular Flavoured latte - Caramel - 2.55, Large Speciality Tea - Green - 1.60",15.35,CASH,
18/12/2024 13:06,Sunderland,Ella Baker,"Regular Flavoured latte - Caramel - 2.55, Large Speciality Tea - Green - 1.60, Large Flavoured latte - Caramel - 2.85, Large Speciality Tea - Fruit - 1.60",8.6,CARD,9728123155252133
18/12/2024 13:07,Sunderland,Kenneth Agee,"Regular Speciality Tea - Green - 1.30, Regular Speciality Tea - Fruit - 1.30, Large Hot chocolate - 2.90, Regular Flavoured latte - Caramel - 2.55, Large Speciality Tea - Fruit - 1.60",9.65,CARD,2234750123986348
18/12/2024 13:08,Sunderland,Carol Brown,"Regular Hot chocolate - 2.20, Regular Flavoured latte - Caramel - 2.55",4.75,CARD,5951228848327798
18/12/2024 13:09,Sunderland,Julia Lizaola,"Large Speciality Tea - Fruit - 1.60, Large Flavoured latte - Caramel - 2.85, Regular Hot chocolate - 2.20, Regular Flavoured latte - Caramel - 2.55, Large Speciality Tea - Green - 1.60",10.8,CARD,2629698503182878
18/12/2024 13:10,Sunderland,Dustin Franzese,"Regular Flavoured latte - Caramel - 2.55, Large Speciality Tea - Green - 1.60, Large Flavoured iced latte - Hazelnut - 3.25, Large Speciality Tea - Green - 1.60",9.0,CASH,
18/12/2024 13:10,Sunderland,Lloyd Crist,"Large Flavoured iced latte - Hazelnut - 3.25, Large Hot chocolate - 2.90",6.15,CARD,9194005564173453
18/12/2024 13:11,Sunderland,Judith Pickett,Regular Speciality Tea - Fruit - 1.30,1.3,CARD,9952876241004426
18/12/2024 13:12,Sunderland,William Stines,"Regular Speciality Tea - Fruit - 1.30, Large Hot chocolate - 2.90",4.2,CASH,
18/12/2024 13:13,Sunderland,James Schnarr,Large Speciality Tea - Fruit - 1.60,1.6,CARD,1218486686893115
18/12/2024 13:14,Sunderland,Crystal Maloney,Large Speciality Tea - Fruit - 1.60,1.6,CARD,6192187419038968
18/12/2024 13:15,Sunderland,David Arnold,"Large Speciality Tea - Green - 1.60, Large Flavoured latte - Caramel - 2.85",4.45,CARD,1249560987207403
18/12/2024 13:16,Sunderland,Laura Hayden,Large Flavoured latte - Caramel - 2.85,2.85,CARD,9674155711776086
18/12/2024 13:16,Sunderland,Angela Morales,"Large Speciality Tea - Fruit - 1.60, Regular Speciality Tea - Green - 1.30",2.9,CARD,9183130095229587
18/12/2024 13:17,Sunderland,Teresa Doucette,"Regular Speciality Tea - Fruit - 1.30, Regular Flavoured latte - Caramel - 2.55",3.85,CARD,4388035739392552
18/12/2024 13:18,Sunderland,Mary Davis,"Regular Hot chocolate - 2.20, Regular Hot chocolate - 2.20",4.4,CARD,8771632176782608
18/12/2024 13:19,Sunderland,Barbara Cunningham,Regular Flavoured latte - Caramel - 2.55,2.55,CARD,3216442879085045
18/12/2024 13:20,Sunderland,Doreen Harville,"Regular Flavoured iced latte - Hazelnut - 2.75, Regular Speciality Tea - Fruit - 1.30",4.05,CARD,9196635756329101
18/12/2024 13:21,Sunderland,Miguel Smith,"Regular Speciality Tea - Green - 1.30, Regular Speciality Tea - Fruit - 1.30, Regular Flavoured iced latte - Hazelnut - 2.75",5.35,CASH,
18/12/2024 13:22,Sunderland,John Nickel,"Regular Flavoured latte - Caramel - 2.55, Regular Hot chocolate - 2.20, Large Flavoured iced latte - Hazelnut - 3.25",8.0,CARD,8967295351303275
18/12/2024 13:22,Sunderland,Tracy Triana,"Regular Flavoured latte - Caramel - 2.55, Regular Speciality Tea - Green - 1.30, Regular Flavoured iced latte - Hazelnut - 2.75, Regular Flavoured iced latte - Hazelnut - 2.75",9.35,CARD,1223561100790147
18/12/2024 13:23,Sunderland,Gloria Smith,"Regular Speciality Tea - Fruit - 1.30, Large Hot chocolate - 2.90, Regular Flavoured latte - Caramel - 2.55",6.75,CARD,3558594812522874
18/12/2024 13:24,Sunderland,Charles Redmon,"Large Speciality Tea - Fruit - 1.60, Regular Speciality Tea - Green - 1.30, Regular Hot chocolate - 2.20, Large Flavoured latte - Caramel - 2.85, Large Hot chocolate - 2.90",10.85,CARD,3539654262363957
18/12/2024 13:25,Sunderland,Luis Alejandro,"Regular Flavoured iced latte - Hazelnut - 2.75, Large Hot chocolate - 2.90, Regular Flavoured iced latte - Hazelnut - 2.75",8.4,CARD,6146586352592614
18/12/2024 13:26,Sunderland,Sidney Ortiz,"Regular Speciality Tea - Green - 1.30, Regular Speciality Tea - Green - 1.30, Large Flavoured latte - Caramel - 2.85",5.45,CASH,
18/12/2024 13:27,Sunderland,Irene Hahn,"Regular Speciality Tea - Green - 1.30, Regular Speciality Tea - Fruit - 1.30",2.6,CASH,
18/12/2024 13:27,Sunderland,Cornelius Ashley,"Large Flavoured latte - Caramel - 2.85, Regular Flavoured iced latte - Hazelnut - 2.75, Large Flavoured latte - Caramel - 2.85",8.45,CARD,7189575462531389
18/12/2024 13:28,Sunderland,Nettie Nang,Regular Flavoured latte - Caramel - 2.55,2.55,CASH,
18/12/2024 13:29,Sunderland,Paul Veyna,"Regular Flavoured latte - Caramel - 2.55, Regular Speciality Tea - Fruit - 1.30",3.85,CASH,
18/12/2024 13:30,Sunderland,Sean Stanley,"Large Speciality Tea - Green - 1.60, Large Flavoured latte - Caramel - 2.85",4.45,CASH,
18/12/2024 13:31,Sunderland,Cindy Robinson,"Regular Speciality Tea - Green - 1.30, Large Speciality Tea - Green - 1.60",2.9,CARD,1462226850063748
18/12/2024 13:32,Sunderland,Cheryl Frizzle,Large Hot chocolate - 2.90,2.9,CARD,3428281557394933
18/12/2024 13:33,Sunderland,Carol Tang,"Large Flavoured iced latte - Hazelnut - 3.25, Regular Speciality Tea - Green - 1.30, Large Speciality Tea - Fruit - 1.60, Regular Speciality Tea - Fruit - 1.30",7.45,CARD,8300504468721982
18/12/2024 13:33,Sunderland,Burl Daniels,"Large Flavoured iced latte - Hazelnut - 3.25, Large Flavoured latte - Caramel - 2.85, Large Flavoured iced latte - Hazelnut - 3.25, Regular Flavoured iced latte - Hazelnut - 2.75",12.1,CARD,5444256763491010
18/12/2024 13:34,Sunderland,Roger Sanchez,"Regular Hot chocolate - 2.20, Large Hot chocolate - 2.90, Large Flavoured latte - Caramel - 2.85",7.95,CARD,3224412079532187
18/12/2024 13:35,Sunderland,Robert Mann,"Large Speciality Tea - Fruit - 1.60, Regular Speciality Tea - Fruit - 1.30, Regular Hot chocolate - 2.20",5.1,CARD,9405481340953899
18/12/2024 13:36,Sunderland,Diane Dawson,"Large Speciality Tea - Green - 1.60, Regular Speciality Tea - Fruit - 1.30, Regular Flavoured latte - Caramel - 2.55, Regular Speciality Tea - Fruit - 1.30",6.75,CARD,1602568842448017
18/12/2024 13:37,Sunderland,Debra Meredith,"Regular Speciality Tea - Fruit - 1.30, Large Speciality Tea - Fruit - 1.60",2.9,CASH,
18/12/2024 13:38,Sunderland,Linsey Waggoner,Regular Hot chocolate - 2.20,2.2,CARD,7124883564477896
18/12/2024 13:39,Sunderland,Victoria Fransen,Regular Hot chocolate - 2.20,2.2,CARD,9187780087500460
18/12/2024 13:39,Sunderland,Willie Callahan,Regular Speciality Tea - Fruit - 1.30,1.3,CARD,4074125218297823
18/12/2024 13:40,Sunderland,John Clark,"Large Speciality Tea - Fruit - 1.60, Regular Flavoured latte - Caramel - 2.55, Large Flavoured iced latte - Hazelnut - 3.25",7.4,CASH,
18/12/2024 13:41,Sunderland,Bernard Tyree,Regular Flavoured iced latte - Hazelnut - 2.75,2.75,CARD,8996957579865658
18/12/2024 13:42,Sunderland,Sherry Preece,"Regular Speciality Tea - Fruit - 1.30, Large Hot chocolate - 2.90",4.2,CASH,
18/12/2024 13:43,Sunderland,Jeff Dileo,"Regular Hot chocolate - 2.20, Large Flavoured iced latte - Hazelnut - 3.25, Regular Speciality Tea - Fruit - 1.30, Regular Speciality Tea - Fruit - 1.30",8.05,CARD,2652647890697624
18/12/2024 13:44,Sunderland,Stella Harrell,Regular Flavoured iced latte - Hazelnut - 2.75,2.75,CASH,
18/12/2024 13:44,Sunderland,Tora Noe,Large Speciality Tea - Fruit - 1.60,1.6,CARD,8023033347335082
18/12/2024 13:45,Sunderland,Nicolette Chastain,"Large Speciality Tea - Fruit - 1.60, Regular Speciality Tea - Green - 1.30, Regular Hot chocolate - 2.20, Large Speciality Tea - Green - 1.60, Large Speciality Tea - Fruit - 1.60, Large Hot chocolate - 2.90",11.2,CASH,
18/12/2024 13:46,Sunderland,Betty Stanfield,"Regular Speciality Tea - Fruit - 1.30, Large Flavoured iced latte - Hazelnut - 3.25",4.55,CASH,
18/12/2024 13:47,Sunderland,Katherine Tresvant,Regular Hot chocolate - 2.20,2.2,CARD,9278920780076233
18/12/2024 13:48,Sunderland,Nicholas Emerson,"Regular Flavoured iced latte - Hazelnut - 2.75, Large Hot chocolate - 2.90, Large Flavoured latte - Caramel - 2.85, Regular Speciality Tea - Fruit - 1.30, Regular Hot chocolate - 2.20, Regular Speciality Tea - Fruit - 1.30",13.3,CARD,8087889783420480
18/12/2024 13:49,Sunderland,Ammie Davis,"Regular Flavoured iced latte - Hazelnut - 2.75, Large Flavoured iced latte - Hazelnut - 3.25, Large Flavoured latte - Caramel - 2.85, Regular Hot chocolate - 2.20, Regular Speciality Tea - Green - 1.30",12.35,CARD,2649783270384355
18/12/2024 13:50,Sunderland,Kathleen Walla,"Regular Flavoured iced latte - Hazelnut - 2.75, Regular Speciality Tea - Fruit - 1.30, Regular Speciality Tea - Green - 1.30, Regular Hot chocolate - 2.20, Large Speciality Tea - Green - 1.60, Large Flavoured iced latte - Hazelnut - 3.25",12.4,CARD,5374843987218900
18/12/2024 13:50,Sunderland,James Wilson,"Regular Flavoured iced latte - Hazelnut - 2.75, Regular Hot chocolate - 2.20",4.95,CARD,6195516992881347
18/12/2024 13:51,Sunderland,Lindsy Fleek,"Regular Flavoured iced latte - Hazelnut - 2.75, Large Speciality Tea - Fruit - 1.60, Large Hot chocolate - 2.90, Regular Flavoured iced latte - Hazelnut - 2.75, Regular Flavoured latte - Caramel - 2.55",12.55,CASH,
18/12/2024 13:52,Sunderland,William Fitzpatrick,"Regular Speciality Tea - Green - 1.30, Regular Speciality Tea - Fruit - 1.30, Regular Flavoured iced latte - Hazelnut - 2.75, Large Speciality Tea - Fruit - 1.60, Regular Speciality Tea - Green - 1.30",8.25,CASH,
18/12/2024 13:53,Sunderland,Quinton Hendricks,"Regular Speciality Tea - Green - 1.30, Regular Speciality Tea - Fruit - 1.30, Regular Speciality Tea - Green - 1.30, Regular Hot chocolate - 2.20",6.1,CASH,
18/12/2024 13:54,Sunderland,Martha Franklin,"Large Flavoured iced latte - Hazelnut - 3.25, Regular Flavoured iced latte - Hazelnut - 2.75, Large Flavoured latte - Caramel - 2.85, Regular Speciality Tea - Fruit - 1.30",10.15,CASH,
18/12/2024 13:55,Sunderland,Ada Sparling,"Large Speciality Tea - Green - 1.60, Large Flavoured iced latte - Hazelnut - 3.25, Regular Flavoured latte - Caramel - 2.55, Regular Speciality Tea - Green - 1.30",8.7,CARD,7712235592519107
18/12/2024 13:56,Sunderland,Katherine Tabares,"Large Flavoured latte - Caramel - 2.85, Regular Flavoured iced latte - Hazelnut - 2.75, Regular Hot chocolate - 2.20",7.8,CARD,8061161910051235
18/12/2024 13:56,Sunderland,Sylvia Ryder,"Large Hot chocolate - 2.90, Large Speciality Tea - Green - 1.60, Large Hot chocolate - 2.90, Regular Speciality Tea - Fruit - 1.30",8.7,CARD,7582867472164002
18/12/2024 13:57,Sunderland,Lura Morrow,Large Speciality Tea - Green - 1.60,1.6,CARD,7506960725204641
18/12/2024 13:58,Sunderland,Linda Small,Regular Speciality Tea - Green - 1.30,1.3,CARD,3005239763997975
18/12/2024 13:59,Sunderland,Margeret Hodge,"Large Flavoured latte - Caramel - 2.85, Large Flavoured iced latte - Hazelnut - 3.25",6.1,CASH,
18/12/2024 14:00,Sunderland,Ricky Barnes,"Regular Flavoured iced latte - Hazelnut - 2.75, Large Speciality Tea - Green - 1.60, Large Speciality Tea - Fruit - 1.60",5.95,CARD,6397059063408575
18/12/2024 14:01,Sunderland,Amber Taylor,"Large Hot chocolate - 2.90, Large Flavoured iced latte - Hazelnut - 3.25",6.15,CASH,
18/12/2024 14:02,Sunderland,John Landes,"Regular Speciality Tea - Fruit - 1.30, Large Flavoured latte - Caramel - 2.85, Regular Speciality Tea - Fruit - 1.30, Regular Flavoured iced latte - Hazelnut - 2.75, Regular Hot chocolate - 2.20, Large Flavoured latte - Caramel - 2.85",13.25,CARD,9244762321631076
18/12/2024 14:03,Sunderland,Jeanette Miller,"Regular Flavoured iced latte - Hazelnut - 2.75, Large Hot chocolate - 2.90, Large Flavoured latte - Caramel - 2.85",8.5,CASH,
18/12/2024 14:04,Sunderland,Ronald Labrecque,Large Speciality Tea - Green - 1.60,1.6,CARD,7887843669224148
18/12/2024 14:06,Sunderland,Denise Barger,"Large Speciality Tea - Fruit - 1.60, Large Flavoured latte - Caramel - 2.85",4.45,CASH,
18/12/2024 14:07,Sunderland,Dustin Mack,Large Hot chocolate - 2.90,2.9,CASH,
18/12/2024 14:08,Sunderland,Margarette Ordway,Large Speciality Tea - Fruit - 1.60,1.6,CARD,9538569215373096
18/12/2024 14:09,Sunderland,Ben Jefferson,Large Flavoured latte - Caramel - 2.85,2.85,CARD,9367004987739504
18/12/2024 14:10,Sunderland,Virginia Maynard,"Regular Speciality Tea - Green - 1.30, Regular Speciality Tea - Fruit - 1.30, Regular Speciality Tea - Fruit - 1.30, Regular Speciality Tea - Green - 1.30, Regular Hot chocolate - 2.20",7.4,CARD,1401982402702609
18/12/2024 14:11,Sunderland,Hazel Allen,"Regular Speciality Tea - Fruit - 1.30, Large Flavoured iced latte - Hazelnut - 3.25, Regular Speciality Tea - Green - 1.30",5.85,CARD,3719849026817262
18/12/2024 14:13,Sunderland,Manuel Cunningham,"Large Speciality Tea - Fruit - 1.60, Regular Flavoured iced latte - Hazelnut - 2.75, Large Speciality Tea - Green - 1.60, Regular Flavoured iced latte - Hazelnut - 2.75",8.7,CARD,7542294551182522
18/12/2024 14:14,Sunderland,Terrence Martinez,"Large Speciality Tea - Fruit - 1.60, Large Hot chocolate - 2.90, Regular Flavoured iced latte - Hazelnut - 2.75",7.25,CASH,
18/12/2024 14:15,Sunderland,Anthony Moe,"Regular Flavoured latte - Caramel - 2.55, Large Flavoured iced latte - Hazelnut - 3.25, Large Flavoured iced latte - Hazelnut - 3.25, Regular Hot chocolate - 2.20, Large Hot chocolate - 2.90",14.15,CASH,
18/12/2024 14:16,Sunderland,Mary Moran,"Regular Hot chocolate - 2.20, Large Flavoured iced latte - Hazelnut - 3.25",5.45,CARD,8591103647002671
18/12/2024 14:17,Sunderland,Lori Straub,"Large Speciality Tea - Green - 1.60, Large Speciality Tea - Green - 1.60, Regular Hot chocolate - 2.20, Regular Speciality Tea - Fruit - 1.30, Large Flavoured latte - Caramel - 2.85, Regular Speciality Tea - Green - 1.30",10.85,CARD,4759280587549998
18/12/2024 14:18,Sunderland,Thomas Olson,Large Flavoured latte - Caramel - 2.85,2.85,CARD,6806005720656234
18/12/2024 14:20,Sunderland,Bobbie Noack,Regular Hot chocolate - 2.20,2.2,CARD,9894222848077472
18/12/2024 14:21,Sunderland,Florence Steffensmeier,Large Flavoured latte - Caramel - 2.85,2.85,CARD,1031541646153281
18/12/2024 14:22,Sunderland,Virginia Chang,"Large Flavoured latte - Caramel - 2.85, Large Flavoured iced latte - Hazelnut - 3.25",6.1,CARD,6918580995805847
18/12/2024 14:23,Sunderland,Terry Nichols,"Large Flavoured latte - Caramel - 2.85, Regular Hot chocolate - 2.20, Large Flavoured iced latte - Hazelnut - 3.25",8.3,CASH,
18/12/2024 14:24,Sunderland,Shannon Moler,"Regular Flavoured iced latte - Hazelnut - 2.75, Regular Hot chocolate - 2.20, Large Speciality Tea - Green - 1.60",6.55,CARD,8287189888507831
18/12/2024 14:25,Sunderland,Karen Sander,Regular Hot chocolate - 2.20,2.2,CARD,9786639602599990
18/12/2024 14:27,Sunderland,Robert Norton,"Regular Flavoured iced latte - Hazelnut - 2.75, Regular Flavoured latte - Caramel - 2.55",5.3,CASH,
18/12/2024 14:28,Sunderland,Edith Guadalupe,Large Speciality Tea - Fruit - 1.60,1.6,CASH,
18/12/2024 14:29,Sunderland,Ronald Hoffman,"Large Flavoured latte - Caramel - 2.85, Large Flavoured latte - Caramel - 2.85",5.7,CASH,
18/12/2024 14:30,Sunderland,Juana Riley,"Regular Speciality Tea - Fruit - 1.30, Large Speciality Tea - Fruit - 1.60",2.9,CARD,9755874206869801
18/12/2024 14:31,Sunderland,Diane Lamont,"Large Speciality Tea - Green - 1.60, Large Flavoured iced latte - Hazelnut - 3.25, Large Hot chocolate - 2.90, Large Speciality Tea - Fruit - 1.60",9.35,CASH,
18/12/2024 14:32,Sunderland,Kevin Mckinley,"Large Flavoured latte - Caramel - 2.85, Large Flavoured iced latte - Hazelnut - 3.25, Regular Flavoured latte - Caramel - 2.55",8.65,CARD,7086465336149650
18/12/2024 14:34,Sunderland,Renee Labeau,Large Hot chocolate - 2.90,2.9,CARD,8634411599037286
18/12/2024 14:35,Sunderland,Margaret Button,"Large Hot chocolate - 2.90, Regular Speciality Tea - Green - 1.30, Large Hot chocolate - 2.90",7.1,CARD,8655373731812377
18/12/2024 14:36,Sunderland,James Domingo,"Regular Flavoured latte - Caramel - 2.55, Large Flavoured latte - Caramel - 2.85",5.4,CARD,9072216064035674
18/12/2024 14:37,Sunderland,Stanley Mclendon,Large Flavoured iced latte - Hazelnut - 3.25,3.25,CARD,1114976259063947
18/12/2024 14:38,Sunderland,Maria Drum,"Large Hot chocolate - 2.90, Large Flavoured latte - Caramel - 2.85, Large Speciality Tea - Fruit - 1.60",7.35,CARD,7230910051618484
18/12/2024 14:39,Sunderland,Patricia Senske,"Regular Flavoured latte - Caramel - 2.55, Regular Hot chocolate - 2.20, Regular Speciality Tea - Fruit - 1.30, Regular Hot chocolate - 2.20, Regular Flavoured iced latte - Hazelnut - 2.75, Regular Flavoured iced latte - Hazelnut - 2.75",13.75,CARD,9421622330651928
18/12/2024 14:41,Sunderland,Christina Dedrick,"Regular Speciality Tea - Green - 1.30, Regular Hot chocolate - 2.20",3.5,CARD,8287130487129510
18/12/2024 14:42,Sunderland,Helen Rivas,"Regular Hot chocolate - 2.20, Regular Flavoured latte - Caramel - 2.55, Large Speciality Tea - Fruit - 1.60, Regular Speciality Tea - Green - 1.30",7.65,CARD,7505070590623738
18/12/2024 14:43,Sunderland,Alta Palmer,"Regular Flavoured iced latte - Hazelnut - 2.75, Regular Hot chocolate - 2.20",4.95,CARD,4753738862518553
18/12/2024 14:44,Sunderland,James Kuhns,"Regular Flavoured iced latte - Hazelnut - 2.75, Regular Flavoured iced latte - Hazelnut - 2.75",5.5,CARD,8920962394652956
18/12/2024 14:45,Sunderland,Katina Julian,"Large Flavoured iced latte - Hazelnut - 3.25, Large Flavoured latte - Caramel - 2.85",6.1,CARD,8594708017473066
18/12/2024 14:46,Sunderland,Tammy Dougherty,"Regular Flavoured iced latte - Hazelnut - 2.75, Large Speciality Tea - Fruit - 1.60, Regular Speciality Tea - Fruit - 1.30, Large Flavoured latte - Caramel - 2.85",8.5,CARD,1703379491836382
18/12/2024 14:48,Sunderland,Justin Reed,"Large Hot chocolate - 2.90, Large Flavoured iced latte - Hazelnut - 3.25, Regular Speciality Tea - Green - 1.30, Regular Flavoured latte - Caramel - 2.55, Large Speciality Tea - Fruit - 1.60",11.6,CARD,9455212222162967
18/12/2024 14:49,Sunderland,Kevin Hughes,Large Flavoured iced latte - Hazelnut - 3.25,3.25,CASH,
18/12/2024 14:50,Sunderland,Denise Oroark,"Large Flavoured latte - Caramel - 2.85, Regular Hot chocolate - 2.20, Large Hot chocolate - 2.90, Large Speciality Tea - Fruit - 1.60, Regular Hot chocolate - 2.20",11.75,CARD,3959081663509857
18/12/2024 14:51,Sunderland,Clement Pugh,"Large Speciality Tea - Fruit - 1.60, Large Speciality Tea - Green - 1.60, Regular Speciality Tea - Fruit - 1.30, Regular Flavoured latte - Caramel - 2.55",7.05,CARD,2380838614585524
18/12/2024 14:52,Sunderland,Cynthia Mackie,Large Speciality Tea - Fruit - 1.60,1.6,CARD,4039841884250883
18/12/2024 14:53,Sunderland,Joshua Perez,Large Speciality Tea - Fruit - 1.60,1.6,CASH,
18/12/2024 14:55,Sunderland,Jean Chitty,"Large Flavoured iced latte - Hazelnut - 3.25, Large Flavoured iced latte - Hazelnut - 3.25",6.5,CARD,8184077531930582
18/12/2024 14:56,Sunderland,Jill Cromwell,Regular Hot chocolate - 2.20,2.2,CARD,3130739094330756
18/12/2024 14:57,Sunderland,Lawrence Rich,Large Hot chocolate - 2.90,2.9,CARD,1520558096085596
18/12/2024 14:58,Sunderland,Mike Slaughter,Regular Speciality Tea - Green - 1.30,1.3,CASH,
18/12/2024 14:59,Sunderland,Steven Myers,Large Hot chocolate - 2.90,2.9,CASH,
18/12/2024 15:00,Sunderland,Karen Johnson,"Regular Speciality Tea - Green - 1.30, Large Flavoured latte - Caramel - 2.85, Regular Flavoured iced latte - Hazelnut - 2.75, Large Speciality Tea - Fruit - 1.60",8.5,CARD,5523953097217415
18/12/2024 15:02,Sunderland,Rosemary Dishner,"Large Flavoured iced latte - Hazelnut - 3.25, Large Speciality Tea - Fruit - 1.60, Large Speciality Tea - Green - 1.60, Large Speciality Tea - Green - 1.60, Regular Hot chocolate - 2.20",10.25,CASH,
18/12/2024 15:04,Sunderland,Laura Dean,"Regular Speciality Tea - Fruit - 1.30, Large Hot chocolate - 2.90",4.2,CASH,
18/12/2024 15:05,Sunderland,Betty Martin,"Regular Hot chocolate - 2.20, Large Speciality Tea - Fruit - 1.60, Regular Flavoured iced latte - Hazelnut - 2.75",6.55,CASH,
18/12/2024 15:07,Sunderland,Brian Henle,"Large Hot chocolate - 2.90, Large Flavoured latte - Caramel - 2.85, Large Flavoured iced latte - Hazelnut - 3.25, Large Flavoured iced latte - Hazelnut - 3.25, Large Flavoured iced latte - Hazelnut - 3.25",15.5,CARD,1264904886455738
18/12/2024 15:09,Sunderland,June Sewell,"Large Speciality Tea - Green - 1.60, Large Flavoured latte - Caramel - 2.85, Large Speciality Tea - Green - 1.60, Regular Flavoured latte - Caramel - 2.55",8.6,CARD,3948860391420074
18/12/2024 15:10,Sunderland,Melissa Jarvis,"Large Flavoured latte - Caramel - 2.85, Large Speciality Tea - Green - 1.60",4.45,CARD,3572242824517647
18/12/2024 15:12,Sunderland,Deborah Walker,"Regular Speciality Tea - Fruit - 1.30, Regular Flavoured iced latte - Hazelnut - 2.75",4.05,CARD,9261188202776217
18/12/2024 15:14,Sunderland,Isaac Gainey,"Regular Speciality Tea - Fruit - 1.30, Large Speciality Tea - Fruit - 1.60",2.9,CASH,
18/12/2024 15:15,Sunderland,Kathleen Kanzenbach,"Regular Speciality Tea - Green - 1.30, Regular Flavoured latte - Caramel - 2.55, Regular Flavoured iced latte - Hazelnut - 2.75",6.6,CASH,
18/12/2024 15:17,Sunderland,Stanley Boyle,"Regular Speciality Tea - Green - 1.30, Regular Flavoured iced latte - Hazelnut - 2.75, Regular Hot chocolate - 2.20",6.25,CARD,4860925619450664
18/12/2024 15:19,Sunderland,Jacquelyn Spicer,"Large Hot chocolate - 2.90, Large Flavoured latte - Caramel - 2.85",5.75,CARD,8620156691166849
18/12/2024 15:20,Sunderland,Tony Hillegas,Large Hot chocolate - 2.90,2.9,CASH,
18/12/2024 15:22,Sunderland,Teresa Wade,"Regular Speciality Tea - Green - 1.30, Regular Flavoured iced latte - Hazelnut - 2.75, Regular Flavoured latte - Caramel - 2.55",6.6,CARD,6999118237053800
18/12/2024 15:24,Sunderland,Kyle Nunley,"Regular Hot chocolate - 2.20, Large Hot chocolate - 2.90, Regular Speciality Tea - Green - 1.30, Large Hot chocolate - 2.90, Regular Flavoured latte - Caramel - 2.55",11.85,CARD,1624167510624261
18/12/2024 15:25,Sunderland,Robert Daniels,"Large Flavoured iced latte - Hazelnut - 3.25, Large Hot chocolate - 2.90, Large Speciality Tea - Green - 1.60, Regular Hot chocolate - 2.20, Large Hot chocolate - 2.90, Large Hot chocolate - 2.90",15.75,CASH,
18/12/2024 15:27,Sunderland,Andria Daily,"Regular Speciality Tea - Green - 1.30, Regular Flavoured iced latte - Hazelnut - 2.75, Large Hot chocolate - 2.90, Large Speciality Tea - Fruit - 1.60, Large Flavoured latte - Caramel - 2.85, Regular Speciality Tea - Green - 1.30",12.7,CARD,8567667006586165
18/12/2024 15:29,Sunderland,Mary Kassin,Regular Speciality Tea - Green - 1.30,1.3,CARD,4884959608139578
18/12/2024 15:30,Sunderland,Shawn Curtis,"Regular Flavoured latte - Caramel - 2.55, Large Flavoured latte - Caramel - 2.85, Large Flavoured iced latte - Hazelnut - 3.25, Large Flavoured latte - Caramel - 2.85",11.5,CARD,3204256562314666
18/12/2024 15:32,Sunderland,Floyd Oslund,Regular Hot chocolate - 2.20,2.2,CARD,7361927963153878
18/12/2024 15:34,Sunderland,Martha Baker,"Regular Flavoured latte - Caramel - 2.55, Large Speciality Tea - Green - 1.60",4.15,CASH,
18/12/2024 15:35,Sunderland,David West,"Large Flavoured iced latte - Hazelnut - 3.25, Regular Speciality Tea - Green - 1.30, Regular Speciality Tea - Green - 1.30, Large Flavoured latte - Caramel - 2.85",8.7,CARD,3287649094490737
18/12/2024 15:37,Sunderland,Charles Stevens,"Large Flavoured iced latte - Hazelnut - 3.25, Large Flavoured latte - Caramel - 2.85, Large Flavoured iced latte - Hazelnut - 3.25, Regular Flavoured latte - Caramel - 2.55, Regular Flavoured latte - Caramel - 2.55, Regular Hot chocolate - 2.20",16.65,CASH,
18/12/2024 15:39,Sunderland,Eric Kuhns,"Regular Flavoured latte - Caramel - 2.55, Large Flavoured latte - Caramel - 2.85, Regular Flavoured iced latte - Hazelnut - 2.75, Large Hot chocolate - 2.90",11.05,CARD,4883699684294578
18/12/2024 15:40,Sunderland,Michael Nifong,"Large Speciality Tea - Fruit - 1.60, Regular Flavoured iced latte - Hazelnut - 2.75",4.35,CARD,1363440624564281
18/12/2024 15:42,Sunderland,Mark Harner,"Regular Hot chocolate - 2.20, Regular Speciality Tea - Fruit - 1.30, Large Speciality Tea - Fruit - 1.60",5.1,CARD,4940217909740579
18/12/2024 15:44,Sunderland,Candace Matz,"Regular Speciality Tea - Fruit - 1.30, Large Speciality Tea - Green - 1.60, Regular Speciality Tea - Fruit - 1.30, Regular Flavoured iced latte - Hazelnut - 2.75",6.95,CASH,
18/12/2024 15:45,Sunderland,Sallie Williamson,Large Flavoured iced latte - Hazelnut - 3.25,3.25,CARD,6658136270430487
18/12/2024 15:47,Sunderland,Trent Martin,"Large Flavoured latte - Caramel - 2.85, Regular Flavoured latte - Caramel - 2.55",5.4,CARD,6916914564806109
18/12/2024 15:49,Sunderland,Erica Reeves,"Large Hot chocolate - 2.90, Regular Speciality Tea - Fruit - 1.30, Regular Speciality Tea - Green - 1.30, Regular Flavoured iced latte - Hazelnut - 2.75, Regular Speciality Tea - Fruit - 1.30, Large Hot chocolate - 2.90",12.45,CARD,3009348042822771
18/12/2024 15:50,Sunderland,Jennifer Martin,"Large Flavoured latte - Caramel - 2.85, Regular Speciality Tea - Green - 1.30",4.15,CASH,
18/12/2024 15:52,Sunderland,William Ploss,"Regular Speciality Tea - Fruit - 1.30, Regular Flavoured latte - Caramel - 2.55, Regular Speciality Tea - Green - 1.30, Regular Hot chocolate - 2.20",7.35,CARD,6573641519626193
18/12/2024 15:54,Sunderland,William Lee,"Regular Hot chocolate - 2.20, Regular Speciality Tea - Green - 1.30, Large Speciality Tea - Green - 1.60, Regular Flavoured iced latte - Hazelnut - 2.75, Large Flavoured iced latte - Hazelnut - 3.25",11.1,CARD,9149717050675158
18/12/2024 15:55,Sunderland,Kasey Wallis,"Large Speciality Tea - Green - 1.60, Large Hot chocolate - 2.90",4.5,CARD,5088236389140413
18/12/2024 15:57,Sunderland,Vivian Giron,Regular Hot chocolate - 2.20,2.2,CARD,6617840428780936
18/12/2024 15:59,Sunderland,Janice Bilodeau,"Large Hot chocolate - 2.90, Large Speciality Tea - Green - 1.60",4.5,CARD,1083149468994247
18/12/2024 16:00,Sunderland,Elnora Taber,Large Hot chocolate - 2.90,2.9,CARD,8880072902948768
18/12/2024 16:03,Sunderland,David Losh,Regular Flavoured latte - Caramel - 2.55,2.55,CARD,7195288341001514
18/12/2024 16:05,Sunderland,Angela Ross,"Large Speciality Tea - Green - 1.60, Large Hot chocolate - 2.90, Regular Speciality Tea - Green - 1.30, Regular Speciality Tea - Fruit - 1.30, Regular Flavoured iced latte - Hazelnut - 2.75, Large Hot chocolate - 2.90",12.75,CARD,2215681468494151
18/12/2024 16:07,Sunderland,Joanna Bermudez,"Regular Speciality Tea - Green - 1.30, Large Speciality Tea - Fruit - 1.60",2.9,CARD,8084988391112057
18/12/2024 16:09,Sunderland,Angelica Wilson,"Regular Hot chocolate - 2.20, Regular Speciality Tea - Green - 1.30, Large Flavoured latte - Caramel - 2.85",6.35,CASH,
18/12/2024 16:11,Sunderland,Laura Massimino,"Large Flavoured iced latte - Hazelnut - 3.25, Regular Speciality Tea - Fruit - 1.30",4.55,CASH,
18/12/2024 16:13,Sunderland,Patricia Spitz,Large Speciality Tea - Green - 1.60,1.6,CARD,3304980546542446
18/12/2024 16:15,Sunderland,Mark Bobo,"Regular Speciality Tea - Green - 1.30, Large Flavoured latte - Caramel - 2.85, Regular Speciality Tea - Fruit - 1.30",5.45,CARD,3350176377536766
18/12/2024 16:17,Sunderland,Ralph Sirmans,"Large Flavoured iced latte - Hazelnut - 3.25, Large Speciality Tea - Fruit - 1.60, Large Flavoured latte - Caramel - 2.85",7.7,CASH,
18/12/2024 16:20,Sunderland,Gene Miles,"Regular Flavoured iced latte - Hazelnut - 2.75, Large Speciality Tea - Fruit - 1.60, Large Speciality Tea - Green - 1.60, Regular Speciality Tea - Fruit - 1.30, Large Speciality Tea - Fruit - 1.60",8.85,CASH,
18/12/2024 16:22,Sunderland,August Godine,"Large Flavoured iced latte - Hazelnut - 3.25, Regular Flavoured latte - Caramel - 2.55",5.8,CASH,
18/12/2024 16:24,Sunderland,Lanie Day,"Large Hot chocolate - 2.90, Regular Flavoured latte - Caramel - 2.55, Large Speciality Tea - Green - 1.60, Regular Flavoured latte - Caramel - 2.55",9.6,CARD,9466473820118227
18/12/2024 16:26,Sunderland,Felicia Sawyer,"Regular Flavoured iced latte - Hazelnut - 2.75, Regular Flavoured latte - Caramel - 2.55, Regular Flavoured iced latte - Hazelnut - 2.75",8.05,CASH,
18/12/2024 16:28,Sunderland,Shanda Smith,"Regular Speciality Tea - Green - 1.30, Large Hot chocolate - 2.90",4.2,CARD,4322970111169011
18/12/2024 16:30,Sunderland,Annabelle Carr,"Regular Flavoured iced latte - Hazelnut - 2.75, Large Flavoured iced latte - Hazelnut - 3.25, Large Speciality Tea - Green - 1.60",7.6,CARD,8210075217210914
18/12/2024 16:32,Sunderland,Jake Gandy,"Regular Hot chocolate - 2.20, Regular Speciality Tea - Fruit - 1.30, Regular Flavoured latte - Caramel - 2.55, Regular Speciality Tea - Fruit - 1.30, Large Hot chocolate - 2.90",10.25,CARD,1555658360040613
18/12/2024 16:35,Sunderland,David Taylor,"Regular Speciality Tea - Fruit - 1.30, Large Speciality Tea - Green - 1.60",2.9,CARD,3194517179218196
18/12/2024 16:37,Sunderland,Leroy Morehouse,"Large Speciality Tea - Fruit - 1.60, Regular Speciality Tea - Green - 1.30, Large Speciality Tea - Green - 1.60, Large Flavoured iced latte - Hazelnut - 3.25",7.75,CARD,7501132380436768
18/12/2024 16:39,Sunderland,Anne Steele,Large Flavoured latte - Caramel - 2.85,2.85,CARD,4271644420060590
18/12/2024 16:41,Sunderland,Gerald Deboer,"Regular Speciality Tea - Fruit - 1.30, Large Flavoured latte - Caramel - 2.85, Regular Hot chocolate - 2.20",6.35,CARD,7775286534283921
18/12/2024 16:43,Sunderland,Harold Strock,"Large Flavoured iced latte - Hazelnut - 3.25, Regular Hot chocolate - 2.20, Large Hot chocolate - 2.90, Regular Flavoured latte - Caramel - 2.55",10.9,CARD,8750972940854783
18/12/2024 16:45,Sunderland,Jessica Pearson,Large Flavoured iced latte - Hazelnut - 3.25,3.25,CARD,8592702452629732
18/12/2024 16:47,Sunderland,Clyde Metge,"Large Speciality Tea - Green - 1.60, Large Speciality Tea - Fruit - 1.60",3.2,CARD,7006587284551307
18/12/2024 16:49,Sunderland,Duane Swee,"Large Flavoured latte - Caramel - 2.85, Large Hot chocolate - 2.90, Large Speciality Tea - Fruit - 1.60, Regular Hot chocolate - 2.20",9.55,CARD,9546691891574733
18/12/2024 16:52,Sunderland,Richard Mitchell,"Regular Flavoured latte - Caramel - 2.55, Large Flavoured latte - Caramel - 2.85, Regular Hot chocolate - 2.20, Large Speciality Tea - Green - 1.60, Large Speciality Tea - Fruit - 1.60",10.8,CARD,1932698063095249
18/12/2024 16:54,Sunderland,Terence Kelly,"Large Flavoured latte - Caramel - 2.85, Regular Hot chocolate - 2.20, Large Hot chocolate - 2.90, Regular Speciality Tea - Fruit - 1.30",9.25,CARD,6359457324784517
18/12/2024 16:56,Sunderland,Patricia Lynn,"Large Speciality Tea - Green - 1.60, Regular Flavoured latte - Caramel - 2.55",4.15,CARD,2924868075756152
18/12/2024 16:58,Sunderland,John Hailey,"Large Flavoured iced latte - Hazelnut - 3.25, Regular Flavoured latte - Caramel - 2.55, Large Hot chocolate - 2.90, Regular Flavoured latte - Caramel - 2.55, Large Flavoured iced latte - Hazelnut - 3.25",14.5,CARD,2082780031088767
