18/12/2024 09:00,Sutton on Hull,Anthony Hessler,Large Flavoured hot chocolate - Caramel - 2.90,2.9,CARD,9295905976772220
18/12/2024 09:02,Sutton on Hull,Robert Wilcox,Regular Flavoured hot chocolate - Caramel - 2.60,2.6,CARD,7024710122523095
18/12/2024 09:04,Sutton on Hull,Douglas Gonzalez,Large Flavoured iced latte - Hazelnut - 3.25,3.25,CARD,5523070071911147
18/12/2024 09:07,Sutton on Hull,Bertha Ho,"Large Frappes - Strawberries & Cream - 3.25, Large Flavoured iced latte - Hazelnut - 3.25, Large Flavoured hot chocolate - Caramel - 2.90",9.4,CARD,1571299142528786
18/12/2024 09:09,Sutton on Hull,Bruce Wilson,"Regular Speciality Tea - Green - 1.30, Regular Speciality Tea - Green - 1.30, Large Flavoured iced latte - Vanilla - 3.25",5.85,CARD,6313262916576660
18/12/2024 09:12,Sutton on Hull,Emily Manship,"Regular Flavoured hot chocolate - Caramel - 2.60, Large Speciality Tea - Green - 1.60",4.2,CARD,3800949671959696
18/12/2024 09:14,Sutton on Hull,Jason Clarke,Large Flavoured iced latte - Hazelnut - 3.25,3.25,CASH,
18/12/2024 09:16,Sutton on Hull,Karen Sears,"Regular Frappes - Strawberries & Cream - 2.75, Regular Speciality Tea - Green - 1.30",4.05,CARD,2369436424080632
18/12/2024 09:19,Sutton on Hull,William Khan,"Regular Speciality Tea - Green - 1.30, Regular Frappes - Strawberries & Cream - 2.75",4.05,CASH,
18/12/2024 09:21,Sutton on Hull,Hallie Hall,"Regular Frappes - Strawberries & Cream - 2.75, Regular Speciality Tea - Camomile - 1.30",4.05,CARD,2397158920346929
18/12/2024 09:24,Sutton on Hull,Kevin Bullock,"Regular Speciality Tea - Camomile - 1.30, Large Cortado - 2.35, Regular Cortado - 2.05",5.7,CARD,9157530372680340
18/12/2024 09:26,Sutton on Hull,Jennifer Parker,Regular Frappes - Strawberries & Cream - 2.75,2.75,CARD,8846568247635506
18/12/2024 09:28,Sutton on Hull,Kathleen Houston,"Large Speciality Tea - Camomile - 1.60, Regular Frappes - Strawberries & Cream - 2.75, Large Flavoured iced latte - Hazelnut - 3.25",7.6,CARD,5734516417972181
18/12/2024 09:31,Sutton on Hull,Donald Mooring,"Regular Flavoured iced latte - Vanilla - 2.75, Regular Cortado - 2.05, Large Speciality Tea - Green - 1.60",6.4,CARD,2986969199853710
18/12/2024 09:33,Sutton on Hull,Christopher Bernal,"Large Flavoured hot chocolate - Caramel - 2.90, Large Flavoured iced latte - Vanilla - 3.25",6.15,CARD,1794214446215382
18/12/2024 09:36,Sutton on Hull,Daniel Milo,"Large Frappes - Strawberries & Cream - 3.25, Regular Flavoured latte - Gingerbread - 2.55, Regular Speciality Tea - Camomile - 1.30, Large Speciality Tea - Green - 1.60",8.7,CARD,5257421354377976
18/12/2024 09:38,Sutton on Hull,Fred Jackson,Large Flavoured latte - Gingerbread - 2.85,2.85,CARD,3911132735705290
18/12/2024 09:40,Sutton on Hull,Henry Murray,Regular Speciality Tea - Green - 1.30,1.3,CASH,
18/12/2024 09:43,Sutton on Hull,Georgia Derrico,"Regular Flavoured hot chocolate - Caramel - 2.60, Large Flavoured hot chocolate - Caramel - 2.90",5.5,CARD,4671983841980657
18/12/2024 09:45,Sutton on Hull,Ronald Bowman,"Regular Flavoured iced latte - Hazelnut - 2.75, Regular Frappes - Strawberries & Cream - 2.75, Regular Frappes - Strawberries & Cream - 2.75",8.25,CASH,
18/12/2024 09:48,Sutton on Hull,Wilma Manning,"Large Flavoured latte - Caramel - 2.85, Large Cortado - 2.35, Large Flavoured latte - Caramel - 2.85",8.05,CARD,7888710741262835
18/12/2024 09:50,Sutton on Hull,Mary Rosario,"Regular Flavoured iced latte - Hazelnut - 2.75, Regular Flavoured latte - Gingerbread - 2.55, Regular Flavoured hot chocolate - Caramel - 2.60",7.9,CARD,4458152777638542
18/12/2024 09:52,Sutton on Hull,Billy Spaulding,Large Speciality Tea - Camomile - 1.60,1.6,CARD,9663699965942360
18/12/2024 09:55,Sutton on Hull,James White,"Large Frappes - Strawberries & Cream - 3.25, Large Flavoured latte - Caramel - 2.85, Regular Flavoured latte - Caramel - 2.55, Regular Flavoured latte - Gingerbread - 2.55",11.2,CARD,2426176145709302
18/12/2024 09:57,Sutton on Hull,Evelyn Waters,"Regular Flavoured latte - Gingerbread - 2.55, Large Speciality Tea - Green - 1.60, Large Flavoured hot chocolate - Caramel - 2.90",7.05,CARD,3754899976884417
18/12/2024 10:00,Sutton on Hull,Frank Vasquez,"Large Flavoured iced latte - Vanilla - 3.25, Regular Flavoured latte - Gingerbread - 2.55, Large Flavoured latte - Caramel - 2.85, Large Flavoured hot chocolate - Caramel - 2.90",11.55,CARD,9233235681207578
18/12/2024 10:01,Sutton on Hull,Raymond Roussos,"Regular Cortado - 2.05, Large Flavoured iced latte - Vanilla - 3.25, Regular Cortado - 2.05",7.35,CASH,
18/12/2024 10:03,Sutton on Hull,Deborah Houghton,Large Speciality Tea - Green - 1.60,1.6,CASH,
18/12/2024 10:05,Sutton on Hull,Betty Krause,Regular Flavoured iced latte - Vanilla - 2.75,2.75,CARD,4323691834002555
18/12/2024 10:07,Sutton on Hull,Judith Mccormick,"Large Speciality Tea - Green - 1.60, Large Flavoured latte - Gingerbread - 2.85",4.45,CASH,
18/12/2024 10:09,Sutton on Hull,Caridad Shuster,"Large Speciality Tea - Camomile - 1.60, Regular Flavoured iced latte - Vanilla - 2.75, Regular Frappes - Strawberries & Cream - 2.75, Large Flavoured hot chocolate - Caramel - 2.90",10.0,CARD,4628663781701079
18/12/2024 10:11,Sutton on Hull,Maria Sluder,"Regular Flavoured latte - Caramel - 2.55, Regular Flavoured latte - Gingerbread - 2.55, Large Speciality Tea - Green - 1.60",6.7,CARD,6070533744383036
18/12/2024 10:13,Sutton on Hull,Polly Bryant,"Regular Flavoured hot chocolate - Caramel - 2.60, Large Speciality Tea - Green - 1.60, Regular Flavoured iced latte - Vanilla - 2.75",6.95,CASH,
18/12/2024 10:14,Sutton on Hull,Nicole Oneill,Regular Flavoured latte - Caramel - 2.55,2.55,CARD,3987225076915958
18/12/2024 10:16,Sutton on Hull,Timothy Christian,"Regular Cortado - 2.05, Regular Flavoured hot chocolate - Caramel - 2.60",4.65,CASH,
18/12/2024 10:18,Sutton on Hull,Candice Devine,"Large Speciality Tea - Camomile - 1.60, Large Flavoured latte - Caramel - 2.85, Regular Cortado - 2.05, Regular Flavoured hot chocolate - Caramel - 2.60, Large Flavoured latte - Gingerbread - 2.85",11.95,CASH,
18/12/2024 10:20,Sutton on Hull,Jodi Montoya,"Large Speciality Tea - Green - 1.60, Large Speciality Tea - Camomile - 1.60, Large Speciality Tea - Camomile - 1.60, Large Flavoured iced latte - Vanilla - 3.25, Large Flavoured latte - Caramel - 2.85, Regular Flavoured iced latte - Vanilla - 2.75",13.65,CASH,
18/12/2024 10:22,Sutton on Hull,Ruth Everett,"Regular Flavoured hot chocolate - Caramel - 2.60, Large Cortado - 2.35, Large Flavoured latte - Gingerbread - 2.85, Large Cortado - 2.35",10.15,CASH,
18/12/2024 10:24,Sutton on Hull,Maria Cowan,"Regular Flavoured iced latte - Vanilla - 2.75, Large Flavoured iced latte - Hazelnut - 3.25, Large Flavoured latte - Caramel - 2.85, Regular Speciality Tea - Camomile - 1.30, Regular Cortado - 2.05, Large Flavoured iced latte - Vanilla - 3.25",15.45,CARD,4811675485802812
18/12/2024 10:26,Sutton on Hull,Robert Wright,"Regular Flavoured latte - Caramel - 2.55, Regular Cortado - 2.05",4.6,CARD,5944626039699536
18/12/2024 10:28,Sutton on Hull,Felipe Vanzandt,"Large Frappes - Strawberries & Cream - 3.25, Large Flavoured iced latte - Vanilla - 3.25, Large Frappes - Strawberries & Cream - 3.25, Large Flavoured hot chocolate - Caramel - 2.90, Regular Speciality Tea - Green - 1.30",13.95,CARD,6440058779042802
18/12/2024 10:29,Sutton on Hull,Linda Shoun,"Regular Flavoured iced latte - Vanilla - 2.75, Regular Speciality Tea - Green - 1.30, Large Flavoured latte - Caramel - 2.85",6.9,CARD,2864946124035761
18/12/2024 10:31,Sutton on Hull,Gail Weigand,Regular Cortado - 2.05,2.05,CASH,
18/12/2024 10:33,Sutton on Hull,Starla Benson,"Regular Flavoured hot chocolate - Caramel - 2.60, Large Flavoured iced latte - Vanilla - 3.25, Regular Flavoured hot chocolate - Caramel - 2.60",8.45,CASH,
18/12/2024 10:35,Sutton on Hull,Hugh Williams,"Regular Speciality Tea - Green - 1.30, Large Cortado - 2.35, Large Speciality Tea - Green - 1.60, Regular Frappes - Strawberries & Cream - 2.75",8.0,CARD,9138641612525543
18/12/2024 10:37,Sutton on Hull,Ruth Stone,"Large Flavoured latte - Gingerbread - 2.85, Regular Cortado - 2.05",4.9,CARD,4853562881128490
18/12/2024 10:39,Sutton on Hull,Raymond Boe,Regular Speciality Tea - Camomile - 1.30,1.3,CASH,
18/12/2024 10:41,Sutton on Hull,Elaine Mao,"Regular Speciality Tea - Camomile - 1.30, Large Cortado - 2.35",3.65,CASH,
18/12/2024 10:42,Sutton on Hull,Bernard Oh,"Large Speciality Tea - Green - 1.60, Large Cortado - 2.35",3.95,CARD,5478864540460124
18/12/2024 10:44,Sutton on Hull,Emilia Randazzo,Regular Flavoured latte - Gingerbread - 2.55,2.55,CARD,4498868150105693
18/12/2024 10:46,Sutton on Hull,Beverly Duke,"Large Cortado - 2.35, Regular Flavoured iced latte - Hazelnut - 2.75, Large Flavoured latte - Caramel - 2.85",7.95,CASH,
18/12/2024 10:48,Sutton on Hull,Chelsea Moulton,"Large Flavoured iced latte - Vanilla - 3.25, Regular Speciality Tea - Camomile - 1.30, Regular Flavoured iced latte - Vanilla - 2.75",7.3,CARD,4184095769673191
18/12/2024 10:50,Sutton on Hull,Rosetta Cook,"Regular Flavoured iced latte - Vanilla - 2.75, Large Flavoured hot chocolate - Caramel - 2.90",5.65,CARD,4035565737680187
18/12/2024 10:52,Sutton on Hull,Jack Reed,"Regular Speciality Tea - Camomile - 1.30, Large Flavoured iced latte - Hazelnut - 3.25, Large Flavoured latte - Gingerbread - 2.85, Large Frappes - Strawberries & Cream - 3.25",10.65,CARD,2178531828766039
18/12/2024 10:54,Sutton on Hull,Drew Hornbuckle,Large Flavoured latte - Gingerbread - 2.85,2.85,CARD,8172088459902659
18/12/2024 10:56,Sutton on Hull,Thomas Ruiz,Large Flavoured latte - Gingerbread - 2.85,2.85,CASH,
18/12/2024 10:57,Sutton on Hull,Randi Jones,"Regular Frappes - Strawberries & Cream - 2.75, Large Speciality Tea - Green - 1.60, Large Flavoured hot chocolate - Caramel - 2.90",7.25,CARD,7226055203623860
18/12/2024 10:59,Sutton on Hull,Christopher Wall,"Regular Flavoured iced latte - Hazelnut - 2.75, Regular Flavoured latte - Gingerbread - 2.55",5.3,CARD,4723232100604390
18/12/2024 11:01,Sutton on Hull,Jeffrey Sanchez,"Large Frappes - Strawberries & Cream - 3.25, Regular Flavoured latte - Caramel - 2.55, Large Flavoured latte - Caramel - 2.85, Regular Flavoured iced latte - Hazelnut - 2.75, Regular Cortado - 2.05",13.45,CARD,1896690513899596
18/12/2024 11:04,Sutton on Hull,Deborah Mcpherson,"Large Flavoured iced latte - Hazelnut - 3.25, Regular Flavoured latte - Gingerbread - 2.55, Large Flavoured iced latte - Vanilla - 3.25, Large Speciality Tea - Camomile - 1.60",10.65,CARD,3142777659478794
18/12/2024 11:07,Sutton on Hull,Bernice Williams,"Regular Speciality Tea - Camomile - 1.30, Regular Speciality Tea - Camomile - 1.30, Regular Cortado - 2.05",4.65,CARD,5948067937967850
18/12/2024 11:11,Sutton on Hull,Robert Dyas,Regular Flavoured latte - Gingerbread - 2.55,2.55,CARD,5016517297111068
18/12/2024 11:14,Sutton on Hull,James Phillips,"Large Speciality Tea - Green - 1.60, Regular Flavoured hot chocolate - Caramel - 2.60",4.2,CARD,5591497508465896
18/12/2024 11:17,Sutton on Hull,Janice Richardson,Regular Flavoured iced latte - Hazelnut - 2.75,2.75,CARD,2519635234522333
18/12/2024 11:20,Sutton on Hull,Mary Loving,"Regular Cortado - 2.05, Regular Flavoured latte - Caramel - 2.55, Large Flavoured iced latte - Hazelnut - 3.25, Regular Flavoured iced latte - Hazelnut - 2.75, Regular Flavoured latte - Caramel - 2.55, Regular Frappes - Strawberries & Cream - 2.75",15.9,CARD,7268639959739091
18/12/2024 11:23,Sutton on Hull,Marcel Williams,Regular Flavoured iced latte - Vanilla - 2.75,2.75,CARD,1832688996560161
18/12/2024 11:26,Sutton on Hull,Pierre Cea,"Large Frappes - Strawberries & Cream - 3.25, Regular Frappes - Strawberries & Cream - 2.75",6.0,CARD,5786968693946196
18/12/2024 11:29,Sutton on Hull,James Kitchin,"Large Speciality Tea - Camomile - 1.60, Large Speciality Tea - Green - 1.60, Regular Flavoured hot chocolate - Caramel - 2.60, Regular Frappes - Strawberries & Cream - 2.75, Large Flavoured iced latte - Vanilla - 3.25, Large Flavoured iced latte - Vanilla - 3.25",15.05,CARD,6663561804574674
18/12/2024 11:33,Sutton on Hull,Maxwell Huseman,"Large Flavoured iced latte - Vanilla - 3.25, Regular Speciality Tea - Green - 1.30, Large Flavoured iced latte - Hazelnut - 3.25, Regular Cortado - 2.05",9.85,CASH,
18/12/2024 11:36,Sutton on Hull,Felipa Benjamin,"Regular Flavoured latte - Caramel - 2.55, Large Flavoured latte - Gingerbread - 2.85",5.4,CARD,7952275279789578
18/12/2024 11:39,Sutton on Hull,Allene Tuner,"Regular Cortado - 2.05, Regular Flavoured iced latte - Vanilla - 2.75, Regular Flavoured iced latte - Hazelnut - 2.75",7.55,CARD,3067954269682204
18/12/2024 11:42,Sutton on Hull,Vera Reyna,"Large Flavoured iced latte - Hazelnut - 3.25, Regular Speciality Tea - Green - 1.30",4.55,CASH,
18/12/2024 11:45,Sutton on Hull,Anita Mose,"Regular Speciality Tea - Camomile - 1.30, Large Speciality Tea - Camomile - 1.60",2.9,CARD,6753535913331744
18/12/2024 11:48,Sutton on Hull,Albert Stang,"Large Flavoured latte - Caramel - 2.85, Large Flavoured iced latte - Vanilla - 3.25",6.1,CASH,
18/12/2024 11:52,Sutton on Hull,Kara Grams,"Regular Cortado - 2.05, Regular Flavoured iced latte - Hazelnut - 2.75",4.8,CARD,8170703255001891
18/12/2024 11:55,Sutton on Hull,Shelly Canter,"Regular Flavoured iced latte - Hazelnut - 2.75, Large Flavoured hot chocolate - Caramel - 2.90",5.65,CARD,1736931732079259
18/12/2024 11:58,Sutton on Hull,April Ennis,Large Flavoured latte - Gingerbread - 2.85,2.85,CARD,3271388961584766
18/12/2024 12:01,Sutton on Hull,Mary Quesenberry,"Regular Speciality Tea - Green - 1.30, Large Speciality Tea - Green - 1.60, Regular Speciality Tea - Camomile - 1.30, Large Speciality Tea - Green - 1.60",5.8,CASH,
18/12/2024 12:10,Sutton on Hull,Christopher Patterson,"Regular Flavoured latte - Gingerbread - 2.55, Regular Speciality Tea - Green - 1.30",3.85,CARD,8216751849234557
18/12/2024 12:18,Sutton on Hull,Yvette Langford,"Large Flavoured iced latte - Hazelnut - 3.25, Regular Flavoured iced latte - Hazelnut - 2.75",6.0,CARD,9955038917110771
18/12/2024 12:27,Sutton on Hull,Ryan Pennington,"Large Speciality Tea - Camomile - 1.60, Regular Flavoured hot chocolate - Caramel - 2.60",4.2,CARD,3657568908215645
18/12/2024 12:35,Sutton on Hull,Bernard Sharpe,"Large Speciality Tea - Camomile - 1.60, Large Flavoured iced latte - Hazelnut - 3.25, Regular Speciality Tea - Camomile - 1.30, Regular Cortado - 2.05",8.2,CARD,5491159114305780
18/12/2024 12:44,Sutton on Hull,Jose Romaine,"Large Flavoured hot chocolate - Caramel - 2.90, Regular Flavoured iced latte - Vanilla - 2.75",5.65,CASH,
18/12/2024 12:52,Sutton on Hull,Paul Minnick,"Large Speciality Tea - Camomile - 1.60, Regular Speciality Tea - Camomile - 1.30, Regular Flavoured latte - Caramel - 2.55, Large Flavoured iced latte - Hazelnut - 3.25",8.7,CARD,2177073558617675
18/12/2024 13:01,Sutton on Hull,Nancy Torres,Large Cortado - 2.35,2.35,CASH,
18/12/2024 13:02,Sutton on Hull,Maurice Morin,Large Speciality Tea - Camomile - 1.60,1.6,CASH,
18/12/2024 13:03,Sutton on Hull,Robert Steir,"Regular Speciality Tea - Green - 1.30, Large Flavoured iced latte - Hazelnut - 3.25",4.55,CARD,3753601120951666
18/12/2024 13:04,Sutton on Hull,Bruce Daigle,"Large Flavoured hot chocolate - Caramel - 2.90, Regular Speciality Tea - Green - 1.30, Large Flavoured iced latte - Vanilla - 3.25, Regular Speciality Tea - Camomile - 1.30",8.75,CASH,
18/12/2024 13:05,Sutton on Hull,Douglas Gavin,Large Flavoured iced latte - Hazelnut - 3.25,3.25,CARD,2336669763098002
18/12/2024 13:06,Sutton on Hull,Lawrence Bouska,Large Cortado - 2.35,2.35,CASH,
18/12/2024 13:07,Sutton on Hull,Patrica Smith,"Large Flavoured latte - Caramel - 2.85, Large Flavoured iced latte - Vanilla - 3.25",6.1,CASH,
18/12/2024 13:08,Sutton on Hull,Meredith Killian,"Regular Flavoured iced latte - Hazelnut - 2.75, Regular Frappes - Strawberries & Cream - 2.75",5.5,CARD,5991986508075789
18/12/2024 13:09,Sutton on Hull,Barbara Fye,"Large Frappes - Strawberries & Cream - 3.25, Regular Cortado - 2.05",5.3,CARD,5959806063024131
18/12/2024 13:10,Sutton on Hull,Clifford Russell,"Regular Flavoured iced latte - Vanilla - 2.75, Large Flavoured iced latte - Hazelnut - 3.25, Regular Speciality Tea - Green - 1.30",7.3,CARD,7095719330823014
18/12/2024 13:11,Sutton on Hull,Hubert Aguilera,Large Cortado - 2.35,2.35,CARD,1093201215363779
18/12/2024 13:12,Sutton on Hull,Robert Woods,Regular Cortado - 2.05,2.05,CARD,4902409638039475
18/12/2024 13:14,Sutton on Hull,Margarite Scott,"Large Speciality Tea - Green - 1.60, Large Frappes - Strawberries & Cream - 3.25",4.85,CASH,
18/12/2024 13:15,Sutton on Hull,Nancy Mclendon,"Regular Speciality Tea - Green - 1.30, Large Flavoured hot chocolate - Caramel - 2.90, Large Frappes - Strawberries & Cream - 3.25, Regular Speciality Tea - Green - 1.30",8.75,CASH,
18/12/2024 13:16,Sutton on Hull,Fred Barnes,"Large Speciality Tea - Green - 1.60, Large Flavoured iced latte - Vanilla - 3.25, Large Cortado - 2.35, Regular Flavoured hot chocolate - Caramel - 2.60, Regular Cortado - 2.05, Large Flavoured hot chocolate - Caramel - 2.90",14.75,CARD,8916124618222311
18/12/2024 13:17,Sutton on Hull,Christine Kilpatrick,Regular Flavoured latte - Gingerbread - 2.55,2.55,CARD,1417390868770235
18/12/2024 13:18,Sutton on Hull,Shane Parihar,"Regular Speciality Tea - Green - 1.30, Regular Flavoured hot chocolate - Caramel - 2.60, Regular Flavoured latte - Caramel - 2.55, Large Flavoured latte - Gingerbread - 2.85",9.3,CASH,
18/12/2024 13:19,Sutton on Hull,Carolyn Tyler,Large Flavoured latte - Caramel - 2.85,2.85,CARD,3430215667894760
18/12/2024 13:20,Sutton on Hull,Darrell Collins,"Large Speciality Tea - Green - 1.60, Large Speciality Tea - Camomile - 1.60, Regular Cortado - 2.05, Large Speciality Tea - Green - 1.60, Large Flavoured iced latte - Hazelnut - 3.25, Large Flavoured latte - Caramel - 2.85",12.95,CARD,1137990759448821
18/12/2024 13:21,Sutton on Hull,Theodore Brown,"Regular Speciality Tea - Camomile - 1.30, Large Flavoured iced latte - Hazelnut - 3.25, Large Flavoured latte - Caramel - 2.85",7.4,CASH,
18/12/2024 13:22,Sutton on Hull,Anna Gentry,Large Flavoured hot chocolate - Caramel - 2.90,2.9,CARD,5825215851376410
18/12/2024 13:23,Sutton on Hull,Susan Shoun,Regular Flavoured hot chocolate - Caramel - 2.60,2.6,CARD,2706406649642641
18/12/2024 13:24,Sutton on Hull,Jamie Merrett,"Regular Cortado - 2.05, Large Flavoured iced latte - Vanilla - 3.25, Large Cortado - 2.35",7.65,CARD,9108380606232094
18/12/2024 13:25,Sutton on Hull,Ethel Ward,"Large Flavoured latte - Caramel - 2.85, Large Flavoured latte - Caramel - 2.85",5.7,CARD,2187746303714270
18/12/2024 13:26,Sutton on Hull,Wanda Faucher,"Regular Speciality Tea - Camomile - 1.30, Regular Flavoured latte - Caramel - 2.55",3.85,CASH,
18/12/2024 13:27,Sutton on Hull,Gwendolyn Leon,"Regular Flavoured latte - Caramel - 2.55, Large Flavoured iced latte - Hazelnut - 3.25, Regular Flavoured iced latte - Hazelnut - 2.75",8.55,CARD,5813745547969807
18/12/2024 13:28,Sutton on Hull,Lois Prosperie,"Regular Cortado - 2.05, Regular Flavoured hot chocolate - Caramel - 2.60, Regular Flavoured latte - Gingerbread - 2.55, Regular Speciality Tea - Green - 1.30, Large Flavoured latte - Caramel - 2.85, Large Flavoured latte - Caramel - 2.85",14.2,CARD,9534144232342710
18/12/2024 13:29,Sutton on Hull,Charlotte London,Large Frappes - Strawberries & Cream - 3.25,3.25,CARD,1187601908982822
18/12/2024 13:30,Sutton on Hull,Helen Cole,Regular Flavoured hot chocolate - Caramel - 2.60,2.6,CASH,
18/12/2024 13:31,Sutton on Hull,Joseph Metheny,Regular Flavoured iced latte - Vanilla - 2.75,2.75,CARD,2528799223112801
18/12/2024 13:32,Sutton on Hull,Tina Wales,Regular Frappes - Strawberries & Cream - 2.75,2.75,CARD,2161219478754287
18/12/2024 13:33,Sutton on Hull,Joseph Aronson,"Large Flavoured hot chocolate - Caramel - 2.90, Large Speciality Tea - Green - 1.60, Regular Speciality Tea - Green - 1.30, Large Flavoured latte - Caramel - 2.85, Regular Frappes - Strawberries & Cream - 2.75, Large Flavoured hot chocolate - Caramel - 2.90",14.3,CARD,8485898102747279
18/12/2024 13:35,Sutton on Hull,Frank Doll,Regular Cortado - 2.05,2.05,CARD,3141807768195105
18/12/2024 13:36,Sutton on Hull,Tony Coleman,Regular Flavoured iced latte - Hazelnut - 2.75,2.75,CASH,
18/12/2024 13:37,Sutton on Hull,Fred Black,"Regular Speciality Tea - Green - 1.30, Regular Flavoured latte - Gingerbread - 2.55, Large Flavoured iced latte - Vanilla - 3.25, Large Flavoured latte - Caramel - 2.85, Large Flavoured iced latte - Vanilla - 3.25, Regular Flavoured iced latte - Vanilla - 2.75",15.95,CASH,
18/12/2024 13:38,Sutton on Hull,Faye Gin,"Large Speciality Tea - Green - 1.60, Large Speciality Tea - Green - 1.60, Large Speciality Tea - Camomile - 1.60, Regular Cortado - 2.05, Regular Cortado - 2.05",8.9,CARD,7170078555160777
18/12/2024 13:39,Sutton on Hull,Lisa Williams,"Regular Speciality Tea - Green - 1.30, Regular Flavoured iced latte - Hazelnut - 2.75, Large Flavoured hot chocolate - Caramel - 2.90, Large Frappes - Strawberries & Cream - 3.25, Large Flavoured latte - Caramel - 2.85",13.05,CARD,5684478969897290
18/12/2024 13:40,Sutton on Hull,Santiago Smith,Large Frappes - Strawberries & Cream - 3.25,3.25,CARD,4691826475712716
18/12/2024 13:41,Sutton on Hull,Normand Loe,"Large Frappes - Strawberries & Cream - 3.25, Large Flavoured iced latte - Hazelnut - 3.25, Large Flavoured latte - Gingerbread - 2.85, Regular Cortado - 2.05, Large Frappes - Strawberries & Cream - 3.25, Large Flavoured iced latte - Hazelnut - 3.25",17.9,CARD,8522331286564757
18/12/2024 13:42,Sutton on Hull,Dennis Wolfe,Large Flavoured hot chocolate - Caramel - 2.90,2.9,CARD,8922891776405463
18/12/2024 13:43,Sutton on Hull,Sadie Singleton,"Regular Speciality Tea - Green - 1.30, Regular Flavoured latte - Gingerbread - 2.55, Large Speciality Tea - Green - 1.60, Large Flavoured iced latte - Hazelnut - 3.25",8.7,CARD,3683918301791773
18/12/2024 13:44,Sutton on Hull,Janie Smith,"Regular Flavoured iced latte - Hazelnut - 2.75, Large Frappes - Strawberries & Cream - 3.25, Large Cortado - 2.35, Large Flavoured iced latte - Hazelnut - 3.25, Regular Flavoured iced latte - Hazelnut - 2.75",14.35,CARD,9474778944294178
18/12/2024 13:45,Sutton on Hull,Susan Alva,"Large Speciality Tea - Camomile - 1.60, Large Flavoured latte - Gingerbread - 2.85, Large Flavoured latte - Caramel - 2.85, Large Speciality Tea - Camomile - 1.60",8.9,CARD,1438979776647423
18/12/2024 13:46,Sutton on Hull,Irene Orouke,"Regular Speciality Tea - Camomile - 1.30, Regular Frappes - Strawberries & Cream - 2.75, Large Speciality Tea - Camomile - 1.60, Regular Flavoured iced latte - Hazelnut - 2.75",8.4,CARD,1887378466082822
18/12/2024 13:47,Sutton on Hull,Michael Rush,"Large Flavoured latte - Gingerbread - 2.85, Regular Flavoured iced latte - Vanilla - 2.75",5.6,CASH,
18/12/2024 13:48,Sutton on Hull,Judith Osborne,Large Speciality Tea - Green - 1.60,1.6,CARD,7248406905867282
18/12/2024 13:49,Sutton on Hull,Helen Wagner,Regular Flavoured iced latte - Hazelnut - 2.75,2.75,CARD,6345335590898515
18/12/2024 13:50,Sutton on Hull,James Stephenson,"Regular Flavoured latte - Caramel - 2.55, Large Flavoured latte - Caramel - 2.85, Regular Speciality Tea - Camomile - 1.30",6.7,CARD,8538278096481354
18/12/2024 13:51,Sutton on Hull,Andrew Montoya,"Regular Speciality Tea - Camomile - 1.30, Regular Flavoured iced latte - Vanilla - 2.75, Large Flavoured latte - Caramel - 2.85",6.9,CASH,
18/12/2024 13:52,Sutton on Hull,Penny Pickell,Regular Flavoured hot chocolate - Caramel - 2.60,2.6,CARD,3368633401176945
18/12/2024 13:53,Sutton on Hull,Connie Jurist,"Large Flavoured iced latte - Vanilla - 3.25, Regular Speciality Tea - Camomile - 1.30",4.55,CASH,
18/12/2024 13:54,Sutton on Hull,Amy Nelson,"Regular Speciality Tea - Green - 1.30, Regular Frappes - Strawberries & Cream - 2.75, Regular Flavoured latte - Gingerbread - 2.55",6.6,CASH,
18/12/2024 13:56,Sutton on Hull,Robert Windsor,Regular Flavoured iced latte - Hazelnut - 2.75,2.75,CASH,
18/12/2024 13:57,Sutton on Hull,Olga Caserta,"Regular Flavoured iced latte - Vanilla - 2.75, Regular Flavoured latte - Caramel - 2.55, Regular Flavoured latte - Gingerbread - 2.55, Large Speciality Tea - Green - 1.60, Regular Flavoured latte - Caramel - 2.55",12.0,CARD,3838809379034628
18/12/2024 13:58,Sutton on Hull,Erin Bronner,"Large Flavoured iced latte - Vanilla - 3.25, Regular Cortado - 2.05, Large Speciality Tea - Camomile - 1.60",6.9,CASH,
18/12/2024 13:59,Sutton on Hull,Johnny Cleveland,"Regular Speciality Tea - Green - 1.30, Large Speciality Tea - Camomile - 1.60, Large Speciality Tea - Green - 1.60",4.5,CASH,
18/12/2024 14:00,Sutton on Hull,Melanie Lunde,"Regular Flavoured hot chocolate - Caramel - 2.60, Large Speciality Tea - Green - 1.60, Regular Flavoured latte - Gingerbread - 2.55, Large Flavoured latte - Caramel - 2.85",9.6,CARD,2539435188540920
18/12/2024 14:01,Sutton on Hull,Barry Mcnabb,Regular Flavoured latte - Gingerbread - 2.55,2.55,CASH,
18/12/2024 14:02,Sutton on Hull,Jay Pena,Regular Cortado - 2.05,2.05,CARD,6644800733735608
18/12/2024 14:04,Sutton on Hull,Janet Campbell,"Regular Flavoured iced latte - Vanilla - 2.75, Regular Flavoured iced latte - Vanilla - 2.75",5.5,CARD,9941492593118661
18/12/2024 14:05,Sutton on Hull,Martin Mendoza,Regular Flavoured hot chocolate - Caramel - 2.60,2.6,CASH,
18/12/2024 14:06,Sutton on Hull,Jane Solis,"Regular Speciality Tea - Green - 1.30, Large Flavoured latte - Gingerbread - 2.85, Regular Flavoured hot chocolate - Caramel - 2.60",6.75,CARD,2408864550189615
18/12/2024 14:08,Sutton on Hull,Janice Santi,Large Cortado - 2.35,2.35,CARD,6436955411058250
18/12/2024 14:09,Sutton on Hull,Bonnie Miller,Regular Flavoured iced latte - Vanilla - 2.75,2.75,CARD,9728375444374246
18/12/2024 14:11,Sutton on Hull,Christina Fager,Regular Cortado - 2.05,2.05,CARD,5401741730997550
18/12/2024 14:12,Sutton on Hull,Rachel Oconnor,Regular Flavoured latte - Caramel - 2.55,2.55,CASH,
18/12/2024 14:13,Sutton on Hull,Carlos Franks,"Large Flavoured latte - Gingerbread - 2.85, Regular Frappes - Strawberries & Cream - 2.75, Regular Flavoured iced latte - Hazelnut - 2.75",8.35,CASH,
18/12/2024 14:15,Sutton on Hull,Brian Price,Regular Speciality Tea - Green - 1.30,1.3,CARD,3839038884155357
18/12/2024 14:16,Sutton on Hull,Edith Terry,Large Speciality Tea - Camomile - 1.60,1.6,CARD,4346964005171772
18/12/2024 14:17,Sutton on Hull,Clara Christy,Regular Flavoured latte - Caramel - 2.55,2.55,CARD,2846241341454831
18/12/2024 14:19,Sutton on Hull,Ella White,"Regular Cortado - 2.05, Regular Flavoured latte - Caramel - 2.55, Regular Flavoured hot chocolate - Caramel - 2.60",7.2,CARD,7614580312451490
18/12/2024 14:20,Sutton on Hull,Jean Woods,"Regular Flavoured latte - Gingerbread - 2.55, Regular Flavoured iced latte - Vanilla - 2.75, Large Flavoured iced latte - Vanilla - 3.25",8.55,CARD,7755239251869714
18/12/2024 14:21,Sutton on Hull,Bryan Taylor,"Regular Speciality Tea - Green - 1.30, Regular Flavoured iced latte - Vanilla - 2.75, Regular Cortado - 2.05",6.1,CASH,
18/12/2024 14:23,Sutton on Hull,Matthew Schuttler,"Large Flavoured hot chocolate - Caramel - 2.90, Large Frappes - Strawberries & Cream - 3.25, Large Speciality Tea - Green - 1.60, Regular Flavoured latte - Gingerbread - 2.55, Regular Flavoured hot chocolate - Caramel - 2.60",12.9,CARD,4350110500123677
18/12/2024 14:24,Sutton on Hull,Jalisa Frankenfield,"Regular Speciality Tea - Green - 1.30, Regular Frappes - Strawberries & Cream - 2.75, Regular Flavoured iced latte - Vanilla - 2.75, Regular Cortado - 2.05",8.85,CARD,6621491130749281
18/12/2024 14:25,Sutton on Hull,Marvin Rutenberg,Large Speciality Tea - Camomile - 1.60,1.6,CARD,3607416985728422
18/12/2024 14:27,Sutton on Hull,Ruby Simone,"Large Speciality Tea - Camomile - 1.60, Regular Flavoured iced latte - Vanilla - 2.75, Large Flavoured iced latte - Vanilla - 3.25",7.6,CARD,4248162003859393
18/12/2024 14:28,Sutton on Hull,Renee Hunter,"Large Cortado - 2.35, Regular Flavoured hot chocolate - Caramel - 2.60, Regular Flavoured hot chocolate - Caramel - 2.60, Large Flavoured iced latte - Hazelnut - 3.25",10.8,CASH,
18/12/2024 14:29,Sutton on Hull,Barry Townsend,"Regular Cortado - 2.05, Regular Flavoured iced latte - Hazelnut - 2.75, Regular Speciality Tea - Green - 1.30, Regular Flavoured iced latte - Hazelnut - 2.75, Regular Cortado - 2.05",10.9,CARD,1066257392423712
18/12/2024 14:31,Sutton on Hull,Charles Mcdougal,"Large Flavoured iced latte - Hazelnut - 3.25, Regular Flavoured latte - Caramel - 2.55, Regular Frappes - Strawberries & Cream - 2.75",8.55,CARD,8511018732337053
18/12/2024 14:32,Sutton on Hull,Amanda Osborn,Regular Speciality Tea - Green - 1.30,1.3,CASH,
18/12/2024 14:34,Sutton on Hull,Jan Shirley,"Regular Frappes - Strawberries & Cream - 2.75, Regular Flavoured hot chocolate - Caramel - 2.60",5.35,CARD,8519548192886729
18/12/2024 14:35,Sutton on Hull,Priscilla Brady,"Large Cortado - 2.35, Large Flavoured iced latte - Vanilla - 3.25",5.6,CASH,
18/12/2024 14:36,Sutton on Hull,Ella Hu,Large Speciality Tea - Green - 1.60,1.6,CARD,9220223197671278
18/12/2024 14:38,Sutton on Hull,Evelyn Brock,"Regular Flavoured latte - Caramel - 2.55, Regular Frappes - Strawberries & Cream - 2.75",5.3,CARD,6472787991881919
18/12/2024 14:39,Sutton on Hull,Leon Chitty,"Regular Flavoured iced latte - Vanilla - 2.75, Regular Flavoured iced latte - Vanilla - 2.75",5.5,CASH,
18/12/2024 14:40,Sutton on Hull,Gerda Granstrom,"Large Flavoured iced latte - Hazelnut - 3.25, Large Flavoured latte - Caramel - 2.85, Regular Flavoured latte - Gingerbread - 2.55",8.65,CASH,
18/12/2024 14:42,Sutton on Hull,Sarah Autrey,"Large Flavoured latte - Caramel - 2.85, Large Frappes - Strawberries & Cream - 3.25",6.1,CARD,1346640960128561
18/12/2024 14:43,Sutton on Hull,Lou Holmes,Large Speciality Tea - Camomile - 1.60,1.6,CARD,9697066832657769
18/12/2024 14:44,Sutton on Hull,Richard Rempel,Large Flavoured latte - Gingerbread - 2.85,2.85,CASH,
18/12/2024 14:46,Sutton on Hull,Clinton Cantrell,"Regular Cortado - 2.05, Large Flavoured iced latte - Vanilla - 3.25, Large Flavoured iced latte - Vanilla - 3.25",8.55,CASH,
18/12/2024 14:47,Sutton on Hull,Regina Haynes,"Large Flavoured iced latte - Hazelnut - 3.25, Large Flavoured hot chocolate - Caramel - 2.90",6.15,CARD,5295375834290449
18/12/2024 14:48,Sutton on Hull,Kenneth Krikorian,"Large Cortado - 2.35, Regular Flavoured hot chocolate - Caramel - 2.60, Regular Flavoured latte - Gingerbread - 2.55, Large Frappes - Strawberries & Cream - 3.25, Large Frappes - Strawberries & Cream - 3.25",14.0,CARD,3106996273916979
18/12/2024 14:50,Sutton on Hull,Latonya Hernandez,Large Flavoured hot chocolate - Caramel - 2.90,2.9,CARD,9587193099506902
18/12/2024 14:51,Sutton on Hull,Bernard Lewis,"Regular Frappes - Strawberries & Cream - 2.75, Regular Flavoured hot chocolate - Caramel - 2.60, Regular Cortado - 2.05",7.4,CARD,7309479585269716
18/12/2024 14:53,Sutton on Hull,Steven Williams,"Large Flavoured iced latte - Vanilla - 3.25, Regular Flavoured iced latte - Hazelnut - 2.75, Regular Speciality Tea - Camomile - 1.30, Large Cortado - 2.35, Large Frappes - Strawberries & Cream - 3.25",12.9,CARD,2055406749763966
18/12/2024 14:54,Sutton on Hull,Darnell Smith,"Large Speciality Tea - Green - 1.60, Large Speciality Tea - Camomile - 1.60, Regular Flavoured iced latte - Hazelnut - 2.75, Large Speciality Tea - Camomile - 1.60, Large Speciality Tea - Green - 1.60",9.15,CASH,
18/12/2024 14:55,Sutton on Hull,Shannon Duguay,"Large Frappes - Strawberries & Cream - 3.25, Large Flavoured hot chocolate - Caramel - 2.90, Large Flavoured iced latte - Vanilla - 3.25",9.4,CASH,
18/12/2024 14:57,Sutton on Hull,Ashley Payne,"Regular Cortado - 2.05, Regular Speciality Tea - Green - 1.30",3.35,CASH,
18/12/2024 14:58,Sutton on Hull,Josephine Milner,"Large Frappes - Strawberries & Cream - 3.25, Regular Flavoured latte - Gingerbread - 2.55",5.8,CARD,9852548523853397
18/12/2024 14:59,Sutton on Hull,Sean Herrera,"Large Speciality Tea - Green - 1.60, Regular Flavoured hot chocolate - Caramel - 2.60",4.2,CARD,4790685336983290
18/12/2024 15:01,Sutton on Hull,Brian Stanley,"Large Speciality Tea - Camomile - 1.60, Regular Speciality Tea - Green - 1.30, Regular Flavoured iced latte - Hazelnut - 2.75, Large Flavoured hot chocolate - Caramel - 2.90",8.55,CARD,8100544423161333
18/12/2024 15:02,Sutton on Hull,Ken Palacios,"Large Speciality Tea - Camomile - 1.60, Large Speciality Tea - Green - 1.60",3.2,CARD,3618429070081427
18/12/2024 15:03,Sutton on Hull,Rusty Johnson,"Regular Speciality Tea - Green - 1.30, Regular Speciality Tea - Green - 1.30, Regular Flavoured latte - Gingerbread - 2.55",5.15,CARD,6052041330896491
18/12/2024 15:05,Sutton on Hull,Robert Clark,"Regular Flavoured iced latte - Hazelnut - 2.75, Large Speciality Tea - Green - 1.60, Regular Speciality Tea - Green - 1.30, Large Flavoured iced latte - Hazelnut - 3.25, Large Flavoured iced latte - Vanilla - 3.25",12.15,CARD,8690896155662107
18/12/2024 15:06,Sutton on Hull,Warren Ailes,Regular Flavoured latte - Caramel - 2.55,2.55,CARD,7307030648965259
18/12/2024 15:07,Sutton on Hull,Helen Pollard,"Large Flavoured iced latte - Vanilla - 3.25, Regular Frappes - Strawberries & Cream - 2.75, Large Flavoured latte - Caramel - 2.85",8.85,CARD,3905590738132647
18/12/2024 15:08,Sutton on Hull,Lewis Thomas,"Regular Speciality Tea - Green - 1.30, Regular Speciality Tea - Camomile - 1.30, Regular Flavoured latte - Caramel - 2.55",5.15,CARD,5770971469968626
18/12/2024 15:10,Sutton on Hull,Margaret Authement,Large Cortado - 2.35,2.35,CARD,8235996682337861
18/12/2024 15:11,Sutton on Hull,Cherie Siebert,"Regular Flavoured latte - Caramel - 2.55, Regular Flavoured latte - Caramel - 2.55",5.1,CASH,
18/12/2024 15:12,Sutton on Hull,Lewis Coleman,"Large Speciality Tea - Green - 1.60, Large Frappes - Strawberries & Cream - 3.25, Regular Frappes - Strawberries & Cream - 2.75",7.6,CARD,8026744659536674
18/12/2024 15:14,Sutton on Hull,Doyle Mccarty,Regular Flavoured hot chocolate - Caramel - 2.60,2.6,CASH,
18/12/2024 15:15,Sutton on Hull,Julio Anderson,"Large Speciality Tea - Green - 1.60, Regular Speciality Tea - Green - 1.30, Large Cortado - 2.35, Large Cortado - 2.35, Regular Flavoured iced latte - Hazelnut - 2.75",10.35,CARD,4705137557769334
18/12/2024 15:16,Sutton on Hull,Francisco Burk,"Regular Flavoured iced latte - Vanilla - 2.75, Large Speciality Tea - Camomile - 1.60, Regular Flavoured hot chocolate - Caramel - 2.60, Large Frappes - Strawberries & Cream - 3.25",10.2,CARD,7429297220724132
18/12/2024 15:18,Sutton on Hull,Bernard Yuro,Regular Speciality Tea - Camomile - 1.30,1.3,CASH,
18/12/2024 15:19,Sutton on Hull,Timothy Benner,"Regular Flavoured latte - Caramel - 2.55, Regular Speciality Tea - Camomile - 1.30, Large Flavoured hot chocolate - Caramel - 2.90",6.75,CARD,3271594354510314
18/12/2024 15:20,Sutton on Hull,Billy Penn,"Large Flavoured latte - Gingerbread - 2.85, Regular Flavoured latte - Caramel - 2.55, Large Speciality Tea - Green - 1.60, Large Flavoured latte - Caramel - 2.85",9.85,CARD,5586793472923787
18/12/2024 15:21,Sutton on Hull,Eneida Carter,"Regular Frappes - Strawberries & Cream - 2.75, Large Speciality Tea - Camomile - 1.60",4.35,CARD,8518786810654155
18/12/2024 15:23,Sutton on Hull,Kristen Studt,Large Flavoured iced latte - Hazelnut - 3.25,3.25,CARD,5679620035517480
18/12/2024 15:24,Sutton on Hull,Jerry Blakenship,"Regular Flavoured iced latte - Hazelnut - 2.75, Regular Frappes - Strawberries & Cream - 2.75",5.5,CARD,5713921714912185
18/12/2024 15:25,Sutton on Hull,Michael Baker,"Large Flavoured iced latte - Vanilla - 3.25, Regular Cortado - 2.05, Large Speciality Tea - Camomile - 1.60, Regular Flavoured hot chocolate - Caramel - 2.60, Large Flavoured iced latte - Vanilla - 3.25",12.75,CASH,
18/12/2024 15:27,Sutton on Hull,Dale Corradino,"Regular Flavoured latte - Gingerbread - 2.55, Regular Flavoured iced latte - Vanilla - 2.75, Large Flavoured iced latte - Hazelnut - 3.25, Regular Frappes - Strawberries & Cream - 2.75",11.3,CARD,7629873651627630
18/12/2024 15:28,Sutton on Hull,Dawn Kiser,"Regular Flavoured latte - Gingerbread - 2.55, Large Flavoured iced latte - Hazelnut - 3.25, Regular Cortado - 2.05",7.85,CARD,1354861925946240
18/12/2024 15:29,Sutton on Hull,Jennifer Swaim,Regular Speciality Tea - Green - 1.30,1.3,CASH,
18/12/2024 15:31,Sutton on Hull,Troy Strecker,"Regular Flavoured latte - Caramel - 2.55, Large Flavoured iced latte - Hazelnut - 3.25, Large Flavoured iced latte - Hazelnut - 3.25, Regular Flavoured iced latte - Hazelnut - 2.75",11.8,CARD,1170707655209335
18/12/2024 15:32,Sutton on Hull,Sherrie Alloway,"Regular Flavoured iced latte - Hazelnut - 2.75, Large Flavoured iced latte - Hazelnut - 3.25, Regular Flavoured latte - Caramel - 2.55, Regular Flavoured iced latte - Vanilla - 2.75",11.3,CARD,9633943064179021
18/12/2024 15:33,Sutton on Hull,Michael Elwell,"Regular Flavoured hot chocolate - Caramel - 2.60, Regular Flavoured iced latte - Hazelnut - 2.75, Large Flavoured hot chocolate - Caramel - 2.90, Regular Flavoured latte - Gingerbread - 2.55",10.8,CARD,3888490514694633
18/12/2024 15:34,Sutton on Hull,Stella Bess,"Large Frappes - Strawberries & Cream - 3.25, Regular Flavoured iced latte - Vanilla - 2.75",6.0,CARD,9912123178090423
18/12/2024 15:36,Sutton on Hull,Theodore Vanstee,"Regular Flavoured iced latte - Vanilla - 2.75, Regular Flavoured iced latte - Vanilla - 2.75, Regular Flavoured latte - Caramel - 2.55",8.05,CARD,1835667599987147
18/12/2024 15:37,Sutton on Hull,Willie Hutter,"Regular Speciality Tea - Green - 1.30, Large Speciality Tea - Green - 1.60, Large Flavoured latte - Caramel - 2.85, Regular Flavoured hot chocolate - Caramel - 2.60, Regular Cortado - 2.05, Large Flavoured latte - Caramel - 2.85",13.25,CASH,
18/12/2024 15:38,Sutton on Hull,Jared Mccrudden,Regular Speciality Tea - Camomile - 1.30,1.3,CARD,2008017795463641
18/12/2024 15:40,Sutton on Hull,Audrey Hunt,Large Flavoured latte - Caramel - 2.85,2.85,CARD,8234999557965286
18/12/2024 15:41,Sutton on Hull,Donald Richardson,Regular Frappes - Strawberries & Cream - 2.75,2.75,CARD,5021567766229148
18/12/2024 15:42,Sutton on Hull,Matthew Allen,"Regular Speciality Tea - Green - 1.30, Large Speciality Tea - Green - 1.60, Regular Flavoured latte - Caramel - 2.55, Large Speciality Tea - Green - 1.60",7.05,CARD,4355762764315273
18/12/2024 15:44,Sutton on Hull,Yolanda Kincaid,"Regular Speciality Tea - Camomile - 1.30, Regular Cortado - 2.05, Large Cortado - 2.35",5.7,CASH,
18/12/2024 15:45,Sutton on Hull,Tanya Franklin,Large Cortado - 2.35,2.35,CASH,
18/12/2024 15:46,Sutton on Hull,Kenneth Wright,"Large Flavoured hot chocolate - Caramel - 2.90, Regular Speciality Tea - Camomile - 1.30, Regular Frappes - Strawberries & Cream - 2.75, Regular Cortado - 2.05",9.0,CARD,6528067581910586
18/12/2024 15:47,Sutton on Hull,Vicki Diaz,Regular Flavoured latte - Caramel - 2.55,2.55,CASH,
18/12/2024 15:49,Sutton on Hull,Wm Bowers,"Large Speciality Tea - Green - 1.60, Regular Flavoured iced latte - Hazelnut - 2.75, Large Flavoured latte - Caramel - 2.85, Large Frappes - Strawberries & Cream - 3.25",10.45,CARD,2591654976982113
18/12/2024 15:50,Sutton on Hull,Brandy Blum,Large Speciality Tea - Green - 1.60,1.6,CARD,9662839687252213
18/12/2024 15:51,Sutton on Hull,Kenneth Greene,"Regular Speciality Tea - Camomile - 1.30, Regular Flavoured latte - Gingerbread - 2.55, Regular Flavoured hot chocolate - Caramel - 2.60",6.45,CASH,
18/12/2024 15:53,Sutton on Hull,Vicki Nickerson,"Large Flavoured latte - Gingerbread - 2.85, Large Flavoured latte - Gingerbread - 2.85, Large Speciality Tea - Camomile - 1.60, Large Speciality Tea - Green - 1.60, Large Cortado - 2.35, Regular Flavoured latte - Caramel - 2.55",13.8,CARD,8605208213427489
18/12/2024 15:54,Sutton on Hull,Dessie Seith,"Large Frappes - Strawberries & Cream - 3.25, Regular Flavoured hot chocolate - Caramel - 2.60, Large Frappes - Strawberries & Cream - 3.25, Regular Flavoured latte - Caramel - 2.55",11.65,CARD,8696277346405259
18/12/2024 15:55,Sutton on Hull,Matthew Gaines,"Large Flavoured hot chocolate - Caramel - 2.90, Regular Cortado - 2.05",4.95,CARD,5135949022002666
18/12/2024 15:57,Sutton on Hull,Ann Ricks,"Regular Flavoured iced latte - Hazelnut - 2.75, Large Frappes - Strawberries & Cream - 3.25",6.0,CARD,6594485867599277
18/12/2024 15:58,Sutton on Hull,Paulette Birden,"Large Flavoured latte - Gingerbread - 2.85, Regular Flavoured iced latte - Vanilla - 2.75, Large Flavoured iced latte - Vanilla - 3.25, Regular Flavoured latte - Caramel - 2.55, Large Cortado - 2.35",13.75,CASH,
18/12/2024 15:59,Sutton on Hull,Marilyn Makowski,Large Frappes - Strawberries & Cream - 3.25,3.25,CARD,4621551375048654
18/12/2024 16:00,Sutton on Hull,Walter Hibbler,"Large Frappes - Strawberries & Cream - 3.25, Regular Speciality Tea - Camomile - 1.30",4.55,CARD,6393601077520736
18/12/2024 16:02,Sutton on Hull,Felisha Sellers,"Large Flavoured hot chocolate - Caramel - 2.90, Large Flavoured latte - Gingerbread - 2.85",5.75,CARD,6363895244053890
18/12/2024 16:04,Sutton on Hull,Kenneth Townsend,"Large Flavoured latte - Caramel - 2.85, Regular Flavoured iced latte - Hazelnut - 2.75",5.6,CARD,2348877129419680
18/12/2024 16:06,Sutton on Hull,Kathryn Streeter,"Regular Speciality Tea - Green - 1.30, Regular Flavoured latte - Gingerbread - 2.55, Regular Flavoured latte - Caramel - 2.55",6.4,CARD,8610401319606355
18/12/2024 16:08,Sutton on Hull,Tom Tobin,"Large Frappes - Strawberries & Cream - 3.25, Regular Flavoured hot chocolate - Caramel - 2.60, Regular Flavoured hot chocolate - Caramel - 2.60, Regular Frappes - Strawberries & Cream - 2.75, Large Cortado - 2.35",13.55,CASH,
18/12/2024 16:10,Sutton on Hull,Rachel Woodcock,Regular Speciality Tea - Camomile - 1.30,1.3,CARD,4017610574823024
18/12/2024 16:12,Sutton on Hull,Fernando Evans,"Large Flavoured hot chocolate - Caramel - 2.90, Large Cortado - 2.35, Regular Flavoured iced latte - Hazelnut - 2.75, Regular Flavoured latte - Gingerbread - 2.55",10.55,CASH,
18/12/2024 16:14,Sutton on Hull,David Covington,"Regular Flavoured iced latte - Vanilla - 2.75, Large Flavoured latte - Gingerbread - 2.85",5.6,CASH,
18/12/2024 16:15,Sutton on Hull,Tracey Murphy,"Regular Flavoured iced latte - Vanilla - 2.75, Regular Flavoured iced latte - Hazelnut - 2.75, Regular Speciality Tea - Camomile - 1.30, Large Frappes - Strawberries & Cream - 3.25",10.05,CARD,8010299637028414
18/12/2024 16:17,Sutton on Hull,Esta Lozada,"Large Flavoured iced latte - Hazelnut - 3.25, Regular Frappes - Strawberries & Cream - 2.75, Large Flavoured latte - Caramel - 2.85, Regular Flavoured hot chocolate - Caramel - 2.60, Regular Flavoured latte - Caramel - 2.55, Regular Flavoured iced latte - Hazelnut - 2.75",16.75,CARD,8090337029433372
18/12/2024 16:19,Sutton on Hull,Charles Rothhaupt,"Regular Flavoured iced latte - Hazelnut - 2.75, Regular Cortado - 2.05",4.8,CARD,5896762937868640
18/12/2024 16:21,Sutton on Hull,Keith Nieves,"Regular Cortado - 2.05, Regular Speciality Tea - Green - 1.30",3.35,CASH,
18/12/2024 16:23,Sutton on Hull,David Reyes,Regular Flavoured iced latte - Hazelnut - 2.75,2.75,CARD,1284454156404266
18/12/2024 16:25,Sutton on Hull,Margaret Howard,"Regular Flavoured latte - Gingerbread - 2.55, Large Speciality Tea - Green - 1.60, Large Flavoured hot chocolate - Caramel - 2.90",7.05,CASH,
18/12/2024 16:27,Sutton on Hull,Jay Bumbrey,Large Speciality Tea - Green - 1.60,1.6,CARD,5952608283543801
18/12/2024 16:28,Sutton on Hull,James Foreman,"Large Cortado - 2.35, Regular Speciality Tea - Green - 1.30",3.65,CARD,7996096588551182
18/12/2024 16:30,Sutton on Hull,Wendy Bailey,Large Speciality Tea - Green - 1.60,1.6,CASH,
18/12/2024 16:32,Sutton on Hull,Lloyd Wallace,"Regular Flavoured latte - Gingerbread - 2.55, Large Flavoured hot chocolate - Caramel - 2.90, Regular Frappes - Strawberries & Cream - 2.75, Large Speciality Tea - Camomile - 1.60",9.8,CARD,4967059030331389
18/12/2024 16:34,Sutton on Hull,William Bunting,"Large Flavoured latte - Gingerbread - 2.85, Large Cortado - 2.35, Regular Speciality Tea - Camomile - 1.30",6.5,CARD,3335670837720930
18/12/2024 16:36,Sutton on Hull,Molly Miller,"Large Flavoured iced latte - Vanilla - 3.25, Large Flavoured iced latte - Hazelnut - 3.25, Large Flavoured iced latte - Vanilla - 3.25, Regular Cortado - 2.05",11.8,CARD,4223329942997033
18/12/2024 16:38,Sutton on Hull,Vivian Newport,"Large Flavoured latte - Gingerbread - 2.85, Regular Flavoured iced latte - Hazelnut - 2.75, Large Cortado - 2.35, Regular Flavoured hot chocolate - Caramel - 2.60, Regular Flavoured iced latte - Hazelnut - 2.75, Large Speciality Tea - Camomile - 1.60",14.9,CARD,8275699523892377
18/12/2024 16:40,Sutton on Hull,Brandie Beck,"Regular Cortado - 2.05, Large Speciality Tea - Camomile - 1.60",3.65,CASH,
18/12/2024 16:42,Sutton on Hull,Marla Garcia,"Regular Flavoured iced latte - Hazelnut - 2.75, Regular Flavoured iced latte - Hazelnut - 2.75",5.5,CARD,6682025144005806
18/12/2024 16:43,Sutton on Hull,Elias Wright,"Large Flavoured latte - Caramel - 2.85, Large Flavoured iced latte - Hazelnut - 3.25, Large Speciality Tea - Green - 1.60",7.7,CARD,5797188011225423
18/12/2024 16:45,Sutton on Hull,John Jenkins,"Large Flavoured iced latte - Vanilla - 3.25, Large Frappes - Strawberries & Cream - 3.25, Large Flavoured hot chocolate - Caramel - 2.90",9.4,CARD,1594352969105768
18/12/2024 16:47,Sutton on Hull,Jocelyn Mooney,"Large Flavoured hot chocolate - Caramel - 2.90, Large Speciality Tea - Camomile - 1.60",4.5,CARD,8644036913233345
18/12/2024 16:49,Sutton on Hull,Marianne Halliburton,"Large Flavoured iced latte - Vanilla - 3.25, Large Flavoured iced latte - Hazelnut - 3.25, Regular Flavoured latte - Caramel - 2.55, Large Speciality Tea - Green - 1.60, Regular Speciality Tea - Camomile - 1.30",11.95,CARD,2987937721911684
18/12/2024 16:51,Sutton on Hull,Elba Jacobs,"Large Flavoured latte - Gingerbread - 2.85, Regular Flavoured iced latte - Hazelnut - 2.75, Large Flavoured iced latte - Vanilla - 3.25",8.85,CARD,4608171720643871
18/12/2024 16:53,Sutton on Hull,Ashley Sweet,Large Cortado - 2.35,2.35,CARD,2450343866936408
18/12/2024 16:55,Sutton on Hull,Sarah Rolf,"Regular Flavoured latte - Gingerbread - 2.55, Large Cortado - 2.35, Large Flavoured latte - Gingerbread - 2.85, Large Speciality Tea - Green - 1.60",9.35,CARD,8563493650113338
18/12/2024 16:56,Sutton on Hull,Alex Jordon,Large Speciality Tea - Green - 1.60,1.6,CARD,8789619493099271
18/12/2024 16:58,Sutton on Hull,Rose Beaty,Regular Frappes - Strawberries & Cream - 2.75,2.75,CARD,2179225237959850
